DATE,OPEN,HIGH,LOW,CLOSE,VOLUME,MA50
2000-06-28,7.0370,7.0370,6.9300,6.9300,2.327,
2000-06-29,6.8231,6.8963,6.8231,6.8963,0.373,
2000-06-30,6.8625,7.1777,6.8625,7.1777,0.213,
2000-07-03,7.1777,7.1777,7.0370,7.1045,0.047,
2000-07-05,7.0370,7.1045,7.0370,7.0708,0.091,
2000-07-06,7.0370,7.1777,7.0032,7.1045,0.176,
2000-07-07,7.0370,7.2509,7.0370,7.2115,0.131,
2000-07-10,7.1777,7.2847,7.1777,7.2509,0.096,
2000-07-11,7.1777,7.1777,7.1045,7.1045,0.064,
2000-07-12,7.1045,7.2847,7.1045,7.2847,0.082,
2000-07-13,7.2509,7.2509,7.2509,7.2509,0.044,
2000-07-14,7.2115,7.2847,7.2115,7.2509,0.063,
2000-07-17,7.2509,7.2509,7.1777,7.2115,0.051,
2000-07-18,7.1440,7.2115,7.1045,7.1777,0.014,
2000-07-19,7.1777,7.1777,7.0708,7.0708,0.048,
2000-07-20,7.1440,7.1440,7.1045,7.1440,0.017,
2000-07-21,7.1045,7.1777,7.1045,7.1777,0.037,
2000-07-24,7.1777,7.1777,7.1045,7.1440,0.047,
2000-07-25,7.1045,7.1045,7.0370,7.0708,0.012,
2000-07-26,7.1045,7.1440,7.0708,7.1440,0.048,
2000-07-27,7.1440,7.2115,7.1045,7.2115,0.061,
2000-07-28,7.1777,7.2115,7.1045,7.1045,0.036,
2000-07-31,7.1045,7.1045,7.0708,7.0708,0.027,
2000-08-01,7.0708,7.1440,7.0708,7.1045,0.039,
2000-08-02,7.1440,7.1777,7.1045,7.1777,0.046,
2000-08-03,7.1045,7.1777,7.1045,7.1777,0.065,
2000-08-04,7.1440,7.3185,7.1440,7.3185,0.242,
2000-08-07,7.3185,7.5999,7.3185,7.5324,0.219,
2000-08-08,7.4930,7.7407,7.4930,7.7407,0.060,
2000-08-09,7.8139,7.8139,7.7069,7.7069,0.015,
2000-08-10,7.7069,7.7069,7.5999,7.5999,0.015,
2000-08-11,7.7069,7.8814,7.7069,7.7407,0.020,
2000-08-14,7.8139,7.8814,7.8139,7.8814,0.023,
2000-08-15,7.8477,7.8814,7.8477,7.8477,0.032,
2000-08-16,7.8814,7.8814,7.8477,7.8477,0.025,
2000-08-17,7.8814,8.1291,7.8814,8.0559,0.049,
2000-08-18,8.0222,8.1291,8.0222,8.0222,0.049,
2000-08-21,8.0954,8.0954,8.0559,8.0559,0.007,
2000-08-22,8.0954,8.1629,8.0559,8.1629,0.045,
2000-08-23,8.1629,8.2305,8.1629,8.1967,0.009,
2000-08-24,8.3036,8.4444,8.3036,8.3768,0.036,
2000-08-25,8.3768,8.3768,8.3768,8.3768,0.005,
2000-08-28,8.3768,8.3768,8.3036,8.3768,0.010,
2000-08-29,8.3768,8.3768,8.3768,8.3768,0.020,
2000-08-30,8.3036,8.3036,8.2699,8.2699,0.008,
2000-08-31,8.2305,8.2305,8.1629,8.2305,0.010,
2000-09-01,8.1629,8.1629,8.1629,8.1629,0.001,
2000-09-05,8.0954,8.0954,8.0954,8.0954,0.000,
2000-09-06,8.2305,8.2305,8.1629,8.1629,0.012,
2000-09-07,8.2305,8.4444,8.2305,8.3768,0.038,7.563
2000-09-08,8.3036,8.3036,8.1629,8.2305,0.015,7.589
2000-09-11,8.1967,8.3036,8.1967,8.2699,0.002,7.616
2000-09-12,8.3036,8.3768,8.3036,8.3036,0.006,7.639
2000-09-13,8.2305,8.3036,8.2305,8.3036,0.009,7.663
2000-09-14,8.3036,8.3036,8.2699,8.3036,0.013,7.687
2000-09-15,8.3036,8.3036,8.2699,8.3036,0.012,7.711
2000-09-18,8.3036,8.3036,8.2305,8.3036,0.017,7.733
2000-09-19,8.3036,8.3036,8.2305,8.2305,0.008,7.753
2000-09-20,8.2305,8.2305,8.0222,8.1291,0.024,7.773
2000-09-21,8.0222,8.0954,7.8814,7.9884,0.043,7.787
2000-09-22,7.9152,7.9490,7.7407,7.9490,0.045,7.801
2000-09-25,7.9152,8.0222,7.9152,8.0222,0.021,7.817
2000-09-26,7.9490,8.0222,7.9490,8.0222,0.042,7.833
2000-09-27,7.9490,7.9490,7.9490,7.9490,0.007,7.848
2000-09-28,7.9884,8.1629,7.9884,8.0954,0.038,7.869
2000-09-29,8.0954,8.0954,8.0954,8.0954,0.001,7.888
2000-10-02,8.1629,8.1629,8.0559,8.0954,0.008,7.906
2000-10-03,8.0954,8.0954,8.0222,8.0222,0.005,7.924
2000-10-04,8.0222,8.0222,8.0222,8.0222,0.000,7.943
2000-10-05,8.0222,8.0222,7.9884,7.9884,0.002,7.960
2000-10-06,8.0559,8.0559,7.8814,7.8814,0.016,7.973
2000-10-09,7.8814,7.8814,7.7407,7.8139,0.009,7.987
2000-10-10,7.8139,7.8814,7.8139,7.8814,0.024,8.004
2000-10-11,7.7407,7.7407,7.6675,7.6675,0.029,8.015
2000-10-12,7.7407,7.7407,7.3860,7.3860,0.031,8.019
2000-10-13,7.4592,7.7407,7.3185,7.7407,0.016,8.030
2000-10-16,7.7407,7.7407,7.7407,7.7407,0.006,8.039
2000-10-17,7.5999,7.5999,7.5999,7.5999,0.002,8.040
2000-10-18,7.5999,7.6675,7.5999,7.5999,0.003,8.037
2000-10-19,7.5324,7.5324,7.5324,7.5324,0.001,8.034
2000-10-20,7.6675,7.6675,7.6675,7.6675,0.006,8.035
2000-10-23,7.6337,7.7407,7.6337,7.7407,0.024,8.035
2000-10-24,7.7069,7.7069,7.7069,7.7069,0.000,8.032
2000-10-25,7.6675,7.6675,7.6675,7.6675,0.002,8.028
2000-10-26,7.6675,7.8814,7.6675,7.8814,0.013,8.029
2000-10-27,7.9490,8.2305,7.9490,8.1967,0.042,8.032
2000-10-30,8.1629,8.3036,8.1629,8.2305,0.015,8.036
2000-10-31,8.2305,8.2699,8.2305,8.2699,0.010,8.040
2000-11-01,8.3595,8.5011,8.3595,8.4331,0.071,8.045
2000-11-02,8.4331,8.5011,8.4331,8.5011,0.004,8.051
2000-11-03,8.5691,8.5691,8.5691,8.5691,0.000,8.055
2000-11-06,8.5351,8.5351,8.5351,8.5351,0.005,8.058
2000-11-07,8.6428,8.6428,8.5011,8.5011,0.026,8.061
2000-11-08,8.4671,8.4671,8.4671,8.4671,0.003,8.063
2000-11-09,8.3595,8.3595,8.3595,8.3595,0.006,8.065
2000-11-10,8.2858,8.3935,8.2178,8.2178,0.006,8.064
2000-11-13,8.1838,8.1838,8.1838,8.1838,0.002,8.065
2000-11-14,8.2858,8.4671,8.2858,8.4671,0.005,8.072
2000-11-15,8.4671,8.6428,8.4671,8.6428,0.053,8.082
2000-11-16,8.3595,8.5011,8.2858,8.3595,0.021,8.081
2000-11-17,8.2178,8.2178,7.6510,7.6850,0.180,8.070
2000-11-20,7.7190,7.7927,7.6510,7.6850,0.020,8.059
2000-11-21,7.6510,7.6850,7.6510,7.6510,0.006,8.046
2000-11-22,7.6510,7.6510,7.4357,7.4357,0.024,8.028
2000-11-24,7.5093,7.5093,7.5093,7.5093,0.000,8.012
2000-11-27,7.5830,7.6510,7.5830,7.6510,0.009,7.999
2000-11-28,7.6510,7.6510,7.6510,7.6510,0.004,7.986
2000-11-29,7.6850,7.6850,7.5093,7.5830,0.032,7.973
2000-11-30,7.6510,7.6510,7.4753,7.5093,0.009,7.961
2000-12-01,7.5830,7.5830,7.5830,7.5830,0.017,7.953
2000-12-04,7.6170,7.6850,7.5830,7.6850,0.013,7.948
2000-12-05,7.5830,7.6510,7.5830,7.6170,0.041,7.940
2000-12-06,7.6510,8.0024,7.6510,7.7190,0.027,7.933
2000-12-07,7.7927,7.7927,7.7190,7.7190,0.004,7.929
2000-12-08,7.7927,7.9684,7.7927,7.9684,0.034,7.926
2000-12-11,8.0024,8.0761,8.0024,8.0024,0.029,7.924
2000-12-12,7.9344,8.0761,7.8664,8.0761,0.039,7.924
2000-12-13,8.0024,8.0024,7.9344,8.0024,0.159,7.924
2000-12-14,8.0761,8.0761,8.0761,8.0761,0.016,7.925
2000-12-15,8.0761,8.0761,7.9344,7.9344,0.092,7.924
2000-12-18,7.9344,8.1498,7.9344,8.1498,0.117,7.929
2000-12-19,8.1498,8.3595,7.9004,8.0761,0.032,7.934
2000-12-20,8.0761,8.1101,7.9344,8.1101,0.008,7.939
2000-12-21,8.1498,8.2178,8.1498,8.1498,0.072,7.949
2000-12-22,8.2178,8.5011,8.2178,8.4671,0.010,7.970
2000-12-26,8.3595,8.4331,8.3595,8.3595,0.009,7.983
2000-12-27,8.3595,8.4671,8.3595,8.4331,0.013,7.996
2000-12-28,8.5011,8.9999,8.5011,8.8525,0.019,8.021
2000-12-29,8.8525,9.0679,8.8185,8.9262,0.097,8.048
2001-01-02,8.8525,8.8525,8.4331,8.5691,0.047,8.069
2001-01-03,8.5011,9.0679,8.4331,8.9262,0.060,8.094
2001-01-04,8.9262,9.0679,8.9262,9.0339,0.074,8.120
2001-01-05,8.9602,8.9999,8.8525,8.9262,0.060,8.144
2001-01-08,8.8922,8.9999,8.8922,8.9262,0.026,8.169
2001-01-09,8.8525,9.0339,8.8525,8.9999,0.056,8.192
2001-01-10,8.9262,8.9999,8.8922,8.9262,0.017,8.206
2001-01-11,8.8922,8.9999,8.8922,8.9262,0.020,8.220
2001-01-12,8.8525,8.9602,8.8525,8.8922,0.044,8.233
2001-01-16,8.9602,9.0679,8.8922,8.9999,0.035,8.244
2001-01-17,9.1359,9.1359,9.1019,9.1019,0.029,8.256
2001-01-18,9.0679,9.0679,9.0679,9.0679,0.003,8.266
2001-01-19,9.0679,9.1019,9.0679,9.0679,0.036,8.277
2001-01-22,9.0679,9.0679,9.0679,9.0679,0.002,8.288
2001-01-23,9.1019,9.3172,9.1019,9.2832,0.033,8.304
2001-01-24,9.3513,9.5666,9.3513,9.4589,0.090,8.326
2001-01-25,9.3513,9.4929,9.3513,9.4929,0.096,8.352
2001-01-26,9.4929,9.4929,9.4193,9.4929,0.058,8.378
2001-01-29,9.4929,9.4929,9.4363,9.4929,0.038,8.398
2001-01-30,9.4929,9.4929,9.4816,9.4929,0.014,8.415
2001-01-31,9.4929,9.7763,9.4929,9.6346,0.102,8.441
2001-02-01,9.6343,9.8338,9.5773,9.6913,0.074,8.481
2001-02-02,9.7483,10.1360,9.7483,10.1360,0.530,8.530
2001-02-05,10.1360,10.2614,9.9763,10.1303,0.187,8.580
2001-02-06,10.1474,10.2215,10.1474,10.2044,0.070,8.635
2001-02-07,10.2044,10.2101,10.1645,10.2044,0.043,8.689
2001-02-08,10.2329,10.2329,10.1474,10.1474,0.049,8.739
2001-02-09,10.0904,10.2614,10.0904,10.2614,0.024,8.791
2001-02-12,10.2044,10.2614,10.1759,10.2614,0.013,8.845
2001-02-13,10.2329,10.3754,10.2329,10.3241,0.051,8.901
2001-02-14,10.2614,10.3241,10.2443,10.2500,0.006,8.954
2001-02-15,10.2329,10.6604,10.2329,10.5521,0.027,9.012
2001-02-16,10.4039,10.6319,10.4039,10.6319,0.028,9.072
2001-02-20,10.7459,10.8258,10.5293,10.5350,0.018,9.128
2001-02-21,10.6319,10.6319,10.2614,10.3412,0.026,9.181
2001-02-22,10.3412,10.4666,10.3412,10.3754,0.015,9.229
2001-02-23,10.2728,10.6604,10.2728,10.5749,0.016,9.280
2001-02-26,10.6034,10.6034,10.5464,10.5464,0.003,9.330
2001-02-27,10.5464,10.5464,10.4438,10.4438,0.002,9.379
2001-02-28,10.6034,10.6034,10.3469,10.3469,0.008,9.424
2001-03-01,10.3754,10.4324,10.3754,10.4324,0.002,9.474
2001-03-02,10.3754,10.4552,10.2044,10.4552,0.018,9.520
2001-03-05,10.4894,10.4894,10.3754,10.3754,0.006,9.566
2001-03-06,10.3754,10.3754,10.3754,10.3754,0.001,9.611
2001-03-07,10.3754,10.4039,10.3754,10.3754,0.002,9.656
2001-03-08,10.3754,10.4780,10.3754,10.4039,0.008,9.695
2001-03-09,10.4609,10.4609,10.4039,10.4039,0.002,9.735
2001-03-12,10.4666,10.4666,10.3754,10.4438,0.009,9.776
2001-03-13,10.3754,10.3754,10.3754,10.3754,0.008,9.806
2001-03-14,10.3754,10.3754,10.3754,10.3754,0.009,9.835
2001-03-15,10.3754,10.4609,10.3184,10.4609,0.037,9.873
2001-03-16,10.4723,10.4723,10.4210,10.4210,0.001,9.903
2001-03-19,10.3754,10.4780,10.3754,10.4324,0.008,9.931
2001-03-20,10.4837,10.5464,10.4324,10.5464,0.004,9.963
2001-03-21,10.7459,10.7459,10.4894,10.5464,0.009,9.996
2001-03-22,10.4951,10.4951,10.2614,10.4609,0.062,10.025
2001-03-23,10.4039,10.4324,10.4039,10.4324,0.003,10.055
2001-03-26,10.4324,10.4324,10.3982,10.3982,0.002,10.084
2001-03-27,10.4324,10.6319,10.4324,10.6319,0.015,10.119
2001-03-28,10.5464,10.6604,10.5464,10.5464,0.008,10.150
2001-03-29,10.5464,10.6034,10.5464,10.6034,0.009,10.180
2001-03-30,10.5464,10.6034,10.5464,10.5464,0.060,10.210
2001-04-02,10.4324,10.4324,10.3754,10.4324,0.002,10.237
2001-04-03,10.3754,10.3754,10.2044,10.3754,0.023,10.263
2001-04-04,10.3184,10.3184,10.2044,10.2614,0.008,10.283
2001-04-05,10.2614,10.2614,10.2614,10.2614,0.000,10.299
2001-04-06,10.2614,10.3754,10.2614,10.3298,0.008,10.315
2001-04-09,10.2899,10.2899,10.2614,10.2614,0.004,10.331
2001-04-10,10.2614,10.3184,10.2614,10.3184,0.003,10.347
2001-04-11,10.2614,10.2614,10.2614,10.2614,0.061,10.363
2001-04-12,10.2728,10.3754,10.2728,10.3754,0.001,10.378
2001-04-16,10.3754,10.6889,10.3754,10.6718,0.008,10.397
2001-04-17,10.6889,10.7345,10.5464,10.6889,0.109,10.408
2001-04-18,10.6889,10.6889,10.6091,10.6832,0.005,10.419
2001-04-19,10.6832,10.7402,10.6205,10.6205,0.003,10.428
2001-04-20,10.5464,10.5464,10.3982,10.5464,0.008,10.434
2001-04-23,10.4324,10.4324,10.4324,10.4324,0.002,10.440
2001-04-24,10.5179,10.5749,10.5179,10.5749,0.001,10.446
2001-04-25,10.4324,10.4324,10.4039,10.4039,0.000,10.449
2001-04-26,10.2614,10.2614,10.1474,10.2614,0.009,10.448
2001-04-27,10.1474,10.1816,10.0333,10.0333,0.005,10.444
2001-04-30,10.0333,10.0447,9.6913,9.9763,0.036,10.432
2001-05-01,9.8623,9.9763,9.8623,9.9763,0.019,10.419
2001-05-02,9.9763,10.0219,9.9763,10.0219,0.035,10.409
2001-05-03,10.0964,10.1537,10.0447,10.0447,0.001,10.403
2001-05-04,10.0390,10.0964,10.0390,10.0964,0.001,10.397
2001-05-07,10.1021,10.2513,10.1021,10.2513,0.009,10.391
2001-05-08,10.2685,10.3201,10.2513,10.2972,0.001,10.386
2001-05-09,10.2111,10.3258,10.2111,10.2168,0.006,10.381
2001-05-10,10.0964,10.2111,10.0964,10.2111,0.001,10.379
2001-05-11,10.2685,10.3258,10.2685,10.3258,0.004,10.376
2001-05-14,10.2685,10.3201,10.1537,10.2111,0.012,10.372
2001-05-15,10.2685,10.4693,10.2685,10.3832,0.010,10.372
2001-05-16,10.3832,10.3832,10.3832,10.3832,0.018,10.372
2001-05-17,10.3258,10.3258,10.3258,10.3258,0.000,10.371
2001-05-18,10.3258,10.3258,10.3258,10.3258,0.000,10.369
2001-05-21,10.2972,10.3029,10.2972,10.3029,0.001,10.367
2001-05-22,10.3258,10.5037,10.3258,10.5037,0.037,10.368
2001-05-23,10.4693,10.4693,10.3832,10.3832,0.026,10.369
2001-05-24,10.3832,10.5553,10.3832,10.4406,0.014,10.370
2001-05-25,10.4406,10.5840,10.4406,10.5553,0.011,10.372
2001-05-29,10.5840,10.6127,10.5840,10.6127,0.003,10.376
2001-05-30,10.5553,10.5553,10.4979,10.4979,0.003,10.377
2001-05-31,10.4979,10.4979,10.4119,10.4119,0.011,10.374
2001-06-01,10.3545,10.4291,10.3545,10.3832,0.001,10.371
2001-06-04,10.4406,10.4979,10.4406,10.4693,0.008,10.371
2001-06-05,10.4979,10.4979,10.4807,10.4979,0.010,10.373
2001-06-06,10.4693,10.4693,10.4693,10.4693,0.003,10.374
2001-06-07,10.4693,10.4693,10.3258,10.3258,0.025,10.368
2001-06-08,10.3832,10.4979,10.3832,10.4291,0.013,10.365
2001-06-11,10.4693,10.4922,10.4693,10.4693,0.011,10.363
2001-06-12,10.4693,10.4693,10.4693,10.4693,0.002,10.361
2001-06-13,10.3832,10.4119,10.3832,10.4119,0.002,10.361
2001-06-14,10.3258,10.3258,10.3258,10.3258,0.000,10.360
2001-06-15,10.3258,10.3258,10.3258,10.3258,0.000,10.361
2001-06-18,10.2972,10.2972,10.2972,10.2972,0.004,10.362
2001-06-19,10.3545,10.4693,10.3545,10.4406,0.018,10.364
2001-06-20,10.4406,10.4406,10.3258,10.3258,0.007,10.365
2001-06-21,10.3258,10.3258,10.3258,10.3258,0.000,10.365
2001-06-22,10.3832,10.3832,10.2398,10.2398,0.012,10.365
2001-06-25,10.2398,10.2685,10.1996,10.2398,0.021,10.362
2001-06-26,10.2398,10.2799,10.1824,10.2799,0.045,10.355
2001-06-27,10.2111,10.2111,10.2111,10.2111,0.001,10.345
2001-06-28,10.2111,10.2972,10.1537,10.2111,0.049,10.336
2001-06-29,10.4119,10.4119,9.8095,9.8095,0.039,10.319
2001-07-02,9.9243,10.2685,9.9243,10.2685,0.045,10.314
2001-07-03,10.3258,10.3258,10.2685,10.2685,0.001,10.310
2001-07-05,10.2111,10.3258,10.2111,10.2685,0.021,10.304
2001-07-06,10.2111,10.2111,10.2111,10.2111,0.001,10.300
2001-07-09,10.1824,10.3258,10.1824,10.3258,0.021,10.302
2001-07-10,10.3258,10.4406,10.3258,10.4406,0.040,10.310
2001-07-11,10.3545,10.3832,10.3545,10.3832,0.003,10.318
2001-07-12,10.3832,10.4348,10.3258,10.3832,0.009,10.326
2001-07-13,10.4348,10.4406,10.3832,10.4119,0.005,10.334
2001-07-16,10.4406,10.4693,10.3832,10.4635,0.018,10.342
2001-07-17,10.4635,10.4979,10.4578,10.4979,0.006,10.350
2001-07-18,10.4979,10.5438,10.4979,10.5438,0.007,10.356
2001-07-19,10.6127,10.9282,10.6127,10.8995,0.047,10.368
2001-07-20,10.8995,10.9052,10.8421,10.8479,0.007,10.381
2001-07-23,10.8995,10.8995,10.8421,10.8421,0.002,10.394
2001-07-24,10.7848,10.7848,10.6987,10.6987,0.013,10.401
2001-07-25,10.6987,10.6987,10.6413,10.6413,0.004,10.410
2001-07-26,10.6184,10.7848,10.6184,10.7618,0.025,10.417
2001-07-27,10.7274,10.8995,10.7274,10.8995,0.044,10.427
2001-07-30,10.7848,10.8995,10.7848,10.8995,0.010,10.439
2001-07-31,10.8995,11.1806,10.8995,11.1576,0.395,10.456
2001-08-01,11.1863,11.1863,10.9569,11.1806,0.028,10.473
2001-08-02,11.2437,11.2437,11.0429,11.1003,0.012,10.485
2001-08-03,11.1459,11.1921,11.1344,11.1863,0.009,10.501
2001-08-06,11.1344,11.2498,10.9902,11.2498,0.030,10.517
2001-08-07,11.2498,11.2498,10.9902,10.9902,0.008,10.526
2001-08-08,10.9671,11.0767,10.9671,11.0767,0.003,10.535
2001-08-09,10.9902,11.0190,10.9902,10.9902,0.009,10.545
2001-08-10,11.0767,11.0767,11.0479,11.0767,0.003,10.558
2001-08-13,11.0479,11.1056,11.0479,11.0767,0.005,10.572
2001-08-14,11.1344,11.5382,11.1113,11.4805,0.038,10.593
2001-08-15,11.3940,11.3940,11.3825,11.3940,0.009,10.610
2001-08-16,11.3363,11.3363,11.1921,11.3132,0.003,10.627
2001-08-17,11.3075,11.3652,11.2786,11.2786,0.003,10.646
2001-08-20,11.2844,11.2844,10.9613,11.0767,0.013,10.659
2001-08-21,11.1344,11.1921,11.1344,11.1344,0.005,10.673
2001-08-22,11.0767,11.0767,10.9613,11.0190,0.004,10.684
2001-08-23,10.9671,11.0767,10.9671,11.0767,0.001,10.697
2001-08-24,11.0190,11.0190,10.6729,10.7306,0.026,10.705
2001-08-27,10.6729,10.6729,10.6729,10.6729,0.011,10.712
2001-08-28,10.8171,10.8171,10.5633,10.7306,0.023,10.721
2001-08-29,10.8171,10.8748,10.6786,10.8690,0.007,10.729
2001-08-30,10.9036,10.9036,10.6152,10.6152,0.009,10.735
2001-08-31,10.6152,10.7306,10.6152,10.7306,0.001,10.743
2001-09-04,10.7306,10.7306,10.7306,10.7306,0.000,10.753
2001-09-05,10.6729,10.6729,10.5575,10.5575,0.007,10.759
2001-09-06,10.6152,10.6152,10.6152,10.6152,0.006,10.766
2001-09-07,10.5286,10.5863,10.3844,10.4825,0.011,10.771
2001-09-10,10.4421,10.4421,9.8075,10.0094,0.013,10.767
2001-09-17,10.0383,10.0383,9.5190,9.6633,0.019,10.764
2001-09-18,9.8075,10.1537,9.8075,10.1537,0.004,10.762
2001-09-19,10.2690,10.6729,10.0671,10.1537,0.051,10.760
2001-09-20,10.2979,10.2979,9.5190,9.9806,0.020,10.754
2001-09-21,9.8075,9.8594,9.8075,9.8075,0.015,10.746
2001-09-24,9.6921,9.9806,9.6921,9.9806,0.016,10.739
2001-09-25,10.0960,10.3267,10.0960,10.3036,0.023,10.736
2001-09-26,10.2171,10.3844,10.2171,10.3556,0.002,10.736
2001-09-27,10.3267,10.3267,10.2402,10.2402,0.013,10.733
2001-09-28,10.2748,10.5229,10.2748,10.5229,0.017,10.735
2001-10-01,10.3844,10.4998,10.3844,10.4421,0.010,10.735
2001-10-02,10.3844,10.3844,10.3325,10.3325,0.011,10.731
2001-10-03,10.3844,10.3844,10.2979,10.2979,0.040,10.727
2001-10-04,10.2979,10.4998,10.2979,10.4998,0.034,10.719
2001-10-05,10.3844,10.3844,10.3844,10.3844,0.001,10.709
2001-10-08,10.3325,10.3325,10.3325,10.3325,0.003,10.699
2001-10-09,10.2979,10.3844,10.2979,10.3844,0.009,10.693
2001-10-10,10.3267,10.3267,10.3267,10.3267,0.005,10.687
2001-10-11,10.2690,10.4421,10.2690,10.4421,0.009,10.680
2001-10-12,10.4421,10.4421,10.4421,10.4421,0.000,10.671
2001-10-15,10.4421,10.6383,10.4421,10.6383,0.005,10.666
2001-10-16,10.6440,10.6671,10.6440,10.6671,0.013,10.656
2001-10-17,10.7017,10.7017,10.6729,10.6729,0.015,10.646
2001-10-18,10.6152,10.6152,10.6152,10.6152,0.002,10.636
2001-10-19,10.6152,10.6152,10.6036,10.6036,0.008,10.624
2001-10-22,10.5633,10.5633,10.5633,10.5633,0.000,10.611
2001-10-23,10.6729,10.7017,10.6729,10.7017,0.005,10.605
2001-10-24,10.7017,10.8748,10.6729,10.8171,0.004,10.600
2001-10-25,10.8113,10.8113,10.5286,10.5286,0.012,10.590
2001-10-26,10.5286,10.8171,10.5286,10.7594,0.008,10.584
2001-10-29,10.6729,10.6729,10.6729,10.6729,0.001,10.576
2001-10-30,10.6729,10.6729,10.6729,10.6729,0.015,10.560
2001-10-31,10.6729,10.9613,10.6729,10.9613,0.003,10.551
2001-11-01,10.8459,10.9613,10.8171,10.8459,0.019,10.542
2001-11-02,10.8171,11.0190,10.8171,11.0190,0.089,10.537
2001-11-05,11.0190,11.0190,11.0190,11.0190,0.000,10.536
2001-11-06,11.0248,11.0248,10.9726,10.9726,0.002,10.532
2001-11-07,10.9668,10.9668,10.9668,10.9668,0.001,10.531
2001-11-08,10.9668,10.9668,10.9494,10.9494,0.001,10.529
2001-11-09,10.8507,10.9088,10.8507,10.9088,0.005,10.532
2001-11-12,10.8740,10.8740,10.8740,10.8740,0.002,10.536
2001-11-13,10.8740,10.8798,10.8507,10.8507,0.005,10.539
2001-11-14,10.9378,11.0538,10.9378,11.0538,0.010,10.542
2001-11-15,11.1119,11.1409,11.1061,11.1119,0.013,10.552
2001-11-16,11.1699,11.1699,11.1351,11.1699,0.014,10.561
2001-11-19,11.1119,11.1119,11.1119,11.1119,0.000,10.569
2001-11-20,11.1699,11.1699,11.1119,11.1119,0.000,10.580
2001-11-21,11.1699,11.2279,11.1699,11.2279,0.002,10.592
2001-11-23,11.3033,11.3033,11.1699,11.1699,0.026,10.606
2001-11-26,11.1699,11.1699,11.1119,11.1119,0.017,10.628
2001-11-27,11.0828,11.0887,11.0828,11.0828,0.008,10.656
2001-11-28,11.1409,11.1699,11.1409,11.1699,0.026,10.677
2001-11-29,11.1409,11.1699,11.1119,11.1119,0.001,10.696
2001-11-30,11.1119,11.3730,11.1119,11.3730,0.016,10.724
2001-12-03,11.3149,11.4600,11.3149,11.4600,0.017,10.757
2001-12-04,11.4310,11.4542,11.3149,11.3730,0.038,10.785
2001-12-05,11.3730,11.3730,11.3730,11.3730,0.000,10.806
2001-12-06,11.3440,11.3730,11.3440,11.3730,0.055,10.826
2001-12-07,11.4310,11.4310,11.4310,11.4310,0.012,10.850
2001-12-10,11.4310,11.5238,11.4310,11.4890,0.014,10.869
2001-12-11,11.5180,11.5180,11.5180,11.5180,0.027,10.891
2001-12-12,11.5761,11.5761,11.5180,11.5180,0.002,10.915
2001-12-13,11.5180,11.5180,11.5180,11.5180,0.000,10.939
2001-12-14,11.6051,11.6631,11.5471,11.5471,0.004,10.960
2001-12-17,11.5993,11.6051,11.5935,11.6051,0.007,10.984
2001-12-18,11.6051,11.6631,11.6051,11.6341,0.005,11.010
2001-12-19,11.6631,11.7501,11.6051,11.6921,0.065,11.037
2001-12-20,11.6051,11.6051,11.5471,11.6051,0.029,11.062
2001-12-21,11.7211,11.7211,11.5761,11.5877,0.003,11.085
2001-12-24,11.6051,11.6051,11.6051,11.6051,0.000,11.108
2001-12-26,11.6631,11.6631,11.6051,11.6051,0.008,11.128
2001-12-27,11.6051,11.6051,11.5993,11.6051,0.012,11.146
2001-12-28,11.7211,11.7211,11.6631,11.6631,0.006,11.166
2001-12-31,11.7501,11.7792,11.6341,11.7501,0.007,11.189
2002-01-02,11.6921,11.6921,11.4890,11.5471,0.022,11.208
2002-01-03,11.6051,11.7211,11.4890,11.5471,0.005,11.227
2002-01-04,11.5180,11.5180,11.4020,11.4020,0.003,11.241
2002-01-07,11.3498,11.5471,11.3498,11.5471,0.002,11.256
2002-01-08,11.5471,11.5471,11.4890,11.4890,0.002,11.275
2002-01-09,11.4890,11.4890,11.4890,11.4890,0.000,11.290
2002-01-10,11.4310,11.4600,11.3730,11.4310,0.014,11.305
2002-01-11,11.5180,11.7211,11.5180,11.6921,0.008,11.325
2002-01-14,11.6051,11.7792,11.5471,11.7792,0.025,11.342
2002-01-15,11.8024,12.1853,11.8024,12.1679,0.060,11.368
2002-01-16,12.0693,12.2376,12.0403,12.1737,0.008,11.391
2002-01-17,12.1795,12.1795,12.0461,12.0983,0.008,11.413
2002-01-18,12.0983,12.2376,12.0983,12.1273,0.006,11.436
2002-01-22,12.0983,12.0983,12.0983,12.0983,0.000,11.459
2002-01-23,12.1273,12.1273,12.1273,12.1273,0.005,11.482
2002-01-24,12.0113,12.3594,11.9242,12.3594,0.008,11.511
2002-01-25,12.4755,12.5277,12.3014,12.5277,0.016,11.544
2002-01-28,12.5277,12.5277,12.3304,12.4116,0.002,11.575
2002-01-29,12.4116,12.4174,12.3014,12.3014,0.018,11.600
2002-01-30,12.3014,12.3594,12.3014,12.3014,0.003,11.624
2002-01-31,12.4174,12.4464,12.3014,12.3014,0.011,11.647
2002-02-01,12.3594,12.4174,12.3594,12.3710,0.024,11.672
2002-02-04,12.3536,12.3536,12.3536,12.3536,0.000,11.697
2002-02-05,12.3994,12.5161,12.3994,12.5161,0.036,11.723
2002-02-06,12.5452,12.5452,12.5161,12.5161,0.025,11.750
2002-02-07,12.6619,12.7203,12.5452,12.6911,0.026,11.781
2002-02-08,12.6911,12.7495,12.6911,12.7495,0.019,11.814
2002-02-11,12.7786,12.7786,12.6911,12.7495,0.025,11.846
2002-02-12,12.7495,12.7786,12.7495,12.7728,0.043,11.879
2002-02-13,12.7786,12.8312,12.7786,12.8078,0.041,11.908
2002-02-14,12.8370,12.9245,12.8370,12.8720,0.044,11.936
2002-02-15,12.8953,12.8953,12.8428,12.8662,0.046,11.966
2002-02-19,12.8953,12.9245,12.8837,12.8837,0.015,11.996
2002-02-20,12.8837,12.8895,12.8662,12.8662,0.026,12.026
2002-02-21,12.8662,12.8662,12.8370,12.8370,0.032,12.054
2002-02-22,12.8370,12.8603,12.8078,12.8603,0.074,12.082
2002-02-25,12.8603,12.8662,12.8370,12.8662,0.008,12.109
2002-02-26,12.8953,12.8953,12.8195,12.8487,0.014,12.135
2002-02-27,12.8603,12.8662,12.8603,12.8662,0.011,12.162
2002-02-28,12.8662,12.9537,12.8370,12.8603,0.029,12.189
2002-03-01,12.8603,12.8603,12.8370,12.8370,0.025,12.213
2002-03-04,12.8370,12.8662,12.7786,12.8370,0.024,12.237
2002-03-05,12.8370,12.8370,12.7845,12.8078,0.026,12.260
2002-03-06,12.8370,12.8370,12.8370,12.8370,0.033,12.284
2002-03-07,12.8370,12.8370,12.8370,12.8370,0.001,12.309
2002-03-08,12.7786,12.8078,12.7203,12.8078,0.006,12.333
2002-03-11,12.8370,12.8662,12.8195,12.8195,0.008,12.358
2002-03-12,12.8370,12.8953,12.8370,12.8662,0.014,12.383
2002-03-13,12.8953,12.8953,12.8370,12.8370,0.009,12.406
2002-03-14,12.8953,12.9245,12.8953,12.9245,0.010,12.430
2002-03-15,12.9245,12.9537,12.8953,12.9362,0.009,12.457
2002-03-18,12.9245,12.9245,12.8953,12.9245,0.007,12.485
2002-03-19,12.9537,12.9537,12.9012,12.9537,0.023,12.516
2002-03-20,12.9537,12.9537,12.8953,12.9245,0.013,12.544
2002-03-21,12.9537,12.9537,12.9537,12.9537,0.015,12.573
2002-03-22,12.9537,12.9537,12.8953,12.8953,0.019,12.601
2002-03-25,12.9245,12.9537,12.9245,12.9537,0.012,12.631
2002-03-26,12.9829,12.9829,12.8370,12.9245,0.017,12.656
2002-03-27,12.9245,12.9245,12.8078,12.8078,0.002,12.677
2002-03-28,12.8370,12.9245,12.7786,12.9245,0.034,12.692
2002-04-01,12.9245,13.0704,12.8953,13.0704,0.041,12.710
2002-04-02,13.0704,13.0704,12.9712,12.9712,0.006,12.727
2002-04-03,13.0120,13.1871,13.0120,13.1871,0.029,12.748
2002-04-04,13.1871,13.2454,13.1871,13.2454,0.021,12.771
2002-04-05,13.2454,13.3913,13.2454,13.3621,0.036,12.796
2002-04-08,13.4205,13.5022,13.3680,13.4905,0.023,12.819
2002-04-09,13.4905,13.6772,13.4905,13.6772,0.018,12.842
2002-04-10,13.6772,14.0040,13.6772,13.9165,0.011,12.872
2002-04-11,13.9165,14.3541,13.8640,14.3541,0.010,12.913
2002-04-12,14.4416,14.6458,14.4416,14.4708,0.013,12.956
2002-04-15,14.5875,14.5875,14.5291,14.5817,0.024,13.002
2002-04-16,14.5817,14.5817,14.5350,14.5350,0.013,13.045
2002-04-17,14.5350,14.5525,14.1790,14.1790,0.044,13.082
2002-04-18,14.2957,14.4124,14.2957,14.3774,0.022,13.119
2002-04-19,14.3833,14.4124,14.2957,14.3541,0.005,13.156
2002-04-22,14.3541,14.3541,14.3483,14.3483,0.005,13.189
2002-04-23,14.3541,14.4124,14.3541,14.3541,0.002,13.221
2002-04-24,14.3833,14.4416,14.2957,14.2957,0.010,13.252
2002-04-25,12.8370,13.1287,12.6328,12.8253,0.175,13.253
2002-04-26,12.8253,13.0704,12.8253,12.9537,0.039,13.256
2002-04-29,12.9829,13.0704,12.8370,12.9537,0.008,13.257
2002-04-30,12.8370,12.9829,12.7786,12.9829,0.058,13.260
2002-05-01,12.9829,13.0704,12.9829,13.0704,0.017,13.263
2002-05-02,13.0120,13.2454,12.9829,13.2163,0.013,13.270
2002-05-03,13.2746,13.4788,13.2746,13.4788,0.003,13.283
2002-05-06,13.3330,13.4205,13.1871,13.4205,0.017,13.294
2002-05-07,13.3443,13.4910,13.3443,13.4030,0.022,13.305
2002-05-08,13.4675,13.4792,13.4030,13.4147,0.006,13.317
2002-05-09,13.4910,13.4910,13.3150,13.3150,0.012,13.325
2002-05-10,13.3737,13.5496,13.3737,13.5320,0.023,13.339
2002-05-13,13.4323,13.4910,13.4323,13.4910,0.001,13.352
2002-05-14,13.5496,13.6376,13.5496,13.5790,0.031,13.367
2002-05-15,13.6083,13.6669,13.6083,13.6669,0.010,13.384
2002-05-16,13.6376,13.6376,13.5496,13.6259,0.026,13.400
2002-05-17,13.6376,13.6376,13.6259,13.6318,0.004,13.416
2002-05-20,13.5496,13.6963,13.5496,13.6376,0.012,13.432
2002-05-21,13.6376,13.6376,13.5790,13.6259,0.040,13.448
2002-05-22,13.5790,13.5790,13.4910,13.4968,0.025,13.461
2002-05-23,13.4968,13.6552,13.4968,13.6552,0.009,13.477
2002-05-24,13.6963,13.6963,13.6142,13.6142,0.003,13.491
2002-05-28,13.6669,13.7139,13.6376,13.7139,0.003,13.507
2002-05-29,13.6494,13.6552,13.6376,13.6376,0.003,13.521
2002-05-30,13.5790,13.5848,13.5496,13.5790,0.007,13.534
2002-05-31,13.6669,13.8429,13.6669,13.8429,0.004,13.552
2002-06-03,13.9602,13.9602,13.7549,13.7549,0.005,13.568
2002-06-04,13.6669,13.7256,13.6669,13.6963,0.002,13.584
2002-06-05,13.6669,13.6669,13.6200,13.6200,0.001,13.597
2002-06-06,13.6376,13.7021,13.6142,13.7021,0.016,13.613
2002-06-07,13.6669,13.6787,13.6669,13.6669,0.002,13.630
2002-06-10,13.6963,13.6963,13.6376,13.6845,0.036,13.645
2002-06-11,13.6845,13.6845,13.6318,13.6376,0.037,13.657
2002-06-12,13.6083,13.6669,13.5790,13.6669,0.013,13.670
2002-06-13,13.6669,13.6669,13.5496,13.6552,0.026,13.680
2002-06-14,13.5496,13.6552,13.5496,13.6552,0.008,13.688
2002-06-17,13.6669,13.9896,13.6669,13.9602,0.014,13.700
2002-06-18,14.0482,14.2535,14.0482,14.1773,0.008,13.714
2002-06-19,14.1949,14.2125,14.1362,14.1773,0.030,13.724
2002-06-20,14.1362,14.1949,14.1127,14.1949,0.029,13.729
2002-06-21,14.1831,14.2828,14.1479,14.2535,0.006,13.727
2002-06-24,14.2535,14.4002,14.2535,14.3943,0.019,13.726
2002-06-25,14.4295,15.0160,14.4236,15.0160,0.035,13.734
2002-06-26,14.8987,15.1627,14.8987,15.1275,0.020,13.746
2002-06-27,15.1920,15.3387,15.1334,15.3387,0.039,13.769
2002-06-28,15.3093,15.4560,14.8283,15.3680,0.142,13.789
2002-07-01,15.2507,15.6613,15.2507,15.4266,0.043,13.811
2002-07-02,15.4266,15.4266,14.6993,15.1979,0.025,13.828
2002-07-03,15.2800,15.2800,15.0747,15.0747,0.024,13.842
2002-07-05,15.1334,15.1568,15.0747,15.1040,0.004,13.858
2002-07-08,14.9867,15.1920,14.9867,15.0747,0.006,13.903
2002-07-09,15.1216,15.1744,15.1216,15.1744,0.005,13.948
2002-07-10,15.1040,15.1392,14.6641,14.6641,0.009,13.982
2002-07-11,14.6055,14.6055,14.1362,14.1362,0.015,14.005
2002-07-12,14.0775,14.1362,13.9896,14.0248,0.006,14.024
2002-07-15,13.9602,14.0189,13.8136,14.0189,0.009,14.040
2002-07-16,14.0775,14.0775,13.9896,13.9896,0.006,14.050
2002-07-17,13.9896,14.0189,13.8898,13.9544,0.034,14.061
2002-07-18,13.9544,13.9602,13.8077,13.8077,0.007,14.069
2002-07-19,13.7256,13.7373,13.3737,13.5203,0.013,14.071
2002-07-22,13.6083,13.6083,13.3443,13.4792,0.007,14.074
2002-07-23,13.3795,13.3795,12.7754,12.8458,0.010,14.061
2002-07-24,11.4380,12.3120,11.4380,12.3120,0.048,14.037
2002-07-25,12.2592,12.5525,12.2592,12.5407,0.003,14.016
2002-07-26,12.6405,12.9748,12.6405,12.9748,0.004,14.003
2002-07-29,13.1214,14.3415,13.1214,14.3415,0.008,14.017
2002-07-30,14.2242,14.3122,14.0775,14.1538,0.008,14.027
2002-07-31,14.1362,14.1362,14.0189,14.1186,0.010,14.037
2002-08-01,14.1245,14.1245,13.9896,14.0541,0.004,14.046
2002-08-02,14.0658,14.0834,13.9896,14.0599,0.017,14.057
2002-08-05,14.0775,14.0775,13.8605,14.0189,0.010,14.064
2002-08-06,14.1361,14.1538,14.0300,14.1538,0.021,14.075
2002-08-07,14.1538,14.1656,14.0595,14.0890,0.003,14.082
2002-08-08,14.0595,14.3896,14.0241,14.3248,0.019,14.096
2002-08-09,14.3248,14.3778,14.2540,14.3778,0.009,14.112
2002-08-12,14.2658,14.4426,14.2363,14.4426,0.012,14.124
2002-08-13,14.4426,14.4426,14.3542,14.4426,0.006,14.138
2002-08-14,14.3248,14.4426,14.2953,14.4426,0.007,14.153
2002-08-15,14.4426,14.4426,14.3248,14.3542,0.014,14.167
2002-08-16,14.3542,14.8553,14.3542,14.8553,0.011,14.190
2002-08-19,14.9437,15.7985,14.9437,15.7985,0.018,14.233
2002-08-20,15.8280,15.8457,15.4448,15.4448,0.024,14.268
2002-08-21,15.5922,15.8574,15.5922,15.8574,0.009,14.313
2002-08-22,15.8869,16.0461,15.8869,15.9164,0.019,14.358
2002-08-23,15.9753,16.1404,15.9694,15.9694,0.004,14.404
2002-08-26,16.0932,16.1404,15.9694,16.0638,0.005,14.452
2002-08-27,15.9459,15.9459,15.6334,15.6983,0.007,14.487
2002-08-28,15.7101,15.7454,15.2974,15.2974,0.005,14.509
2002-08-29,15.3151,15.3269,15.2385,15.2974,0.004,14.532
2002-08-30,15.2679,15.2679,15.1206,15.1206,0.002,14.550
2002-09-03,15.0321,15.0321,14.7374,14.7374,0.003,14.560
2002-09-04,14.8553,15.2679,14.8553,15.2679,0.002,14.577
2002-09-05,15.1795,15.2090,15.0027,15.0027,0.002,14.577
2002-09-06,15.0027,15.0027,14.8022,14.9614,0.005,14.574
2002-09-09,14.9614,14.9614,14.8848,14.9378,0.000,14.566
2002-09-10,14.9378,15.0380,14.8553,14.8553,0.004,14.556
2002-09-11,14.9378,14.9673,14.9378,14.9673,0.002,14.546
2002-09-12,14.8553,14.9437,14.6195,14.6195,0.002,14.535
2002-09-13,14.5841,14.7315,14.5664,14.7315,0.002,14.528
2002-09-16,14.7315,14.7315,14.4721,14.4780,0.002,14.515
2002-09-17,14.5311,14.5311,14.2717,14.3189,0.007,14.500
2002-09-18,14.3483,14.3542,14.1774,14.2069,0.002,14.481
2002-09-19,14.2363,14.2363,13.9121,13.9121,0.006,14.466
2002-09-20,13.9121,14.5311,13.8532,14.3660,0.027,14.470
2002-09-23,14.4426,14.4426,13.8532,13.9121,0.019,14.468
2002-09-24,14.0595,14.3306,13.8590,14.1479,0.023,14.471
2002-09-25,14.1184,14.1184,13.5584,13.5584,0.012,14.462
2002-09-26,13.7058,13.7942,13.7058,13.7824,0.009,14.459
2002-09-27,13.7235,13.8119,13.6174,13.7058,0.020,14.457
2002-09-30,13.6233,13.8532,13.6233,13.8532,0.012,14.463
2002-10-01,13.8119,13.8532,13.7058,13.7706,0.012,14.469
2002-10-02,13.8237,14.0595,13.8237,13.9121,0.003,14.491
2002-10-03,13.9887,13.9887,13.7353,13.7470,0.001,14.519
2002-10-04,13.8414,13.8414,13.7647,13.8414,0.001,14.545
2002-10-07,13.8473,13.8473,13.6999,13.6999,0.003,14.560
2002-10-08,13.6763,13.8473,13.6763,13.8473,0.006,14.550
2002-10-09,13.7647,13.7824,13.5879,13.5879,0.003,14.539
2002-10-10,13.5584,13.6468,13.4995,13.6468,0.003,14.529
2002-10-11,13.7058,13.7942,13.6174,13.7058,0.004,14.522
2002-10-14,13.7647,14.0300,13.7176,14.0300,0.004,14.522
2002-10-15,14.2363,14.2658,14.1479,14.2363,0.015,14.526
2002-10-16,14.2245,14.2894,14.1243,14.1243,0.003,14.525
2002-10-17,14.2069,14.2069,14.1479,14.2069,0.001,14.528
2002-10-18,14.2069,14.2186,14.1892,14.2069,0.003,14.525
2002-10-21,14.2953,14.2953,14.1774,14.2363,0.003,14.522
2002-10-22,14.1479,14.1479,14.1302,14.1302,0.001,14.516
2002-10-23,14.1302,14.2363,14.1302,14.2363,0.001,14.512
2002-10-24,14.2127,14.2658,14.0595,14.2245,0.006,14.508
2002-10-25,14.2245,14.3837,14.2245,14.3837,0.004,14.508
2002-10-28,14.2363,14.6490,14.0890,14.6254,0.008,14.504
2002-10-29,14.6254,14.7374,14.6254,14.7374,0.004,14.483
2002-10-30,14.8258,14.8258,14.6195,14.6431,0.010,14.466
2002-10-31,14.6195,14.9732,14.6195,14.8848,0.015,14.447
2002-11-01,14.9084,14.9084,14.7669,14.7905,0.010,14.424
2002-11-04,14.8553,14.9142,14.6784,14.6784,0.007,14.399
2002-11-05,14.7489,14.8378,14.7489,14.8022,0.008,14.373
2002-11-06,14.8141,14.8378,14.7785,14.7785,0.006,14.355
2002-11-07,14.7193,14.7193,14.5416,14.5712,0.007,14.341
2002-11-08,14.5712,14.5712,14.3047,14.3343,0.019,14.321
2002-11-11,14.2988,14.2988,14.2632,14.2751,0.001,14.304
2002-11-12,14.2158,14.2751,14.2158,14.2751,0.003,14.295
2002-11-13,14.2810,14.3639,14.2810,14.3047,0.002,14.276
2002-11-14,14.3284,14.3343,14.0500,14.0974,0.015,14.258
2002-11-15,14.0381,14.0559,13.9789,13.9967,0.008,14.238
2002-11-18,13.9315,13.9315,13.6531,13.7124,0.012,14.214
2002-11-19,13.7361,13.7420,13.6057,13.6057,0.010,14.189
2002-11-20,13.6827,13.8012,13.6827,13.8012,0.002,14.166
2002-11-21,13.8012,13.8604,13.8012,13.8604,0.003,14.150
2002-11-22,13.8841,13.9138,13.8604,13.9138,0.004,14.134
2002-11-25,13.9197,13.9197,13.6235,13.6827,0.005,14.118
2002-11-26,13.7064,13.7064,13.5761,13.5880,0.006,14.104
2002-11-27,13.6235,14.1625,13.6235,13.8012,0.014,14.095
2002-11-29,13.7716,13.8012,13.7420,13.8012,0.001,14.093
2002-12-02,13.7716,13.7716,13.5643,13.7538,0.009,14.081
2002-12-03,13.7124,13.8308,13.6827,13.7775,0.006,14.078
2002-12-04,13.7124,13.8012,13.6531,13.8012,0.003,14.071
2002-12-05,13.8367,14.5712,13.8367,14.5120,0.009,14.090
2002-12-06,14.5120,14.9562,14.5120,14.9562,0.004,14.114
2002-12-09,14.9562,15.1043,14.6897,14.8319,0.021,14.136
2002-12-10,14.7489,14.7489,14.2158,14.2158,0.013,14.144
2002-12-11,14.2158,14.2158,14.1803,14.2158,0.002,14.153
2002-12-12,14.2158,14.2158,14.0974,14.1566,0.002,14.157
2002-12-13,14.1625,14.1625,14.1151,14.1151,0.002,14.165
2002-12-16,14.1448,14.5712,14.1448,14.5712,0.008,14.179
2002-12-17,14.5535,14.5712,14.5120,14.5712,0.002,14.197
2002-12-18,14.5416,14.5416,14.4232,14.4232,0.004,14.208
2002-12-19,14.4528,14.5712,14.3639,14.5712,0.003,14.228
2002-12-20,14.5712,14.6009,14.3935,14.4291,0.031,14.244
2002-12-23,14.4350,14.5120,14.3935,14.5120,0.004,14.260
2002-12-24,14.5120,14.5416,14.4824,14.5179,0.001,14.270
2002-12-26,14.6009,14.6009,14.3343,14.3343,0.002,14.272
2002-12-27,14.3343,14.3343,13.6294,13.6294,0.006,14.262
2002-12-30,13.6294,13.7420,13.6294,13.7183,0.003,14.252
2002-12-31,13.7716,14.0441,13.7657,13.9493,0.012,14.247
2003-01-02,13.9730,13.9730,13.8012,13.9197,0.007,14.240
2003-01-03,13.8604,13.9138,13.8308,13.8308,0.003,14.234
2003-01-06,13.7716,13.8604,13.7716,13.8131,0.012,14.226
2003-01-07,13.8545,13.9493,13.7597,13.9197,0.005,14.220
2003-01-08,13.8604,13.8960,13.7301,13.7301,0.007,14.207
2003-01-09,13.7420,13.8308,13.7420,13.8308,0.004,14.191
2003-01-10,13.8604,13.8604,13.7420,13.8604,0.008,14.173
2003-01-13,13.8308,13.8782,13.8071,13.8249,0.002,14.157
2003-01-14,13.8012,13.9789,13.8012,13.9493,0.006,14.138
2003-01-15,14.0085,14.0085,13.8604,13.8604,0.005,14.120
2003-01-16,13.8960,13.9789,13.8901,13.8901,0.003,14.104
2003-01-17,13.8604,14.0678,13.8604,13.8604,0.006,14.085
2003-01-21,13.8604,14.0974,13.8604,13.8604,0.007,14.067
2003-01-22,13.8604,13.8664,13.8604,13.8604,0.003,14.052
2003-01-23,13.7716,13.7716,13.4754,13.4814,0.064,14.035
2003-01-24,13.5287,13.5287,12.8950,12.9483,0.013,14.009
2003-01-27,12.9483,13.0549,12.9127,13.0312,0.015,13.984
2003-01-28,13.0608,13.1793,13.0312,13.1793,0.005,13.961
2003-01-29,13.1319,13.2089,13.1200,13.2089,0.074,13.944
2003-01-30,13.1793,13.2385,13.1793,13.2089,0.009,13.928
2003-01-31,13.2385,13.4754,13.2385,13.4754,0.012,13.923
2003-02-03,13.4754,13.8012,13.4754,13.6531,0.016,13.924
2003-02-04,13.8135,13.8135,13.7241,13.7361,0.004,13.923
2003-02-05,13.7301,13.7480,13.7122,13.7182,0.009,13.920
2003-02-06,13.7182,13.8730,13.7182,13.8432,0.039,13.919
2003-02-07,13.7896,13.8432,13.6944,13.7241,0.012,13.919
2003-02-10,13.7063,13.8135,13.7063,13.7539,0.004,13.923
2003-02-11,13.7241,13.8730,13.6944,13.7241,0.027,13.921
2003-02-12,13.7301,13.8432,13.7301,13.7539,0.010,13.920
2003-02-13,13.7539,13.8432,13.7539,13.8313,0.046,13.922
2003-02-14,13.8313,13.8313,13.7361,13.8135,0.027,13.923
2003-02-18,13.7003,13.9623,13.7003,13.9623,0.002,13.926
2003-02-19,13.9623,13.9623,13.9028,13.9028,0.001,13.914
2003-02-20,13.8432,13.8432,13.3967,13.6051,0.051,13.887
2003-02-21,13.6051,13.8254,13.6051,13.8254,0.006,13.866
2003-02-24,13.8135,13.8135,13.6646,13.6646,0.005,13.855
2003-02-25,13.6706,13.8432,13.6646,13.8432,0.004,13.848
2003-02-26,13.8432,13.9206,13.8432,13.9028,0.004,13.843
2003-02-27,13.9921,13.9921,13.8135,13.9623,0.003,13.840
2003-02-28,13.9028,13.9028,13.8135,13.8135,0.002,13.825
2003-03-03,13.7003,13.8075,13.7003,13.7063,0.002,13.807
2003-03-04,13.7420,13.7480,13.7063,13.7480,0.003,13.794
2003-03-05,13.7003,13.7480,13.6944,13.7241,0.003,13.777
2003-03-06,13.7182,13.7182,13.6944,13.6944,0.003,13.762
2003-03-07,13.7003,13.7241,13.6944,13.7122,0.005,13.746
2003-03-10,13.6944,13.8730,13.6944,13.8432,0.015,13.733
2003-03-11,13.8551,13.8849,13.8551,13.8849,0.001,13.724
2003-03-12,13.8432,13.9504,13.8432,13.9504,0.009,13.730
2003-03-13,13.8909,14.0219,13.8909,14.0219,0.001,13.736
2003-03-14,14.0457,14.1112,13.9325,13.9325,0.002,13.736
2003-03-17,13.9623,14.2838,13.9623,14.1409,0.008,13.740
2003-03-18,14.0814,14.1707,14.0814,14.1290,0.001,13.746
2003-03-19,14.2600,14.2838,14.1469,14.2481,0.003,13.755
2003-03-20,14.1707,14.2838,14.1588,14.2660,0.003,13.762
2003-03-21,14.2302,14.3374,14.0576,14.2898,0.012,13.773
2003-03-24,14.1231,14.2898,14.1231,14.1707,0.001,13.780
2003-03-25,14.2779,14.2898,14.1707,14.2005,0.002,13.787
2003-03-26,14.1409,14.2302,13.9921,13.9921,0.002,13.790
2003-03-27,13.9325,13.9921,13.7837,13.9921,0.004,13.791
2003-03-28,14.0219,14.1409,13.9325,14.0516,0.004,13.795
2003-03-31,13.9921,13.9921,13.6944,13.6944,0.004,13.791
2003-04-01,13.6706,13.7539,13.5455,13.7539,0.011,13.789
2003-04-02,13.7539,13.8551,13.7539,13.8135,0.015,13.788
2003-04-03,13.7539,13.9028,13.7539,13.9028,0.027,13.789
2003-04-04,13.9266,13.9683,13.9266,13.9683,0.001,13.798
2003-04-07,14.0516,14.1707,14.0278,14.1707,0.004,13.823
2003-04-08,14.1767,14.2422,14.1767,14.2422,0.001,13.847
2003-04-09,14.2898,14.3196,14.2600,14.2898,0.001,13.869
2003-04-10,14.2898,14.3374,14.2898,14.3196,0.002,13.891
2003-04-11,14.2302,14.2302,14.1707,14.1707,0.001,13.911
2003-04-14,14.1945,14.2302,14.1767,14.2302,0.001,13.926
2003-04-15,14.1707,14.2005,14.1588,14.2005,0.001,13.937
2003-04-16,14.1945,14.2005,14.1707,14.1707,0.001,13.945
2003-04-17,14.2600,14.5577,14.2600,14.5220,0.004,13.961
2003-04-21,14.4625,14.5279,14.4208,14.5160,0.005,13.975
2003-04-22,14.4982,14.7363,14.4982,14.7066,0.009,13.995
2003-04-23,14.6470,14.9328,14.6470,14.7661,0.006,14.015
2003-04-24,14.8852,15.5401,14.8852,15.5401,0.012,14.051
2003-04-25,15.5401,15.7426,15.5401,15.5520,0.011,14.087
2003-04-28,15.6592,15.7485,15.5401,15.6890,0.009,14.124
2003-04-29,15.7485,15.7485,15.5223,15.5401,0.002,14.159
2003-04-30,15.5640,15.7188,15.5401,15.7188,0.005,14.194
2003-05-01,15.7188,15.7188,15.3615,15.4211,0.003,14.224
2003-05-02,15.4508,15.4806,15.3615,15.4091,0.006,14.260
2003-05-05,15.4091,15.7783,15.4091,15.7783,0.016,14.299
2003-05-06,15.9381,16.2670,15.9381,16.1653,0.027,14.349
2003-05-07,16.2072,16.2132,16.0278,16.1653,0.009,14.396
2003-05-08,16.2012,16.4165,16.2012,16.4165,0.006,14.446
2003-05-09,16.3567,16.5122,16.3567,16.5122,0.002,14.497
2003-05-12,16.4763,16.5062,16.2610,16.2969,0.010,14.547
2003-05-13,16.2371,16.3268,16.2371,16.2730,0.003,14.598
2003-05-14,16.2072,16.3268,16.1773,16.2969,0.004,14.649
2003-05-15,16.2969,16.3746,16.2969,16.3268,0.004,14.701
2003-05-16,16.2371,16.3268,15.6689,15.6689,0.047,14.741
2003-05-19,15.6988,15.7287,15.3101,15.4596,0.004,14.776
2003-05-20,15.4118,15.4596,15.4118,15.4297,0.007,14.807
2003-05-21,15.5493,15.5493,15.2563,15.2563,0.002,14.835
2003-05-22,15.2563,15.2922,14.7479,14.8436,0.015,14.853
2003-05-23,14.8556,15.1187,14.8197,15.1187,0.003,14.875
2003-05-27,15.1905,15.1905,15.0111,15.1008,0.008,14.898
2003-05-28,15.1187,15.3879,15.1187,15.3699,0.027,14.923
2003-05-29,15.3879,15.8484,15.3879,15.6689,0.007,14.953
2003-05-30,15.7885,15.8484,15.5493,15.7885,0.006,14.984
2003-06-02,15.9082,15.9560,15.6211,15.7586,0.012,15.014
2003-06-03,15.8184,16.0636,15.7885,16.0636,0.021,15.049
2003-06-04,15.9739,16.5481,15.9739,16.5481,0.007,15.097
2003-06-05,16.5541,16.6139,16.5541,16.6139,0.002,15.145
2003-06-06,16.7454,17.2239,16.3866,16.3866,0.016,15.193
2003-06-09,16.5062,16.5062,15.9082,16.1235,0.008,15.236
2003-06-10,16.1474,16.1474,16.1175,16.1175,0.002,15.277
2003-06-11,16.0577,16.0876,15.9381,16.0278,0.008,15.324
2003-06-12,16.0876,16.0876,16.0816,16.0876,0.001,15.370
2003-06-13,16.1474,16.2670,16.1474,16.2670,0.007,15.420
2003-06-16,16.3268,16.9248,16.1534,16.9248,0.007,15.480
2003-06-17,16.9248,17.0923,16.5660,16.7753,0.012,15.536
2003-06-18,16.7693,16.8112,16.7454,16.7454,0.008,15.588
2003-06-19,16.7394,16.8650,16.4165,16.4225,0.018,15.631
2003-06-20,16.3866,16.3926,16.2670,16.2730,0.163,15.671
2003-06-23,16.2371,16.2371,15.7885,16.0577,0.011,15.706
2003-06-24,16.0577,16.0876,15.8484,15.9082,0.007,15.740
2003-06-25,15.8484,16.0876,15.8484,16.0577,0.006,15.777
2003-06-26,16.0278,16.0278,15.8783,15.8783,0.006,15.810
2003-06-27,15.8484,16.3567,15.8484,16.3567,0.181,15.854
2003-06-30,16.3866,16.9846,16.2969,16.9846,0.056,15.903
2003-07-01,16.9248,16.9846,16.7454,16.8949,0.047,15.951
2003-07-02,16.9547,17.0385,16.9368,16.9368,0.045,15.996
2003-07-03,17.0145,17.0145,16.8052,16.8052,0.004,16.036
2003-07-07,16.8591,16.8650,16.7514,16.8650,0.013,16.063
2003-07-08,16.9846,17.1342,16.9846,17.1342,0.016,16.095
2003-07-09,17.0744,17.0744,16.7454,16.9846,0.017,16.120
2003-07-10,16.9248,17.2179,16.9189,17.1641,0.007,16.153
2003-07-11,17.1880,17.3435,17.1880,17.3435,0.006,16.185
2003-07-14,17.3375,17.3375,17.1641,17.1641,0.003,16.220
2003-07-15,17.1700,17.1700,17.0445,17.1581,0.002,16.255
2003-07-16,17.1342,17.1342,16.7454,16.9846,0.015,16.279
2003-07-17,16.9547,17.1342,16.9547,17.1222,0.013,16.299
2003-07-18,17.1102,17.2478,17.1102,17.1940,0.054,16.319
2003-07-21,17.1641,17.1641,17.1342,17.1342,0.003,16.333
2003-07-22,17.0445,17.1342,17.0145,17.1342,0.017,16.346
2003-07-23,17.1641,17.1641,16.8351,16.8949,0.002,16.358
2003-07-24,16.9547,17.2239,16.9547,17.2179,0.005,16.377
2003-07-25,17.2239,17.4033,17.2239,17.4033,0.006,16.399
2003-07-28,17.3435,18.0611,17.3435,18.0193,0.017,16.433
2003-07-29,18.0910,18.0910,17.9714,18.0432,0.008,16.480
2003-07-30,18.0910,18.1508,18.0671,18.0731,0.006,16.533
2003-07-31,18.0013,18.2406,18.0013,18.1209,0.004,16.586
2003-08-01,18.2346,18.2346,17.9714,17.9714,0.007,16.641
2003-08-04,18.0611,18.1209,17.9415,17.9535,0.016,16.703
2003-08-05,18.0133,18.0133,17.9533,18.0133,0.024,16.761
2003-08-06,18.0133,18.1934,18.0133,18.1934,0.006,16.823
2003-08-07,18.1034,18.1034,17.9893,18.0133,0.005,16.875
2003-08-08,18.0433,18.0733,18.0133,18.0493,0.004,16.923
2003-08-11,18.1034,18.2174,18.1034,18.2174,0.005,16.972
2003-08-12,18.2174,19.0340,18.2174,19.0340,0.007,17.037
2003-08-13,19.0941,19.0941,18.9140,18.9140,0.025,17.094
2003-08-14,18.9140,19.6345,18.9140,19.6345,0.008,17.156
2003-08-15,19.6705,19.6705,19.6705,19.6705,0.001,17.217
2003-08-18,19.6945,19.9347,19.6945,19.9347,0.013,17.288
2003-08-19,19.9948,20.3550,19.9948,20.3550,0.012,17.373
2003-08-20,20.3550,20.3550,19.9347,20.1148,0.008,17.453
2003-08-21,20.1749,20.5952,20.1749,20.3550,0.010,17.539
2003-08-22,20.2650,20.3610,19.9347,19.9347,0.013,17.616
2003-08-25,19.9347,19.9347,18.8779,18.8899,0.020,17.669
2003-08-26,18.8299,18.8839,18.1634,18.7939,0.041,17.706
2003-08-27,18.8239,19.5144,18.8239,18.8839,0.037,17.748
2003-08-28,18.9440,19.2082,18.9140,19.1782,0.006,17.797
2003-08-29,19.2142,19.4844,19.2142,19.4544,0.007,17.857
2003-09-02,19.3943,19.3943,18.7638,19.0340,0.023,17.913
2003-09-03,19.0941,19.3343,19.0941,19.2742,0.003,17.977
2003-09-04,19.3343,19.3943,19.1001,19.1842,0.003,18.042
2003-09-05,19.1541,19.2142,19.1241,19.1661,0.004,18.105
2003-09-08,19.2082,19.3343,19.2082,19.3343,0.003,18.174
2003-09-09,19.2742,19.2742,19.1541,19.1541,0.007,18.230
2003-09-10,19.0340,19.1181,18.9740,18.9740,0.007,18.269
2003-09-11,19.0641,19.0641,18.7939,18.8719,0.005,18.309
2003-09-12,18.8239,19.0941,18.8239,19.0941,0.006,18.352
2003-09-15,19.1541,19.2142,19.1181,19.1241,0.003,18.399
2003-09-16,19.1541,19.3343,19.1541,19.3343,0.005,18.448
2003-09-17,19.4243,19.4243,19.1842,19.1842,0.008,18.489
2003-09-18,19.2082,19.7546,19.1541,19.6645,0.008,18.542
2003-09-19,19.5744,19.7846,19.5744,19.7546,0.010,18.594
2003-09-22,19.6945,19.9047,19.6345,19.8507,0.004,18.644
2003-09-23,19.8987,20.0248,19.8747,19.9347,0.005,18.700
2003-09-24,19.9047,19.9347,19.8747,19.8747,0.005,18.754
2003-09-25,19.8446,19.8446,19.7846,19.7966,0.013,18.810
2003-09-26,19.7966,19.8687,19.7846,19.8687,0.011,18.865
2003-09-29,19.8266,19.9948,19.8146,19.9948,0.005,18.921
2003-09-30,20.0548,20.2349,19.9407,20.2289,0.011,18.983
2003-10-01,20.2650,20.7153,20.2650,20.7153,0.007,19.055
2003-10-02,20.6552,20.6552,20.5352,20.5952,0.005,19.129
2003-10-03,20.5352,20.6973,20.5352,20.6552,0.002,19.198
2003-10-06,20.6853,20.6853,20.5952,20.6552,0.005,19.263
2003-10-07,20.6853,20.6973,20.6432,20.6973,0.003,19.316
2003-10-08,20.6973,20.6973,20.5952,20.6913,0.007,19.369
2003-10-09,20.7153,20.8954,20.6552,20.8354,0.006,19.424
2003-10-10,20.8354,20.8354,20.6673,20.7753,0.003,19.478
2003-10-13,20.8354,21.1356,20.8354,21.1356,0.003,19.541
2003-10-14,21.0756,21.3157,21.0155,21.0155,0.004,19.602
2003-10-15,21.0756,21.1056,20.9254,21.1056,0.017,19.664
2003-10-16,21.0155,21.1656,21.0155,21.1356,0.005,19.723
2003-10-17,21.1356,21.2857,21.0996,21.0996,0.008,19.784
2003-10-20,21.1056,21.1356,21.0455,21.0455,0.001,19.844
2003-10-21,21.1056,21.2257,21.1056,21.1716,0.003,19.903
2003-10-22,21.1716,21.1716,21.1356,21.1476,0.018,19.946
2003-10-23,21.1476,21.2257,21.1476,21.1956,0.011,19.991
2003-10-24,21.1656,21.1656,20.9855,20.9855,0.008,20.018
2003-10-27,21.0155,21.0756,20.9014,20.9855,0.003,20.045
2003-10-28,21.0155,21.1656,20.9855,21.1656,0.006,20.069
2003-10-29,21.1956,21.7961,21.1836,21.7360,0.010,20.097
2003-10-30,21.6760,21.6760,21.5559,21.5619,0.004,20.126
2003-10-31,21.6160,21.7360,21.5619,21.5979,0.003,20.151
2003-11-03,21.5619,21.6640,21.5619,21.5979,0.010,20.184
2003-11-04,21.6577,21.9589,21.6456,21.7481,0.006,20.241
2003-11-05,21.8083,21.9890,21.7481,21.9288,0.004,20.304
2003-11-06,21.9890,22.1396,21.9890,22.1216,0.004,20.369
2003-11-07,22.1396,22.1396,22.0252,22.0493,0.006,20.426
2003-11-10,22.0191,22.0553,22.0191,22.0191,0.004,20.477
2003-11-11,22.0191,22.0191,21.8384,21.9228,0.003,20.535
2003-11-12,21.9589,21.9890,21.8685,21.9890,0.007,20.589
2003-11-13,21.9288,21.9589,21.4167,21.5011,0.018,20.636
2003-11-14,21.5372,21.6095,21.3263,21.3263,0.018,20.679
2003-11-17,21.2661,21.2661,21.0311,21.1155,0.004,20.715
2003-11-18,21.0854,21.0854,20.7480,20.7480,0.003,20.746
2003-11-19,20.6938,20.6938,20.4106,20.4227,0.011,20.775
2003-11-20,20.4287,20.4769,20.3022,20.3624,0.003,20.805
2003-11-21,20.3926,20.3926,20.2420,20.2721,0.006,20.829
2003-11-24,20.3323,20.3624,20.1215,20.2661,0.009,20.852
2003-11-25,20.3022,20.3022,20.1817,20.2118,0.006,20.869
2003-11-26,20.2420,20.4528,20.2420,20.3926,0.007,20.893
2003-11-28,20.3926,20.3926,20.3926,20.3926,0.001,20.908
2003-12-01,20.4227,20.9287,20.4227,20.9287,0.028,20.931
2003-12-02,20.9649,21.2661,20.9649,21.2661,0.007,20.960
2003-12-03,21.3866,21.4047,21.0854,21.0854,0.004,20.983
2003-12-04,21.0251,21.1456,20.8022,21.0854,0.004,21.007
2003-12-05,21.1456,21.3263,21.1456,21.2360,0.003,21.036
2003-12-08,21.2962,21.4468,21.0854,21.1215,0.007,21.061
2003-12-09,21.2059,21.2059,21.0251,21.0974,0.029,21.083
2003-12-10,21.0251,21.1757,20.9950,21.1757,0.007,21.102
2003-12-11,21.2360,21.5673,21.2360,21.4589,0.004,21.117
2003-12-12,21.5372,21.7481,21.5251,21.7481,0.006,21.140
2003-12-15,21.7481,21.8023,21.4529,21.4529,0.012,21.156
2003-12-16,21.4468,21.7481,21.4408,21.7481,0.007,21.178
2003-12-17,21.8083,22.2902,21.7179,22.2300,0.006,21.208
2003-12-18,22.2902,22.2902,22.1698,22.2541,0.004,21.239
2003-12-19,22.2601,22.3505,22.2601,22.3324,0.005,21.269
2003-12-22,22.2902,22.6216,22.2902,22.5312,0.004,21.304
2003-12-23,22.5312,22.6517,22.4891,22.4891,0.014,21.332
2003-12-24,22.3625,22.3625,22.2902,22.3505,0.002,21.358
2003-12-26,22.3264,22.3264,22.2300,22.2300,0.002,21.381
2003-12-29,22.1698,22.3505,22.0493,22.1698,0.007,21.401
2003-12-30,22.1698,22.3505,22.1698,22.2601,0.002,21.425
2003-12-31,22.1698,22.1698,21.7782,21.8083,0.004,21.440
2004-01-02,21.8083,21.8444,21.7541,21.8083,0.002,21.453
2004-01-05,21.8083,22.1095,21.8083,22.0794,0.011,21.471
2004-01-06,22.0794,22.1698,21.9890,22.1698,0.013,21.491
2004-01-07,22.2902,22.3445,22.2842,22.2902,0.001,21.517
2004-01-08,22.3505,22.9228,22.3445,22.9228,0.005,21.556
2004-01-09,23.0433,23.6156,22.6818,23.2602,0.016,21.597
2004-01-12,23.3746,23.3746,22.8505,22.8746,0.007,21.620
2004-01-13,22.8927,22.8927,22.6216,22.6216,0.003,21.641
2004-01-14,22.7421,22.8324,22.6577,22.7481,0.005,21.664
2004-01-15,22.7481,22.8927,22.7421,22.7421,0.024,21.687
2004-01-16,22.8927,22.9831,22.8204,22.8927,0.006,21.710
2004-01-20,22.8927,22.8927,22.7903,22.8324,0.017,21.728
2004-01-21,22.7421,22.8264,22.7120,22.8023,0.034,21.742
2004-01-22,22.8023,22.8023,22.7481,22.7903,0.006,21.757
2004-01-23,22.7963,22.8023,22.7240,22.8023,0.006,21.772
2004-01-26,22.7842,22.8023,22.7421,22.7963,0.020,21.790
2004-01-27,22.7722,22.8023,22.7300,22.8023,0.012,21.806
2004-01-28,22.8927,22.9228,22.6818,22.7421,0.016,21.831
2004-01-29,22.7722,22.8023,22.7120,22.7421,0.005,21.859
2004-01-30,22.7722,22.8023,22.7180,22.7722,0.010,21.892
2004-02-02,22.8023,22.8324,22.1396,22.6758,0.046,21.931
2004-02-03,22.6216,22.6818,22.4710,22.6216,0.009,21.975
2004-02-04,22.5613,22.5613,22.4288,22.4288,0.006,22.016
2004-02-05,22.3994,22.3994,22.0972,22.1758,0.016,22.054
2004-02-06,22.2120,22.8467,22.2120,22.8467,0.006,22.106
2004-02-09,22.7741,22.8285,22.7741,22.7923,0.001,22.158
2004-02-10,22.8769,22.8769,22.7862,22.8104,0.004,22.206
2004-02-11,22.8104,22.8467,22.7258,22.8467,0.012,22.255
2004-02-12,22.8467,22.9373,22.8467,22.8950,0.013,22.294
2004-02-13,22.8890,22.9011,22.6654,22.6956,0.005,22.323
2004-02-17,22.6654,22.9313,22.6412,22.9313,0.007,22.360
2004-02-18,22.9071,22.9676,22.8769,22.9494,0.005,22.397
2004-02-19,22.9676,22.9676,22.7560,22.8467,0.007,22.429
2004-02-20,22.7862,22.8165,22.6049,22.6956,0.003,22.461
2004-02-23,22.5747,22.5747,22.3571,22.3571,0.008,22.486
2004-02-24,22.3571,22.3571,22.1818,22.1879,0.003,22.506
2004-02-25,22.0670,22.1214,21.9461,22.0307,0.003,22.518
2004-02-26,22.1214,22.3027,22.0670,22.2725,0.002,22.528
2004-02-27,22.2120,22.4236,22.2000,22.4236,0.004,22.548
2004-03-01,22.3632,22.3632,21.9401,21.9401,0.007,22.551
2004-03-02,21.8796,21.9401,21.8192,21.8192,0.004,22.543
2004-03-03,21.7587,21.7587,21.5774,21.6197,0.007,22.531
2004-03-04,21.6681,21.8796,21.6379,21.8796,0.002,22.521
2004-03-05,21.7587,22.3632,21.7587,22.3632,0.004,22.518
2004-03-08,22.3632,22.4417,22.3632,22.4417,0.003,22.517
2004-03-09,22.3632,22.3632,22.1214,22.1516,0.004,22.513
2004-03-10,22.1214,22.2362,22.1214,22.1577,0.003,22.512
2004-03-11,22.1577,22.1697,22.0670,22.0670,0.004,22.510
2004-03-12,22.0005,22.1818,21.9824,22.1516,0.008,22.508
2004-03-15,22.0609,22.1939,21.3296,21.3296,0.010,22.498
2004-03-16,21.2148,21.2148,20.9126,20.9307,0.006,22.480
2004-03-17,21.0032,21.2148,21.0032,21.2148,0.007,22.463
2004-03-18,21.1543,21.2450,21.1241,21.2148,0.001,22.444
2004-03-19,21.2148,21.2148,21.0334,21.0334,0.006,22.419
2004-03-22,21.0334,21.0334,20.9126,20.9126,0.004,22.379
2004-03-23,21.0334,21.0334,20.9247,20.9247,0.001,22.332
2004-03-24,20.8521,20.9428,20.7917,20.8280,0.002,22.291
2004-03-25,20.8823,21.0637,20.8823,21.0334,0.003,22.259
2004-03-26,20.9730,21.0334,20.9428,20.9428,0.001,22.223
2004-03-29,21.0032,21.0939,21.0032,21.0939,0.002,22.190
2004-03-30,21.0878,21.0939,20.9730,20.9791,0.001,22.152
2004-03-31,20.9730,21.0939,20.9186,21.0939,0.004,22.117
2004-04-01,21.1241,21.1422,21.0939,21.0939,0.001,22.083
2004-04-02,21.1543,21.5472,21.1060,21.5472,0.004,22.058
2004-04-05,21.4868,21.7285,21.4868,21.7285,0.001,22.037
2004-04-06,21.7587,21.8192,21.6983,21.7285,0.002,22.015
2004-04-07,21.6983,21.7587,21.6379,21.7587,0.001,21.994
2004-04-08,21.8192,21.8192,21.6076,21.6076,0.008,21.972
2004-04-12,21.5774,21.5774,21.1846,21.1846,0.008,21.941
2004-04-13,21.1846,21.2450,21.1302,21.1543,0.023,21.908
2004-04-14,21.1604,21.1604,20.8521,20.8521,0.003,21.872
2004-04-15,21.0032,21.0637,20.8521,20.9126,0.005,21.838
2004-04-16,20.9730,21.1483,20.9428,21.0455,0.021,21.810
2004-04-19,21.1241,21.1241,20.8823,20.9730,0.005,21.786
2004-04-20,20.9126,21.0032,20.7312,20.7312,0.009,21.744
2004-04-21,20.7917,20.7917,20.4653,20.5499,0.008,21.699
2004-04-22,20.6406,20.6648,20.5862,20.6587,0.023,21.656
2004-04-23,20.6104,20.6164,20.4895,20.6104,0.005,21.611
2004-04-26,20.5499,20.6406,20.5499,20.5983,0.004,21.565
2004-04-27,20.6708,20.7312,20.6466,20.7010,0.008,21.525
2004-04-28,20.6406,20.7312,20.5801,20.6587,0.005,21.480
2004-04-29,20.5499,20.6104,20.4895,20.4895,0.007,21.430
2004-04-30,20.4895,20.5137,20.4593,20.4593,0.015,21.383
2004-05-03,20.4653,20.4955,20.3746,20.4290,0.002,21.337
2004-05-04,20.4290,20.4895,20.3686,20.3686,0.009,21.298
2004-05-05,20.3082,20.4290,20.2477,20.2779,0.004,21.259
2004-05-06,20.2787,20.3515,20.0785,20.0785,0.007,21.220
2004-05-07,20.1391,20.3818,19.9996,20.0057,0.021,21.175
2004-05-10,19.9572,19.9875,19.9450,19.9572,0.009,21.126
2004-05-11,19.8965,19.9572,19.8480,19.9572,0.004,21.086
2004-05-12,19.8662,20.0178,19.6903,20.0178,0.061,21.050
2004-05-13,20.0785,20.0785,19.8358,19.9511,0.003,21.017
2004-05-14,19.8662,20.0178,19.8116,19.9450,0.004,20.978
2004-05-17,19.9572,19.9572,19.7145,19.8298,0.011,20.927
2004-05-18,19.8965,19.8965,19.7206,19.8298,0.003,20.875
2004-05-19,19.9268,19.9875,19.8662,19.9268,0.007,20.831
2004-05-20,19.9572,20.1998,19.9268,19.9875,0.008,20.787
2004-05-21,20.0178,21.0794,20.0178,21.0794,0.005,20.767
2004-05-24,21.2007,21.6556,21.2007,21.6496,0.007,20.757
2004-05-25,21.6556,22.4442,21.5343,22.4442,0.007,20.780
2004-05-26,22.6262,22.6262,22.2622,22.2622,0.004,20.806
2004-05-27,22.1409,22.2016,21.9893,21.9893,0.003,20.822
2004-05-28,21.9893,21.9953,21.8376,21.8983,0.006,20.835
2004-06-01,21.8983,21.8983,21.6374,21.7709,0.005,20.850
2004-06-02,21.8073,21.8073,21.8073,21.8073,0.000,20.868
2004-06-03,21.6860,21.6860,21.3523,21.3523,0.004,20.877
2004-06-04,21.2310,21.2310,20.9884,20.9884,0.003,20.880
2004-06-07,21.1097,21.2007,20.6851,21.0490,0.007,20.880
2004-06-08,21.1461,21.1461,20.9884,20.9884,0.008,20.881
2004-06-09,21.0187,21.0490,20.9277,20.9338,0.024,20.878
2004-06-10,20.9884,21.1097,20.9884,21.0490,0.010,20.879
2004-06-14,21.0490,21.0490,20.2301,20.2301,0.008,20.862
2004-06-15,20.2362,20.3818,20.0785,20.2787,0.010,20.846
2004-06-16,20.3211,20.3818,20.2605,20.3272,0.005,20.821
2004-06-17,20.3818,20.5031,20.2908,20.4485,0.004,20.796
2004-06-18,20.4485,20.6548,20.4182,20.6548,0.013,20.774
2004-06-21,20.8064,20.9884,20.7457,20.9277,0.006,20.758
2004-06-22,20.8671,20.9884,20.5638,20.9884,0.014,20.745
2004-06-23,20.9884,21.2614,20.9277,21.2492,0.008,20.746
2004-06-24,21.3281,21.6860,21.2492,21.6860,0.008,20.757
2004-06-25,21.7466,21.9893,21.5343,21.9893,0.023,20.780
2004-06-28,22.0803,22.2016,21.6556,21.9589,0.005,20.801
2004-06-29,21.8376,22.2622,21.8376,22.2258,0.007,20.824
2004-06-30,22.3229,22.5655,22.3229,22.5049,0.005,20.855
2004-07-01,22.5655,23.2935,22.3350,23.2935,0.017,20.906
2004-07-02,23.2328,23.2328,23.1418,23.1964,0.004,20.959
2004-07-06,23.1115,23.1115,22.7779,22.8385,0.004,21.003
2004-07-07,22.8385,22.8385,22.6869,22.7293,0.003,21.045
2004-07-08,22.7293,22.8082,22.5049,22.5959,0.046,21.085
2004-07-09,22.5959,22.5959,22.3896,22.4928,0.015,21.121
2004-07-12,22.4928,22.7293,22.4442,22.7293,0.003,21.162
2004-07-13,22.7293,22.9598,22.7293,22.9598,0.004,21.212
2004-07-14,22.8992,22.9902,22.8688,22.9902,0.006,21.262
2004-07-15,23.0508,23.0812,23.0023,23.0812,0.003,21.315
2004-07-16,23.2025,23.2025,23.0569,23.0933,0.009,21.370
2004-07-19,23.1054,23.1115,22.9295,23.1115,0.004,21.427
2004-07-20,23.0508,23.0508,22.9356,22.9902,0.005,21.485
2004-07-21,22.9962,22.9962,22.8870,22.8992,0.011,21.543
2004-07-22,22.8082,22.8385,22.6869,22.7536,0.010,21.599
2004-07-23,22.7475,22.7475,22.5959,22.5959,0.004,21.651
2004-07-26,22.4442,22.7233,22.4139,22.7172,0.007,21.705
2004-07-27,22.6262,22.8082,22.5049,22.7172,0.003,21.761
2004-07-28,22.6262,22.7172,22.5049,22.6565,0.001,21.815
2004-07-29,22.7172,22.7475,22.5655,22.7475,0.002,21.873
2004-07-30,22.7900,22.8021,22.6565,22.6869,0.003,21.930
2004-08-02,22.5655,22.5655,22.4139,22.4200,0.006,21.980
2004-08-03,22.3672,22.3672,21.8134,21.8134,0.003,22.017
2004-08-04,21.7586,22.0629,21.6673,22.0568,0.005,22.036
2004-08-05,22.0020,22.0690,21.7586,21.8438,0.005,22.040
2004-08-06,21.7586,21.8499,21.7586,21.7708,0.004,22.027
2004-08-09,21.6673,21.7890,21.5456,21.6369,0.004,22.014
2004-08-10,21.6977,21.8194,21.6612,21.7586,0.002,22.010
2004-08-11,21.6977,21.6977,21.5456,21.5943,0.001,22.004
2004-08-12,21.5151,21.5151,21.3021,21.3082,0.012,21.994
2004-08-13,21.3630,21.4238,21.1804,21.3691,0.002,21.986
2004-08-16,21.4421,21.4847,21.4238,21.4847,0.014,21.988
2004-08-17,21.4847,21.6064,21.4238,21.5456,0.008,21.999
2004-08-18,21.4847,21.7890,21.4847,21.7282,0.005,22.013
2004-08-19,21.6673,21.7586,21.6673,21.7282,0.002,22.028
2004-08-20,21.7890,22.1846,21.7282,22.1846,0.009,22.053
2004-08-23,22.1238,22.4707,22.1238,22.4646,0.005,22.081
2004-08-24,22.4707,22.5194,22.3976,22.5194,0.001,22.127
2004-08-25,22.4950,22.5924,22.4403,22.4889,0.006,22.171
2004-08-26,22.5133,22.5133,22.3976,22.5011,0.003,22.215
2004-08-27,22.4829,22.4889,22.4037,22.4768,0.002,22.255
2004-08-30,22.3976,22.6107,22.2455,22.4585,0.003,22.291
2004-08-31,22.3976,22.8237,22.3916,22.7324,0.004,22.327
2004-09-01,22.6715,23.1341,22.6715,22.7628,0.004,22.363
2004-09-02,22.6411,23.1097,22.5802,23.1097,0.002,22.400
2004-09-03,23.1889,23.3410,23.0063,23.3410,0.004,22.433
2004-09-07,23.3410,23.3410,23.0063,23.0671,0.009,22.455
2004-09-08,23.0063,23.1219,22.9150,22.9880,0.006,22.475
2004-09-09,23.0671,23.7306,23.0306,23.7306,0.006,22.505
2004-09-10,23.8584,23.8584,23.7366,23.8218,0.002,22.532
2004-09-13,23.8279,23.8279,23.7306,23.7306,0.009,22.540
2004-09-14,23.7366,23.7366,23.3167,23.4506,0.004,22.545
2004-09-15,23.3715,23.3715,23.1584,23.2802,0.003,22.554
2004-09-16,23.3715,23.4932,22.8846,23.0063,0.004,22.560
2004-09-17,23.0671,23.0671,22.5802,22.7750,0.008,22.563
2004-09-20,22.8846,22.8846,22.4889,22.4889,0.002,22.563
2004-09-21,22.5498,22.7628,22.4281,22.6411,0.006,22.562
2004-09-22,22.5802,22.7020,22.4889,22.5802,0.006,22.554
2004-09-23,22.4585,22.6411,22.4585,22.4585,0.003,22.543
2004-09-24,22.4463,22.4463,22.3368,22.3368,0.001,22.528
2004-09-27,22.2759,22.5072,22.2759,22.3976,0.001,22.515
2004-09-28,22.2820,22.2881,22.0020,22.1481,0.005,22.495
2004-09-29,22.0629,22.3672,21.9777,22.3672,0.002,22.483
2004-09-30,22.3064,22.4889,22.3064,22.4889,0.001,22.475
2004-10-01,22.5802,23.0671,22.4889,23.0671,0.003,22.481
2004-10-04,23.0063,23.2193,23.0063,23.1280,0.002,22.492
2004-10-05,23.0063,23.0063,22.8846,22.9089,0.002,22.495
2004-10-06,22.9211,22.9454,22.8237,22.9454,0.002,22.500
2004-10-07,22.8237,22.8237,22.4585,22.4585,0.002,22.496
2004-10-08,22.3976,22.5498,22.3855,22.4585,0.001,22.490
2004-10-11,22.5802,22.5802,22.5681,22.5741,0.001,22.488
2004-10-12,22.5194,22.9758,22.5194,22.7567,0.002,22.495
2004-10-13,22.6715,22.7141,22.4463,22.4463,0.002,22.507
2004-10-14,22.4524,22.4524,21.9168,21.9168,0.004,22.505
2004-10-15,21.9594,21.9594,21.8986,21.8986,0.001,22.506
2004-10-18,21.9047,22.0020,21.8499,21.8864,0.001,22.508
2004-10-19,21.9716,22.0325,21.8499,21.9107,0.016,22.513
2004-10-20,21.9959,22.2759,21.9959,22.1542,0.004,22.521
2004-10-21,22.2455,22.2455,22.0325,22.0751,0.002,22.531
2004-10-22,21.9716,22.0933,21.9107,21.9716,0.008,22.544
2004-10-25,22.0629,22.3307,21.9716,21.9777,0.004,22.556
2004-10-26,21.9777,22.7020,21.9777,22.6411,0.004,22.580
2004-10-27,22.7628,23.0063,22.5194,22.8115,0.004,22.605
2004-10-28,22.8846,22.8846,22.2455,22.2942,0.006,22.616
2004-10-29,22.2942,23.2497,22.2942,22.9941,0.009,22.641
2004-11-01,22.9454,23.1645,22.5194,22.7020,0.003,22.652
2004-11-02,22.7933,22.7933,22.4463,22.5194,0.005,22.653
2004-11-03,22.5802,22.6411,22.4159,22.6411,0.003,22.655
2004-11-04,22.6216,23.0306,22.6216,23.0245,0.005,22.666
2004-11-05,23.0795,23.2016,22.6277,22.7742,0.009,22.672
2004-11-08,22.8841,23.0795,22.8841,23.0795,0.002,22.684
2004-11-09,23.1528,23.2627,23.1528,23.1711,0.001,22.698
2004-11-10,23.2016,23.2321,23.1405,23.1955,0.012,22.707
2004-11-11,23.2016,23.2077,23.0184,23.1894,0.012,22.716
2004-11-12,23.1528,23.1528,22.4750,22.6521,0.013,22.706
2004-11-15,22.7131,22.7131,22.0415,22.3468,0.019,22.687
2004-11-16,22.3895,22.5605,22.3102,22.5605,0.015,22.676
2004-11-17,22.5605,22.7131,22.3773,22.4262,0.012,22.665
2004-11-18,22.4994,22.4994,22.2980,22.4994,0.013,22.641
2004-11-19,22.4384,22.5910,22.2735,22.5666,0.011,22.615
2004-11-22,22.5910,22.7131,22.3773,22.7131,0.020,22.595
2004-11-23,22.8047,22.8047,22.3773,22.5910,0.018,22.578
2004-11-24,22.5910,22.7131,22.2613,22.5605,0.011,22.564
2004-11-26,22.4689,22.4689,21.7362,22.1026,0.006,22.545
2004-11-29,22.1942,22.7681,21.9805,22.7681,0.014,22.545
2004-11-30,22.6765,22.6765,21.9866,22.2857,0.015,22.541
2004-12-01,22.2857,22.7437,22.1881,22.6521,0.006,22.541
2004-12-02,22.5727,22.7742,22.5727,22.6826,0.006,22.544
2004-12-03,22.7742,22.8047,22.7437,22.7437,0.000,22.549
2004-12-06,22.5910,22.5910,22.2247,22.2247,0.008,22.547
2004-12-07,22.3163,22.3773,21.6813,21.6813,0.014,22.533
2004-12-08,21.6874,21.8095,21.0951,21.6141,0.011,22.522
2004-12-09,21.7362,21.7362,21.1928,21.6752,0.030,22.508
2004-12-10,21.7973,22.6582,21.7057,22.2857,0.011,22.504
2004-12-13,22.3468,22.5910,22.2247,22.5300,0.005,22.493
2004-12-14,22.6521,22.8047,22.4994,22.6277,0.005,22.483
2004-12-15,22.5300,22.6216,22.4811,22.5971,0.003,22.477
2004-12-16,22.6521,22.8597,22.5300,22.5910,0.002,22.470
2004-12-17,22.6521,22.6521,22.4384,22.4750,0.006,22.470
2004-12-20,22.4750,22.5971,22.4384,22.5910,0.010,22.473
2004-12-21,22.7437,22.7742,22.6643,22.7254,0.031,22.476
2004-12-22,22.6826,23.0551,22.6826,23.0184,0.019,22.481
2004-12-23,23.1405,23.1405,22.8963,22.9879,0.014,22.492
2004-12-27,23.1100,23.2932,23.0551,23.0612,0.008,22.515
2004-12-28,23.0795,23.2199,22.9268,23.2077,0.010,22.541
2004-12-29,23.1405,23.1894,23.1100,23.1100,0.003,22.566
2004-12-30,23.2016,23.2016,22.8963,22.9757,0.003,22.587
2004-12-31,22.8353,22.8902,22.5971,22.6826,0.008,22.597
2005-01-03,22.5910,22.6338,22.3163,22.5300,0.015,22.607
2005-01-04,22.5910,22.8353,22.5056,22.8353,0.008,22.624
2005-01-05,22.7131,22.8475,22.4079,22.5422,0.008,22.635
2005-01-06,22.6521,22.8353,22.5300,22.8353,0.007,22.639
2005-01-07,22.7437,22.8353,22.7193,22.7498,0.005,22.638
2005-01-10,22.7498,22.9452,22.7437,22.7559,0.008,22.647
2005-01-11,22.7437,22.9818,22.7437,22.7681,0.008,22.643
2005-01-12,22.6521,22.6643,22.3468,22.6643,0.006,22.642
2005-01-13,22.5910,22.5910,22.2857,22.3163,0.005,22.638
2005-01-14,22.4384,22.4384,22.2552,22.3468,0.004,22.632
2005-01-18,22.3468,22.3468,22.1392,22.2003,0.004,22.615
2005-01-19,22.2857,22.2857,21.7362,21.7851,0.008,22.596
2005-01-20,21.8889,21.8889,21.1867,21.3638,0.011,22.561
2005-01-21,21.6752,22.0354,21.5653,21.7301,0.010,22.532
2005-01-24,21.8584,22.1636,21.7729,22.0843,0.012,22.510
2005-01-25,22.1942,22.4384,22.1942,22.4384,0.007,22.495
2005-01-26,22.5605,22.6460,22.4689,22.6155,0.008,22.494
2005-01-27,22.7437,22.7437,22.2857,22.2857,0.004,22.493
2005-01-28,22.1636,22.3468,21.3088,21.4310,0.014,22.471
2005-01-31,21.4920,21.6752,21.3394,21.5836,0.011,22.454
2005-02-01,21.7057,21.7362,21.6141,21.6263,0.007,22.436
2005-02-02,21.5225,22.0415,21.5225,21.8339,0.029,22.422
2005-02-03,21.8398,21.9011,21.3252,21.9011,0.020,22.405
2005-02-04,21.8950,21.9991,21.8092,21.9869,0.009,22.393
2005-02-07,22.0542,22.3606,22.0542,22.2135,0.028,22.386
2005-02-08,22.2135,22.4218,22.2135,22.4218,0.009,22.393
2005-02-09,22.3299,22.3299,21.9072,22.2319,0.007,22.382
2005-02-10,22.2993,22.2993,21.9011,22.1461,0.092,22.379
2005-02-11,22.2380,22.2380,21.8092,21.8092,0.018,22.362
2005-02-14,21.7173,21.8766,21.7173,21.8766,0.017,22.346
2005-02-15,21.9930,21.9930,21.4416,21.5642,0.007,22.323
2005-02-16,21.4416,21.6560,21.3191,21.3191,0.016,22.305
2005-02-17,21.3191,21.4355,21.2885,21.4355,0.020,22.300
2005-02-18,21.4110,21.5703,21.2885,21.5580,0.005,22.299
2005-02-22,21.6867,21.7173,21.2885,21.2885,0.011,22.291
2005-02-23,21.2885,21.4661,21.0128,21.0128,0.014,22.265
2005-02-24,21.0189,21.1414,20.8474,20.8474,0.011,22.232
2005-02-25,20.9209,21.4845,20.8290,21.4355,0.012,22.208
2005-02-28,21.5335,21.5948,21.2762,21.3375,0.014,22.183
2005-03-01,21.4416,21.4416,21.2578,21.3314,0.009,22.157
2005-03-02,21.4416,21.4416,21.2823,21.2823,0.006,22.134
2005-03-03,21.2885,21.3804,21.2885,21.3252,0.004,22.108
2005-03-04,21.3987,21.4600,21.1966,21.4600,0.008,22.083
2005-03-07,21.3559,21.5519,21.3559,21.5029,0.006,22.053
2005-03-08,21.4416,21.4478,21.2885,21.4232,0.004,22.021
2005-03-09,21.4845,21.4845,21.1353,21.1353,0.010,21.983
2005-03-10,21.0741,21.1353,20.9209,20.9209,0.007,21.937
2005-03-11,20.9270,21.0005,20.5778,20.6085,0.005,21.887
2005-03-14,20.6085,20.8229,20.6085,20.7984,0.001,21.844
2005-03-15,20.8841,21.0863,20.8841,21.0005,0.007,21.810
2005-03-16,20.9515,21.1292,20.8964,21.0741,0.004,21.781
2005-03-17,21.0741,21.2272,21.0741,21.1353,0.003,21.747
2005-03-18,21.2272,21.2272,20.7984,20.7984,0.017,21.712
2005-03-21,20.7065,20.7187,20.5227,20.5227,0.003,21.666
2005-03-22,20.6452,20.6452,20.5166,20.5595,0.016,21.622
2005-03-23,20.5595,20.7371,20.5595,20.7065,0.003,21.581
2005-03-24,20.7677,20.8596,20.7677,20.8290,0.006,21.542
2005-03-28,20.8290,20.8964,20.7984,20.8045,0.006,21.505
2005-03-29,20.8290,20.8351,20.5533,20.5595,0.010,21.470
2005-03-30,20.5595,20.8290,20.4614,20.8290,0.002,21.439
2005-03-31,20.7371,20.7371,20.5227,20.6759,0.005,21.409
2005-04-01,20.7677,20.7677,20.5227,20.6452,0.009,21.386
2005-04-04,20.5533,20.5595,20.4614,20.5350,0.004,21.370
2005-04-05,20.4614,20.4614,20.4063,20.4063,0.006,21.343
2005-04-06,20.4492,20.6023,20.4186,20.5288,0.010,21.312
2005-04-07,20.5288,20.7065,20.5288,20.7065,0.004,21.277
2005-04-08,20.7984,21.1353,20.7616,21.0496,0.006,21.246
2005-04-11,20.9515,21.1292,20.9270,21.0802,0.003,21.222
2005-04-12,21.0005,21.1659,20.9209,21.1598,0.004,21.216
2005-04-13,21.0496,21.0557,20.9393,20.9515,0.003,21.204
2005-04-14,21.0128,21.0128,20.9515,20.9515,0.001,21.190
2005-04-15,20.9699,20.9699,20.5288,20.5533,0.008,21.165
2005-04-18,20.3389,20.4308,20.2777,20.2777,0.004,21.132
2005-04-19,20.2286,20.2777,19.7937,19.9101,0.011,21.091
2005-04-20,19.9101,19.9775,19.9101,19.9713,0.011,21.046
2005-04-21,20.0632,20.5901,19.9713,20.1980,0.006,21.001
2005-04-22,20.0939,20.5227,19.9836,20.2225,0.008,20.961
2005-04-25,20.1245,20.1551,19.9713,20.0449,0.005,20.919
2005-04-26,19.9775,20.0939,19.9407,19.9713,0.018,20.882
2005-04-27,19.8795,19.8795,19.3036,19.3220,0.009,20.831
2005-04-28,19.3158,19.3158,18.9728,19.1076,0.008,20.782
2005-04-29,19.1137,19.2485,19.0830,19.2362,0.013,20.741
2005-05-02,19.3465,19.3526,19.1749,19.3097,0.004,20.698
2005-05-03,19.2362,19.4200,19.2362,19.4139,0.009,20.655
2005-05-04,19.5119,19.8182,19.5119,19.7876,0.006,20.625
2005-05-05,19.9035,20.0265,19.8297,20.0265,0.009,20.605
2005-05-06,19.9220,19.9834,19.8297,19.9834,0.008,20.588
2005-05-09,20.0449,20.0449,19.8851,19.9342,0.003,20.558
2005-05-10,19.8297,19.8297,19.6453,19.6944,0.009,20.525
2005-05-11,19.7682,19.8297,19.6207,19.6760,0.004,20.492
2005-05-12,19.6760,19.9220,19.6760,19.6760,0.007,20.460
2005-05-13,19.5838,19.5838,19.3993,19.5284,0.005,20.424
2005-05-16,19.6145,20.0080,19.5223,20.0019,0.006,20.395
2005-05-17,20.0080,20.0142,19.8605,19.9834,0.002,20.365
2005-05-18,20.0757,20.6291,20.0449,20.3524,0.007,20.343
2005-05-19,20.4753,20.6598,20.3831,20.4630,0.004,20.330
2005-05-20,20.5122,20.5307,20.4323,20.5307,0.001,20.322
2005-05-23,20.5676,20.5676,20.3524,20.3524,0.003,20.317
2005-05-24,20.2601,20.3278,20.2601,20.2601,0.004,20.306
2005-05-25,20.1679,20.1741,19.7067,19.7067,0.005,20.280
2005-05-26,19.8297,20.1986,19.7682,20.0695,0.013,20.260
2005-05-27,19.9834,19.9834,19.5223,19.6330,0.013,20.230
2005-05-31,19.5776,19.6760,19.5530,19.5838,0.008,20.206
2005-06-01,19.5223,19.6637,19.5161,19.6637,0.010,20.188
2005-06-02,19.5530,19.6391,19.5530,19.5653,0.019,20.169
2005-06-03,19.5223,19.5223,19.1534,19.2702,0.019,20.140
2005-06-06,19.1841,19.4362,19.1780,19.4301,0.010,20.112
2005-06-07,19.3932,19.8666,19.3317,19.6760,0.009,20.089
2005-06-08,19.6330,19.6760,19.5838,19.5838,0.011,20.070
2005-06-09,19.5223,19.6637,19.4608,19.5530,0.011,20.044
2005-06-10,19.5284,19.8174,19.4485,19.8174,0.074,20.027
2005-06-13,19.8174,20.5061,19.8174,20.5061,0.033,20.024
2005-06-14,20.4139,20.7520,20.3708,20.7520,0.020,20.029
2005-06-15,20.8443,21.2808,20.7520,21.1824,0.011,20.044
2005-06-16,21.2808,21.3977,20.9980,21.3977,0.007,20.062
2005-06-17,21.4591,21.4591,21.2808,21.2808,0.021,20.073
2005-06-20,21.1517,21.1517,20.3032,20.3093,0.009,20.058
2005-06-21,20.2909,20.3032,20.1679,20.3032,0.004,20.043
2005-06-22,20.2294,20.2294,19.6699,19.6760,0.019,20.013
2005-06-23,19.5530,19.6822,19.4608,19.6453,0.029,19.987
2005-06-24,19.6453,20.2601,19.5838,20.2601,0.043,19.973
2005-06-27,20.2294,20.2294,19.9342,20.1986,0.008,19.966
2005-06-28,20.2909,20.3831,20.1986,20.2909,0.005,19.966
2005-06-29,20.3524,20.3524,20.1679,20.2232,0.003,19.973
2005-06-30,20.2909,20.5860,20.2294,20.4876,0.007,19.983
2005-07-01,20.4261,20.6291,20.4261,20.6291,0.002,19.991
2005-07-05,20.0142,20.5983,19.7067,20.5983,0.016,19.999
2005-07-06,20.5983,20.7828,20.5368,20.6967,0.005,20.012
2005-07-07,20.6905,20.7951,20.5983,20.7643,0.005,20.028
2005-07-08,20.6905,21.3792,20.6905,21.3792,0.008,20.069
2005-07-11,21.3792,21.3792,21.2009,21.3362,0.009,20.114
2005-07-12,21.3362,21.3669,21.1271,21.1271,0.015,20.151
2005-07-13,21.2132,21.2132,20.5122,20.6967,0.006,20.179
2005-07-14,20.7520,20.7520,20.5368,20.5983,0.015,20.203
2005-07-15,20.5983,20.9119,20.5983,20.9058,0.003,20.225
2005-07-18,20.8750,20.8750,20.7520,20.7520,0.002,20.240
2005-07-19,20.7828,20.7951,20.5676,20.5983,0.015,20.252
2005-07-20,20.6598,20.7213,20.6168,20.6598,0.003,20.267
2005-07-21,20.6537,20.6537,20.4446,20.4507,0.004,20.282
2005-07-22,20.4507,20.8750,20.3831,20.8750,0.013,20.306
2005-07-25,20.8135,20.8750,20.6905,20.6905,0.002,20.326
2005-07-26,20.5983,20.8443,20.5737,20.8443,0.003,20.352
2005-07-27,20.9365,20.9365,20.7397,20.7397,0.003,20.367
2005-07-28,20.7336,20.7520,20.6905,20.7520,0.006,20.382
2005-07-29,20.7520,20.8443,20.7151,20.8443,0.016,20.392
2005-08-01,20.8135,20.9058,20.6598,20.7520,0.007,20.398
2005-08-02,20.7582,20.8381,20.6905,20.7520,0.006,20.402
2005-08-03,20.7951,20.7951,20.6291,20.6291,0.006,20.408
2005-08-04,20.6106,20.6476,20.6044,20.6229,0.018,20.415
2005-08-05,20.5920,20.5920,20.4068,20.5612,0.007,20.432
2005-08-08,20.4685,20.6229,20.4685,20.5797,0.014,20.442
2005-08-09,20.6538,20.7155,20.6538,20.7155,0.007,20.464
2005-08-10,20.6538,20.7834,20.4994,20.5612,0.017,20.484
2005-08-11,20.6106,20.6106,20.3759,20.4994,0.004,20.500
2005-08-12,20.4685,20.4685,20.0919,20.1907,0.011,20.513
2005-08-15,20.1289,20.3142,19.9746,20.2524,0.004,20.533
2005-08-16,20.1907,20.2463,20.0672,20.0672,0.009,20.545
2005-08-17,20.0672,20.0672,19.9684,19.9684,0.013,20.551
2005-08-18,19.9437,20.2648,19.9128,20.0672,0.018,20.561
2005-08-19,20.1104,20.1598,19.9128,20.1289,0.108,20.572
2005-08-22,20.1907,20.1907,20.0672,20.1907,0.028,20.580
2005-08-23,20.1907,20.1907,20.1104,20.1598,0.018,20.573
2005-08-24,20.1907,20.3142,20.1413,20.1907,0.020,20.562
2005-08-25,20.1598,20.4685,20.0363,20.3204,0.033,20.544
2005-08-26,20.3636,20.4685,20.2833,20.4377,0.026,20.525
2005-08-29,20.4994,20.6106,20.4377,20.5612,0.024,20.511
2005-08-30,20.6229,20.6229,20.0672,20.2154,0.014,20.509
2005-08-31,20.1413,20.4871,19.9128,19.9128,0.097,20.501
2005-09-01,20.0363,20.2524,20.0363,20.1907,0.032,20.511
2005-09-02,20.0672,20.1845,20.0487,20.1598,0.010,20.522
2005-09-06,20.1907,20.6229,20.1907,20.6229,0.007,20.529
2005-09-07,20.5612,20.9625,20.5303,20.9625,0.011,20.544
2005-09-08,20.9008,21.2095,20.8822,21.1971,0.042,20.562
2005-09-09,21.0860,21.5800,21.0860,21.5800,0.010,20.590
2005-09-12,21.4873,21.5923,21.4565,21.5491,0.012,20.611
2005-09-13,21.5553,21.5985,21.5306,21.5676,0.013,20.630
2005-09-14,21.5676,21.5800,21.4565,21.4626,0.023,20.647
2005-09-15,21.4256,21.5738,21.3824,21.5738,0.016,20.664
2005-09-16,21.5800,21.6108,21.5182,21.5800,0.060,20.681
2005-09-19,21.5491,21.7343,21.3083,21.3083,0.016,20.679
2005-09-20,21.3145,21.3639,21.1724,21.1724,0.013,20.676
2005-09-21,21.0860,21.0860,20.2092,20.2092,0.015,20.658
2005-09-22,20.1289,20.1289,19.8387,19.8449,0.014,20.641
2005-09-23,19.9128,19.9622,19.6967,19.9622,0.015,20.628
2005-09-26,19.8511,20.5612,19.8511,20.4377,0.023,20.618
2005-09-27,20.3142,20.5303,20.2463,20.3574,0.018,20.611
2005-09-28,20.2524,20.4068,20.2216,20.2216,0.010,20.603
2005-09-29,20.1289,20.2586,19.9437,20.2586,0.023,20.595
2005-09-30,20.9872,20.9934,20.2277,20.9934,0.011,20.606
2005-10-03,20.9008,21.3639,20.9008,21.3453,0.013,20.615
2005-10-04,21.4256,21.4256,20.7464,20.7464,0.010,20.616
2005-10-05,20.6847,20.6847,20.2833,20.3759,0.018,20.607
2005-10-06,20.4994,20.4994,20.2833,20.2957,0.014,20.598
2005-10-07,20.3759,20.5612,20.3142,20.4377,0.009,20.592
2005-10-10,20.3451,20.3883,20.1289,20.1351,0.007,20.578
2005-10-11,20.2524,20.2833,20.1413,20.1783,0.005,20.566
2005-10-12,20.1845,20.1845,19.6473,19.7893,0.013,20.547
2005-10-13,19.7770,19.7770,19.6350,19.7214,0.014,20.529
2005-10-14,19.8202,20.0672,19.6041,20.0672,0.004,20.518
2005-10-17,20.0672,20.0672,19.8202,19.8264,0.004,20.503
2005-10-18,19.9128,20.2092,19.8079,20.0857,0.008,20.493
2005-10-19,20.0055,20.4871,19.9375,20.4871,0.008,20.489
2005-10-20,20.5920,21.0243,20.3142,20.3204,0.011,20.484
2005-10-21,20.3512,20.7649,20.2154,20.6229,0.009,20.486
2005-10-24,20.7464,21.0551,20.7155,21.0551,0.016,20.503
2005-10-25,20.4685,21.4565,20.4685,21.4565,0.006,20.528
2005-10-26,21.4565,21.5800,20.2216,20.5859,0.006,20.538
2005-10-27,19.9993,20.7094,19.9499,20.3698,0.012,20.546
2005-10-28,20.7217,21.9628,20.3759,21.9628,0.007,20.584
2005-10-31,21.8578,21.9010,21.1169,21.6232,0.027,20.614
2005-11-01,21.2651,21.6047,20.9996,21.0057,0.010,20.630
2005-11-02,21.0057,21.1601,20.9996,21.1601,0.010,20.650
2005-11-03,21.6325,21.7007,20.8822,20.8822,0.010,20.664
2005-11-04,20.7706,21.0186,20.6466,20.7024,0.008,20.672
2005-11-07,21.0682,21.0682,20.2188,20.6776,0.008,20.676
2005-11-08,20.4234,20.7458,20.4234,20.5784,0.006,20.677
2005-11-09,20.4668,20.5474,20.0886,20.2436,0.007,20.677
2005-11-10,19.7476,20.1506,19.7476,20.1506,0.047,20.682
2005-11-11,20.1382,20.1506,20.0142,20.0142,0.012,20.678
2005-11-14,20.0576,20.0576,19.8344,19.9646,0.008,20.675
2005-11-15,19.8716,20.0576,19.8654,19.9708,0.010,20.662
2005-11-16,19.8406,19.9522,19.8406,19.8406,0.014,20.639
2005-11-17,19.9150,19.9150,19.7104,19.8282,0.021,20.612
2005-11-18,19.7724,20.1568,19.6856,19.9460,0.015,20.579
2005-11-21,19.9956,20.1692,19.8716,20.0886,0.012,20.550
2005-11-22,19.9460,20.1196,19.8406,19.8530,0.020,20.516
2005-11-23,20.1754,20.2498,19.9398,20.2188,0.019,20.491
2005-11-25,20.1506,20.1568,20.0142,20.0576,0.010,20.460
2005-11-28,20.3800,20.4544,19.8902,19.9460,0.016,20.428
2005-11-29,20.1878,20.3056,20.1506,20.3056,0.004,20.408
2005-11-30,20.3366,20.3614,20.1630,20.2064,0.009,20.388
2005-12-01,20.3614,20.6404,20.2870,20.6404,0.026,20.397
2005-12-02,20.8202,20.8202,20.5536,20.7458,0.018,20.415
2005-12-05,20.6466,20.6466,20.2746,20.3118,0.024,20.422
2005-12-06,20.3056,20.5226,20.2436,20.4668,0.021,20.422
2005-12-07,20.5350,20.5660,20.4048,20.4048,0.011,20.423
2005-12-08,20.2994,20.8574,20.2994,20.7892,0.003,20.435
2005-12-09,20.6776,20.9566,20.6776,20.8822,0.006,20.447
2005-12-12,20.9628,21.1922,20.9256,21.1116,0.016,20.450
2005-12-13,21.2791,21.3845,21.0868,21.1426,0.010,20.446
2005-12-14,21.4155,21.4217,21.0000,21.2543,0.025,20.456
2005-12-15,21.2543,21.3163,21.0186,21.2791,0.013,20.474
2005-12-16,21.4093,21.6883,21.3349,21.4651,0.052,20.497
2005-12-19,21.7007,21.7007,20.5226,20.6652,0.008,20.502
2005-12-20,21.0434,21.0434,20.6466,20.6466,0.017,20.512
2005-12-21,20.6466,20.9442,20.6156,20.6156,0.009,20.521
2005-12-22,20.8388,20.9132,20.3056,20.9132,0.032,20.543
2005-12-23,20.7892,21.1674,20.7706,20.9752,0.008,20.568
2005-12-27,20.7334,21.4465,20.7334,21.3597,0.012,20.594
2005-12-28,21.2357,21.6635,21.2357,21.5643,0.005,20.629
2005-12-29,21.6945,21.8371,21.5891,21.7007,0.009,20.661
2005-12-30,21.7007,21.7007,20.7396,20.7706,0.014,20.667
2006-01-03,21.0062,21.4341,20.7086,21.4031,0.006,20.689
2006-01-04,21.3411,21.6635,21.1488,21.3349,0.011,20.703
2006-01-05,21.1550,21.5333,21.0868,21.5147,0.008,20.712
2006-01-06,21.5395,22.0727,21.1364,21.9363,0.008,20.722
2006-01-09,22.0913,22.0913,21.7379,21.7379,0.005,20.745
2006-01-10,21.5891,21.8743,21.4775,21.7131,0.009,20.771
2006-01-11,21.9239,21.9239,21.5767,21.7875,0.007,20.768
2006-01-12,21.9115,21.9115,21.6511,21.6511,0.003,20.768
2006-01-13,22.0851,22.0851,21.5829,21.7193,0.002,20.783
2006-01-17,21.6325,21.9177,21.5457,21.6945,0.011,20.793
2006-01-18,21.5333,21.7007,21.5209,21.7007,0.005,20.810
2006-01-19,21.9611,22.3083,21.6945,22.2091,0.006,20.840
2006-01-20,22.3703,22.3703,21.7751,21.9053,0.011,20.865
2006-01-23,21.8309,22.1843,21.7813,21.9177,0.008,20.891
2006-01-24,22.1533,22.1533,21.6201,21.6759,0.008,20.920
2006-01-25,21.7937,22.1595,21.4589,21.7937,0.015,20.953
2006-01-26,22.0665,22.2959,22.0107,22.2959,0.003,20.998
2006-01-27,22.1905,22.3517,21.3907,21.5643,0.020,21.030
2006-01-30,21.6015,21.6015,20.9256,20.9442,0.032,21.050
2006-01-31,21.0682,21.0682,20.2932,20.5350,0.040,21.064
2006-02-01,20.6342,20.6342,20.4420,20.6342,0.016,21.080
2006-02-02,20.5474,20.6844,20.3918,20.5474,0.013,21.092
2006-02-03,20.6408,20.6408,20.5474,20.6284,0.006,21.103
2006-02-06,20.5474,20.6346,20.5474,20.5537,0.008,21.117
2006-02-07,20.5474,20.6097,20.1552,20.5474,0.037,21.123
2006-02-08,20.6346,20.6346,20.5474,20.6284,0.004,21.135
2006-02-09,20.4914,20.6346,20.4914,20.5972,0.017,21.148
2006-02-10,20.4540,20.6346,20.4540,20.6035,0.006,21.154
2006-02-13,20.5101,20.6346,20.3170,20.5537,0.040,21.161
2006-02-14,20.3606,20.6346,20.3606,20.5786,0.016,21.159
2006-02-15,20.5474,20.6408,20.3980,20.5537,0.042,21.156
2006-02-16,20.6408,20.7778,20.5163,20.7778,0.011,21.165
2006-02-17,20.6657,20.9210,20.5163,20.5163,0.007,21.166
2006-02-21,20.7155,20.7155,20.5474,20.6720,0.013,21.171
2006-02-22,20.8152,20.8152,20.6221,20.7031,0.033,21.170
2006-02-23,20.5848,20.7155,20.4665,20.4727,0.023,21.161
2006-02-24,20.4727,20.6657,20.4229,20.6657,0.003,21.152
2006-02-27,20.4914,20.6595,20.4852,20.6533,0.006,21.143
2006-02-28,20.4727,20.6720,20.4540,20.5786,0.008,21.129
2006-03-01,20.4914,20.8089,20.1738,20.6159,0.057,21.116
2006-03-02,20.6408,20.9895,20.5537,20.6346,0.015,21.099
2006-03-03,20.6346,21.3008,20.6346,20.8525,0.063,21.103
2006-03-06,20.7716,20.8338,20.5474,20.6408,0.018,21.103
2006-03-07,20.6097,20.8774,20.5537,20.6035,0.011,21.103
2006-03-08,20.5474,20.7591,20.5474,20.6969,0.003,21.098
2006-03-09,20.6969,20.6969,20.3482,20.4229,0.010,21.087
2006-03-10,20.3918,20.5537,20.3918,20.5537,0.013,21.071
2006-03-13,20.7529,20.7529,20.6159,20.7155,0.014,21.054
2006-03-14,20.5101,21.0891,20.5101,21.0331,0.005,21.041
2006-03-15,20.8899,21.2137,20.6657,21.0331,0.013,21.046
2006-03-16,21.2137,21.3071,21.0829,21.2012,0.004,21.042
2006-03-17,21.3071,21.3071,20.8463,20.8463,0.052,21.032
2006-03-20,20.8276,20.8961,20.6720,20.8276,0.013,21.018
2006-03-21,20.6159,20.8588,20.5786,20.6159,0.019,20.992
2006-03-22,20.5723,20.7840,20.3918,20.7654,0.008,20.973
2006-03-23,20.6408,20.8961,20.5972,20.7529,0.003,20.953
2006-03-24,20.7342,20.9023,20.7093,20.8899,0.010,20.935
2006-03-27,20.6782,20.9459,20.6782,20.7965,0.007,20.918
2006-03-28,20.8588,21.1576,20.7965,20.9148,0.006,20.902
2006-03-29,21.1576,21.6371,21.0206,21.6122,0.013,20.901
2006-03-30,21.3693,21.6184,21.2946,21.3693,0.021,20.894
2006-03-31,21.3880,21.7554,21.3008,21.7554,0.046,20.885
2006-04-03,21.7616,21.7927,21.4503,21.5810,0.011,20.878
2006-04-04,21.7305,21.7554,21.4752,21.5312,0.002,20.871
2006-04-05,21.7242,21.7865,21.4814,21.6869,0.003,20.871
2006-04-06,21.5001,21.7367,21.4503,21.5873,0.004,20.867
2006-04-07,21.7740,21.7865,20.7342,21.2012,0.019,20.845
2006-04-10,21.1701,21.2510,21.1389,21.1639,0.014,20.837
2006-04-11,21.1389,21.1950,21.1078,21.1701,0.031,20.841
2006-04-12,21.2510,21.5873,21.1701,21.4627,0.013,20.860
2006-04-13,21.2635,21.7305,20.9708,21.3942,0.007,20.875
2006-04-17,21.1763,21.3382,21.1078,21.3382,0.025,20.891
2006-04-18,21.5437,22.2597,21.1701,22.2099,0.023,20.923
2006-04-19,22.1041,22.2722,21.6682,22.1290,0.027,20.954
2006-04-20,22.0667,22.3220,21.7740,21.9484,0.015,20.982
2006-04-21,22.2348,22.2722,21.4191,21.8737,0.012,21.007
2006-04-24,21.9484,22.1352,21.6433,21.7305,0.020,21.030
2006-04-25,21.6557,21.8924,21.2012,21.5499,0.021,21.049
2006-04-26,21.5499,21.8363,21.4191,21.5437,0.010,21.068
2006-04-27,21.4814,22.3407,21.4814,21.6557,0.016,21.090
2006-04-28,21.4814,21.5250,21.0705,21.3818,0.022,21.107
2006-05-01,21.4503,21.4565,20.9522,21.0269,0.016,21.112
2006-05-02,21.1078,21.3382,20.9833,21.2822,0.025,21.127
2006-05-03,21.3759,21.4322,21.2571,21.2946,0.020,21.139
2006-05-04,21.3821,21.8886,21.2071,21.8198,0.035,21.162
2006-05-05,21.5259,21.8135,21.2759,21.5447,0.058,21.183
2006-05-08,21.5322,21.8073,21.4572,21.6135,0.035,21.202
2006-05-09,21.6135,21.6885,21.3259,21.4509,0.020,21.218
2006-05-10,21.5509,21.6947,21.3009,21.3946,0.046,21.234
2006-05-11,21.3321,21.3321,20.8069,20.8194,0.046,21.238
2006-05-12,20.7882,21.5072,20.4881,21.0070,0.083,21.246
2006-05-15,20.8820,21.5697,20.8820,21.2071,0.047,21.253
2006-05-16,21.4009,21.4009,21.0133,21.0695,0.009,21.262
2006-05-17,20.8882,21.7573,20.7694,21.4572,0.086,21.279
2006-05-18,21.6197,21.6197,20.9195,20.9445,0.010,21.284
2006-05-19,20.7257,21.7323,20.7257,21.6010,0.040,21.307
2006-05-22,21.4947,21.7072,21.0133,21.3259,0.014,21.323
2006-05-23,21.1821,21.5134,20.8632,20.9445,0.018,21.327
2006-05-24,20.9445,21.2321,20.8570,20.9320,0.029,21.325
2006-05-25,21.2633,21.4759,20.9445,21.3384,0.020,21.331
2006-05-26,21.2133,21.5197,21.2133,21.3759,0.006,21.335
2006-05-30,21.2196,21.2633,20.9695,21.1633,0.009,21.341
2006-05-31,21.0133,21.6822,21.0070,21.5072,0.048,21.355
2006-06-01,21.5697,22.1199,21.3509,21.9636,0.055,21.382
2006-06-02,22.1449,22.1762,21.7135,21.9136,0.007,21.405
2006-06-05,21.6760,22.0199,20.9758,21.1008,0.028,21.412
2006-06-06,21.1070,21.3259,21.0008,21.2759,0.026,21.419
2006-06-07,21.3509,21.5697,21.2071,21.2571,0.009,21.428
2006-06-08,20.9507,21.5634,20.9507,21.4572,0.015,21.439
2006-06-09,21.6635,21.8448,21.5697,21.7385,0.012,21.442
2006-06-12,21.5760,21.8448,21.5634,21.7260,0.017,21.449
2006-06-13,21.5259,21.8260,21.0570,21.0758,0.012,21.435
2006-06-14,21.0820,21.4447,20.9070,21.2571,0.020,21.429
2006-06-15,21.4259,21.6010,21.1070,21.5259,0.010,21.429
2006-06-16,21.4259,21.7010,21.1321,21.5134,0.105,21.425
2006-06-19,21.6197,21.6260,20.9445,20.9507,0.024,21.413
2006-06-20,21.2633,21.2759,20.9445,21.0070,0.015,21.409
2006-06-21,21.2196,21.6385,20.9507,21.4697,0.023,21.415
2006-06-22,21.2508,21.5072,20.9507,21.0820,0.008,21.413
2006-06-23,20.9570,21.1258,20.8320,20.9320,0.012,21.402
2006-06-26,21.1696,21.4884,21.0758,21.4134,0.007,21.403
2006-06-27,21.4134,21.8635,21.2008,21.2008,0.012,21.400
2006-06-28,21.3446,21.7260,21.3446,21.6447,0.010,21.389
2006-06-29,21.8698,22.3450,21.7323,22.3137,0.016,21.392
2006-06-30,22.3887,22.7513,22.1824,22.1824,0.095,21.397
2006-07-03,22.0886,22.3325,21.8761,21.9573,0.018,21.399
2006-07-05,21.6822,22.4200,21.6822,22.3575,0.020,21.411
2006-07-06,22.2699,22.3512,21.9198,21.9761,0.023,21.420
2006-07-07,22.0136,22.4512,21.9323,22.1261,0.031,21.432
2006-07-10,22.1511,22.2699,21.8135,22.0824,0.013,21.440
2006-07-11,21.9948,21.9948,21.6385,21.8448,0.071,21.449
2006-07-12,21.7573,22.1762,21.6197,21.6385,0.097,21.462
2006-07-13,21.6135,21.6322,21.1008,21.1008,0.089,21.458
2006-07-14,21.0258,21.2571,20.9195,21.2133,0.051,21.456
2006-07-17,21.0945,21.2133,20.9195,21.2133,0.015,21.444
2006-07-18,21.0570,21.4447,21.0570,21.2508,0.037,21.438
2006-07-19,21.2508,21.6197,21.0758,21.5072,0.056,21.436
2006-07-20,21.4759,21.5697,21.0070,21.0258,0.016,21.428
2006-07-21,20.9758,21.4509,20.9632,21.0820,0.074,21.421
2006-07-24,21.3071,21.3071,21.0883,21.1883,0.021,21.429
2006-07-25,21.1383,21.7948,21.0383,21.3446,0.086,21.436
2006-07-26,21.2446,21.5572,20.9632,21.1070,0.055,21.434
2006-07-27,21.2321,21.6760,21.1446,21.3821,0.076,21.440
2006-07-28,21.5072,22.1699,21.2633,21.4259,0.034,21.439
2006-07-31,21.1883,21.8823,21.1321,21.8135,0.043,21.457
2006-08-01,21.6385,21.8260,21.6322,21.7323,0.015,21.459
2006-08-02,21.8010,22.2887,21.7885,22.1074,0.044,21.475
2006-08-03,21.9261,22.2762,21.7323,21.8573,0.030,21.493
2006-08-04,22.0386,22.2824,21.6010,21.7948,0.023,21.510
2006-08-07,21.5384,22.1699,21.4197,22.0386,0.055,21.524
2006-08-08,22.0000,22.5649,22.0000,22.2762,0.056,21.542
2006-08-09,22.4080,22.5084,22.0439,22.0691,0.045,21.560
2006-08-10,22.1632,22.4143,21.8368,22.3076,0.037,21.576
2006-08-11,22.1695,22.4206,22.1507,22.3138,0.010,21.583
2006-08-14,22.4394,22.7030,22.1507,22.3076,0.052,21.591
2006-08-15,22.6089,22.6089,22.2511,22.5586,0.031,21.620
2006-08-16,22.6089,22.8976,22.5586,22.8913,0.017,21.653
2006-08-17,22.6967,23.6947,22.6967,23.4186,0.105,21.696
2006-08-18,23.4186,23.6508,23.4123,23.6006,0.079,21.739
2006-08-21,23.5880,23.7073,23.4499,23.5378,0.021,21.775
2006-08-22,23.4311,23.6947,23.3809,23.6947,0.029,21.814
2006-08-23,23.5943,23.6885,23.3558,23.4625,0.019,21.862
2006-08-24,23.4625,23.6822,23.4625,23.5378,0.046,21.908
2006-08-25,23.4311,23.6257,23.2051,23.3181,0.045,21.943
2006-08-28,23.2805,23.6445,23.2554,23.3370,0.079,21.980
2006-08-29,23.3370,23.4813,23.2554,23.3997,0.066,22.029
2006-08-30,23.0608,23.3746,23.0608,23.1110,0.020,22.071
2006-08-31,23.2742,23.4813,23.2742,23.4248,0.115,22.110
2006-09-01,23.4499,23.5880,23.2993,23.5315,0.020,22.159
2006-09-05,23.5943,24.0776,23.5566,23.9772,0.014,22.220
2006-09-06,23.8517,24.1278,23.5566,23.5818,0.049,22.263
2006-09-07,23.5315,24.0274,23.4688,23.9144,0.025,22.318
2006-09-08,23.9332,24.0964,23.7073,24.0400,0.018,22.366
2006-09-11,23.8203,24.1278,23.8077,23.8077,0.006,22.395
2006-09-12,23.8077,23.8893,23.5378,23.6633,0.020,22.425
2006-09-13,23.6947,23.6947,23.3809,23.4625,0.019,22.455
2006-09-14,23.2930,23.2930,23.0294,23.1612,0.010,22.471
2006-09-15,23.3370,23.5629,23.2428,23.5441,0.052,22.503
2006-09-18,23.5504,23.5504,23.2051,23.2554,0.057,22.525
2006-09-19,22.8913,22.9101,22.3390,22.7909,0.011,22.539
2006-09-20,22.9101,23.3809,22.8223,23.2993,0.018,22.568
2006-09-21,23.3809,23.4813,22.7344,22.7532,0.012,22.591
2006-09-22,22.8348,22.8976,22.6591,22.8285,0.013,22.625
2006-09-25,22.7909,22.9415,22.6842,22.9039,0.012,22.659
2006-09-26,22.6779,22.9101,22.5147,22.6089,0.018,22.687
2006-09-27,22.6214,22.7469,22.5649,22.6340,0.008,22.715
2006-09-28,22.6089,22.7407,22.4394,22.5900,0.015,22.736
2006-09-29,22.5837,22.7407,22.3201,22.3390,0.026,22.763
2006-10-02,22.3327,22.5586,22.3327,22.5524,0.017,22.792
2006-10-03,22.5775,22.6967,22.3201,22.3201,0.021,22.815
2006-10-04,22.4331,22.9101,22.3515,22.9101,0.013,22.846
2006-10-05,22.7720,23.0294,22.4770,22.9290,0.029,22.882
2006-10-06,22.8160,23.2240,22.8160,23.0733,0.018,22.916
2006-10-09,23.0357,23.1926,22.7093,23.1926,0.006,22.952
2006-10-10,23.2240,23.3746,22.9980,23.3056,0.019,22.981
2006-10-11,23.1235,23.2240,22.8536,23.1675,0.017,23.010
2006-10-12,22.9101,23.3809,22.9101,23.3558,0.022,23.035
2006-10-13,23.3809,23.5315,23.2177,23.3495,0.019,23.065
2006-10-16,23.3872,23.5378,23.0545,23.4499,0.024,23.098
2006-10-17,23.3997,23.5378,23.2114,23.5378,0.018,23.128
2006-10-18,23.5378,24.0462,23.4248,24.0337,0.041,23.163
2006-10-19,23.7575,24.8999,23.7575,24.4417,0.063,23.211
2006-10-20,24.4793,24.4793,24.0337,24.1718,0.039,23.248
2006-10-23,24.0274,24.0274,23.7826,23.9019,0.025,23.280
2006-10-24,23.9270,23.9270,23.0231,23.6257,0.040,23.306
2006-10-25,23.2177,23.2177,21.9937,22.4017,0.195,23.303
2006-10-26,22.6151,22.6465,22.4017,22.5963,0.082,23.297
2006-10-27,22.4268,22.5963,22.4268,22.5021,0.121,23.279
2006-10-30,22.3829,23.1110,22.2197,23.0231,0.035,23.267
2006-10-31,23.0922,23.2867,22.4519,22.6967,0.030,23.250
2006-11-01,22.7595,22.8411,22.4770,22.4770,0.036,23.226
2006-11-02,22.3453,22.8053,22.1815,22.3264,0.029,23.203
2006-11-03,22.2886,22.3705,22.2130,22.3012,0.033,23.178
2006-11-06,22.3642,22.7801,22.2130,22.5344,0.036,23.163
2006-11-07,22.3831,22.4335,22.2256,22.3705,0.029,23.143
2006-11-08,22.2445,22.6541,22.2445,22.4839,0.025,23.125
2006-11-09,22.4713,22.4776,22.2130,22.3138,0.036,23.109
2006-11-10,22.2634,22.4398,22.2508,22.4335,0.024,23.089
2006-11-13,22.3201,22.5217,22.3201,22.3768,0.060,23.066
2006-11-14,22.4713,22.8935,22.3516,22.8431,0.056,23.044
2006-11-15,22.7549,23.0133,22.6667,22.7486,0.050,23.027
2006-11-16,22.8431,22.8431,22.4461,22.4713,0.051,22.998
2006-11-17,22.4965,22.7486,22.4461,22.5344,0.025,22.968
2006-11-20,22.3705,22.7045,22.3705,22.4650,0.066,22.941
2006-11-21,22.4272,22.5659,22.3768,22.4524,0.018,22.917
2006-11-22,22.2067,22.3768,21.9609,22.1815,0.032,22.891
2006-11-24,22.0554,22.5596,22.0554,22.2760,0.019,22.874
2006-11-27,22.2760,22.2886,21.7719,21.9924,0.026,22.842
2006-11-28,21.9294,21.9294,21.5198,21.5513,0.056,22.808
2006-11-29,21.6710,21.6773,21.5513,21.6080,0.065,22.785
2006-11-30,21.4820,21.6080,21.2488,21.2551,0.030,22.744
2006-12-01,21.2677,21.2677,20.8455,21.0787,0.047,22.710
2006-12-04,21.1543,21.4316,21.0409,21.3182,0.045,22.680
2006-12-05,21.4001,21.5828,21.2488,21.3812,0.046,22.650
2006-12-06,21.2551,21.4253,21.2299,21.2929,0.005,22.623
2006-12-07,21.2299,21.3623,21.1102,21.3497,0.016,22.598
2006-12-08,21.3560,21.3623,21.1543,21.2362,0.010,22.571
2006-12-11,21.3434,21.4253,21.1417,21.3055,0.036,22.550
2006-12-12,21.4190,21.4253,21.1102,21.1858,0.023,22.523
2006-12-13,21.3119,21.3119,20.9590,21.2362,0.104,22.501
2006-12-14,21.2362,21.3560,21.1102,21.1228,0.031,22.465
2006-12-15,21.1102,21.4442,21.1102,21.1354,0.038,22.429
2006-12-18,21.2425,21.4253,20.9842,20.9842,0.031,22.388
2006-12-19,20.9527,21.2866,20.9527,21.1039,0.080,22.346
2006-12-20,21.2299,21.7971,21.0787,21.5198,0.052,22.310
2006-12-21,21.6269,21.8538,21.5828,21.8412,0.017,22.284
2006-12-22,21.8853,21.8853,21.5765,21.6395,0.025,22.249
2006-12-26,21.5135,21.5828,21.2425,21.2866,0.041,22.208
2006-12-27,21.5072,21.5576,21.3182,21.4190,0.029,22.167
2006-12-28,21.4253,21.4442,21.3434,21.3812,0.009,22.124
2006-12-29,21.2992,21.4568,21.0472,21.0850,0.031,22.065
2007-01-03,21.0472,21.2677,21.0472,21.2110,0.035,22.001
2007-01-04,21.1102,21.3938,21.1102,21.2299,0.020,21.942
2007-01-05,21.1102,21.2362,20.4989,20.5557,0.098,21.875
2007-01-08,20.5494,20.6061,20.5431,20.5620,0.012,21.814
2007-01-09,20.5494,20.5998,20.4422,20.5368,0.045,21.776
2007-01-10,20.3855,20.6691,20.3792,20.6439,0.045,21.737
2007-01-11,21.0661,21.5828,20.8077,21.3875,0.091,21.715
2007-01-12,21.4190,21.4190,20.9779,21.2929,0.027,21.680
2007-01-16,21.2677,21.4127,21.1795,21.2677,0.036,21.652
2007-01-17,21.1417,21.3055,21.1417,21.2740,0.029,21.628
2007-01-18,21.2677,21.3434,21.1795,21.2803,0.014,21.607
2007-01-19,21.2110,21.4127,21.2110,21.3623,0.011,21.588
2007-01-22,21.2677,21.3875,21.1732,21.2740,0.017,21.563
2007-01-23,21.2677,21.3875,21.2110,21.2803,0.016,21.541
2007-01-24,21.2803,21.4064,21.0220,21.3560,0.010,21.518
2007-01-25,21.2866,21.3182,21.0787,21.1102,0.018,21.494
2007-01-26,21.1669,21.4190,21.0220,21.4190,0.027,21.474
2007-01-29,21.2110,21.3812,21.1102,21.1417,0.007,21.449
2007-01-30,21.4253,21.4253,21.1669,21.2362,0.026,21.417
2007-01-31,21.2425,21.4253,21.1606,21.4064,0.023,21.390
2007-02-01,21.4190,21.6836,21.4190,21.6143,0.013,21.373
2007-02-02,21.6836,21.8538,21.5702,21.7530,0.020,21.358
2007-02-05,21.6899,21.8097,21.2740,21.2740,0.011,21.334
2007-02-06,21.4638,21.4828,21.2296,21.2992,0.016,21.311
2007-02-07,21.2423,21.3625,21.1980,21.2107,0.028,21.291
2007-02-08,21.2486,21.4131,21.1980,21.3499,0.009,21.273
2007-02-09,21.2550,21.4005,21.2550,21.4005,0.024,21.261
2007-02-12,21.4511,21.4511,21.1980,21.3309,0.010,21.257
2007-02-13,21.4448,21.4448,21.2360,21.2550,0.009,21.249
2007-02-14,21.1980,21.3056,21.1980,21.1980,0.010,21.248
2007-02-15,21.2107,21.2929,21.1284,21.2550,0.022,21.252
2007-02-16,21.3182,21.3182,21.1980,21.2360,0.037,21.250
2007-02-20,21.6346,21.6346,21.1980,21.3056,0.035,21.249
2007-02-21,21.1980,21.6220,21.1980,21.4511,0.032,21.252
2007-02-22,21.3309,21.9194,21.3246,21.9194,0.086,21.263
2007-02-23,21.8434,22.0333,21.5144,21.9004,0.034,21.277
2007-02-26,21.8434,21.9953,21.4511,21.9637,0.046,21.290
2007-02-27,21.8308,22.0206,21.6283,21.7359,0.070,21.301
2007-02-28,21.7359,22.0080,21.5777,21.8751,0.051,21.313
2007-03-01,21.6663,21.9890,21.2739,21.8624,0.040,21.328
2007-03-02,21.7359,21.8687,21.2107,21.2739,0.049,21.331
2007-03-05,21.1980,21.8055,21.1980,21.6409,0.054,21.344
2007-03-06,21.9067,21.9510,21.5587,21.7928,0.056,21.358
2007-03-07,21.7865,21.7865,21.2043,21.2107,0.028,21.352
2007-03-08,21.3372,21.3689,21.1980,21.2360,0.031,21.340
2007-03-09,21.4195,21.4764,21.1853,21.3246,0.028,21.333
2007-03-12,21.4131,21.4195,21.1980,21.2992,0.009,21.334
2007-03-13,21.2296,21.2676,20.5779,20.6285,0.030,21.318
2007-03-14,20.5969,20.8310,20.5969,20.8310,0.016,21.307
2007-03-15,20.8500,21.2486,20.8183,21.2486,0.042,21.310
2007-03-16,21.2423,21.4701,21.1474,21.2739,0.066,21.311
2007-03-19,21.4068,21.4195,21.1347,21.3119,0.023,21.313
2007-03-20,21.3119,21.3562,21.1980,21.2929,0.004,21.328
2007-03-21,21.3499,21.5650,21.2613,21.5587,0.038,21.348
2007-03-22,21.6726,21.7359,21.2233,21.4701,0.038,21.366
2007-03-23,21.6726,21.7928,21.4385,21.4574,0.008,21.383
2007-03-26,21.4385,21.5840,21.3815,21.4195,0.008,21.383
2007-03-27,21.3246,21.4511,21.1980,21.2423,0.005,21.382
2007-03-28,21.1980,21.4764,21.1727,21.1790,0.011,21.380
2007-03-29,21.3815,21.4195,21.1347,21.1917,0.009,21.379
2007-03-30,21.1474,21.4511,21.1157,21.2929,0.036,21.379
2007-04-02,21.2550,21.2550,21.0145,21.1094,0.023,21.374
2007-04-03,21.2360,21.2929,21.1537,21.2613,0.012,21.374
2007-04-04,21.2613,21.2613,21.1411,21.1600,0.009,21.371
2007-04-05,21.1600,21.2739,21.1284,21.2043,0.014,21.368
2007-04-09,21.1853,21.2170,21.0208,21.1411,0.040,21.369
2007-04-10,21.1347,21.2992,21.1347,21.2992,0.005,21.367
2007-04-11,21.1980,21.2043,20.7551,20.7551,0.017,21.359
2007-04-12,20.7234,21.1347,20.7044,21.1347,0.018,21.357
2007-04-13,21.0335,21.0335,20.8120,20.9069,0.011,21.347
2007-04-16,21.0588,21.2803,21.0588,21.1917,0.013,21.338
2007-04-17,21.1221,21.2676,20.9322,21.0588,0.007,21.324
2007-04-18,21.0714,21.0841,20.6728,20.6728,0.008,21.312
2007-04-19,20.6412,20.6855,20.2995,20.3754,0.012,21.294
2007-04-20,20.7424,21.2233,20.7234,21.1727,0.031,21.293
2007-04-23,21.1790,21.2170,20.8247,20.8500,0.008,21.283
2007-04-24,20.7994,21.1094,20.6412,21.0651,0.013,21.276
2007-04-25,21.4005,21.5144,21.0398,21.1094,0.076,21.272
2007-04-26,21.0588,21.3056,20.8057,21.1411,0.015,21.270
2007-04-27,21.0398,21.0968,20.8879,20.9512,0.012,21.265
2007-04-30,20.8563,20.8563,20.3754,20.4007,0.023,21.248
2007-05-01,20.3817,20.4640,20.1223,20.2678,0.018,21.228
2007-05-02,20.4174,21.0337,20.3919,20.9702,0.010,21.222
2007-05-03,20.9638,21.0528,20.6842,20.8685,0.010,21.210
2007-05-04,20.9702,21.4277,20.9702,21.3006,0.076,21.198
2007-05-07,21.3960,21.5040,21.3642,21.4468,0.029,21.189
2007-05-08,21.3833,21.4404,21.0846,21.3451,0.030,21.176
2007-05-09,21.2689,21.4214,21.1926,21.3642,0.005,21.169
2007-05-10,21.1926,21.2053,20.1441,20.2013,0.031,21.135
2007-05-11,20.3347,20.9448,20.2267,20.9384,0.040,21.117
2007-05-14,20.8812,21.0719,20.5889,20.6271,0.023,21.104
2007-05-15,20.6080,20.8876,20.3030,20.3856,0.034,21.079
2007-05-16,20.3983,20.5254,20.1759,20.3856,0.043,21.051
2007-05-17,20.2903,20.5572,20.2267,20.2776,0.026,21.032
2007-05-18,20.2903,20.4745,20.2204,20.3729,0.021,21.015
2007-05-21,20.3030,20.5317,20.2077,20.3919,0.025,20.996
2007-05-22,20.4301,20.6842,20.2521,20.5254,0.021,20.981
2007-05-23,20.5254,20.5635,20.3284,20.3983,0.019,20.976
2007-05-24,20.3347,20.5953,20.3220,20.3729,0.025,20.967
2007-05-25,20.4174,20.6271,20.3347,20.3602,0.013,20.949
2007-05-29,20.4745,20.8939,20.4745,20.8939,0.017,20.941
2007-05-30,20.7097,21.1227,20.6525,21.0592,0.060,20.936
2007-05-31,20.9829,21.0528,20.7033,20.9003,0.023,20.929
2007-06-01,20.9575,21.1227,20.5444,20.7732,0.013,20.913
2007-06-04,20.6906,20.9575,20.6525,20.8177,0.013,20.900
2007-06-05,20.7541,20.9384,20.3093,20.3475,0.024,20.878
2007-06-06,20.2966,20.7478,20.2966,20.6143,0.038,20.861
2007-06-07,20.5063,20.9384,20.4237,20.8240,0.034,20.853
2007-06-08,20.7351,21.1545,20.7351,21.0655,0.049,20.851
2007-06-11,21.0465,21.0973,20.8050,20.8558,0.016,20.844
2007-06-12,20.7732,20.9321,20.3475,20.4936,0.026,20.828
2007-06-13,20.4809,20.9194,20.4174,20.7224,0.014,20.820
2007-06-14,20.8113,20.9067,20.3729,20.7414,0.014,20.810
2007-06-15,21.1164,21.1164,20.5254,20.5889,0.047,20.799
2007-06-18,20.6016,20.8495,20.4682,20.7732,0.017,20.790
2007-06-19,20.6715,21.0655,20.6715,21.0337,0.015,20.788
2007-06-20,20.9067,21.0147,20.3284,20.3665,0.017,20.769
2007-06-21,20.3030,20.5762,20.1505,20.5762,0.016,20.766
2007-06-22,20.3602,20.7478,20.2521,20.4428,0.082,20.752
2007-06-25,20.3919,20.9702,20.3411,20.4301,0.043,20.742
2007-06-26,20.5762,20.7351,20.4237,20.5635,0.011,20.730
2007-06-27,20.4364,20.8368,20.4364,20.7605,0.015,20.724
2007-06-28,20.8050,20.8431,20.6080,20.7287,0.020,20.725
2007-06-29,20.6080,20.7414,19.9725,20.0234,0.036,20.718
2007-07-02,20.0361,20.4364,20.0361,20.2394,0.020,20.699
2007-07-03,20.2077,20.2394,19.9725,20.2077,0.012,20.686
2007-07-05,20.1886,20.4873,20.0043,20.1505,0.010,20.668
2007-07-06,20.1886,20.3093,20.1187,20.2204,0.003,20.650
2007-07-09,20.1759,20.4936,20.1759,20.2267,0.009,20.632
2007-07-10,20.1632,20.1632,19.2481,19.2481,0.030,20.598
2007-07-11,19.2418,19.2862,18.9240,19.1210,0.031,20.572
2007-07-12,19.1655,19.8963,19.1591,19.8963,0.029,20.565
2007-07-13,19.7882,19.9471,19.7374,19.8137,0.029,20.542
2007-07-16,19.6866,19.8264,19.5404,19.6167,0.025,20.517
2007-07-17,19.7056,19.7628,19.5404,19.5658,0.019,20.482
2007-07-18,19.5404,19.6167,19.3752,19.5404,0.028,20.444
2007-07-19,19.5404,19.6802,19.4324,19.5468,0.023,20.408
2007-07-20,19.5023,19.6040,18.7270,19.0702,0.030,20.362
2007-07-23,19.1909,19.2354,19.0956,19.0956,0.010,20.340
2007-07-24,18.9367,18.9685,17.8628,17.9581,0.028,20.280
2007-07-25,18.1106,18.7906,18.1106,18.6762,0.030,20.241
2007-07-26,18.5745,18.5745,17.9327,18.1805,0.032,20.197
2007-07-27,18.1615,18.4347,17.7611,17.7611,0.031,20.145
2007-07-30,17.7039,17.9136,17.1193,17.6023,0.038,20.091
2007-07-31,17.7103,18.6190,16.6427,16.6745,0.093,20.017
2007-08-01,16.6936,17.2782,16.2233,17.1701,0.043,19.953
2007-08-02,17.1457,17.7655,16.7431,16.9795,0.042,19.882
2007-08-03,16.9028,17.1968,16.6792,16.6792,0.025,19.807
2007-08-06,16.7622,16.9731,16.1807,16.8645,0.020,19.737
2007-08-07,16.6983,17.2735,16.1104,17.1776,0.032,19.674
2007-08-08,17.3885,18.7241,16.9348,17.4332,0.082,19.604
2007-08-09,16.9603,18.0148,16.9603,17.8742,0.042,19.541
2007-08-10,17.5994,18.5324,16.9539,18.4429,0.072,19.492
2007-08-13,18.5324,18.6922,17.4971,17.6249,0.028,19.429
2007-08-14,17.7144,17.7144,17.2671,17.3565,0.009,19.359
2007-08-15,17.4971,18.3151,17.0690,17.3629,0.040,19.300
2007-08-16,17.7528,19.7785,17.7528,19.2545,0.054,19.272
2007-08-17,20.0086,20.1300,19.1714,19.3504,0.046,19.243
2007-08-20,19.4207,19.7338,18.6794,19.7338,0.025,19.216
2007-08-21,19.8105,19.9639,19.4782,19.7849,0.033,19.195
2007-08-22,19.8936,20.0469,19.5996,19.8105,0.010,19.181
2007-08-23,19.8105,19.8105,19.2609,19.3951,0.007,19.155
2007-08-24,19.4462,19.7977,19.2673,19.7977,0.013,19.136
2007-08-27,19.5932,19.8105,19.4782,19.6188,0.008,19.116
2007-08-28,19.2034,19.4910,18.4110,18.4238,0.016,19.069
2007-08-29,18.4941,19.4782,18.3407,19.4526,0.015,19.038
2007-08-30,19.2226,19.5038,18.7688,18.9797,0.010,19.010
2007-08-31,19.2929,19.8105,18.8583,18.9350,0.004,18.977
2007-09-04,18.9861,19.6124,18.8136,19.4079,0.009,18.957
2007-09-05,19.2481,19.6699,18.6027,18.7113,0.011,18.922
2007-09-06,18.7880,19.1459,18.7880,19.0820,0.013,18.893
2007-09-07,18.8519,19.0884,18.2320,18.7305,0.024,18.852
2007-09-10,18.8967,18.9350,18.1426,18.8967,0.020,18.815
2007-09-11,18.9606,19.6443,18.7688,19.3184,0.008,18.801
2007-09-12,19.2098,19.5229,18.9989,19.5101,0.021,18.787
2007-09-13,19.5677,19.7146,19.3312,19.5229,0.010,18.773
2007-09-14,19.2545,19.7913,19.0181,19.7722,0.007,18.765
2007-09-17,19.6763,19.7785,19.3056,19.3312,0.012,18.748
2007-09-18,19.3568,20.4495,18.8647,20.4495,0.032,18.752
2007-09-19,20.4176,21.0886,20.3856,20.7818,0.039,18.783
2007-09-20,20.7243,20.9608,20.4815,20.6221,0.011,18.813
2007-09-21,20.7882,20.8777,20.4112,20.4943,0.045,18.825
2007-09-24,20.5710,20.8649,20.1300,20.2770,0.011,18.834
2007-09-25,20.1108,20.3729,19.5229,19.5804,0.016,18.833
2007-09-26,19.7530,20.4240,19.5804,20.4240,0.015,18.850
2007-09-27,20.1620,20.4176,19.4910,19.6635,0.038,18.853
2007-09-28,19.3248,19.6316,19.2034,19.3184,0.106,18.848
2007-10-01,19.2354,19.9639,18.9989,19.7466,0.024,18.862
2007-10-02,19.4910,20.1300,19.4910,20.0086,0.015,18.880
2007-10-03,19.8552,19.8552,19.0436,19.4910,0.037,18.911
2007-10-04,19.6060,19.6699,18.9286,19.5996,0.030,18.929
2007-10-05,19.7466,19.9383,19.2609,19.7338,0.035,18.960
2007-10-08,19.7466,19.8616,19.5613,19.8105,0.025,19.001
2007-10-09,19.8105,19.9127,19.3440,19.7722,0.015,19.045
2007-10-10,19.5677,19.5677,19.1075,19.2993,0.017,19.097
2007-10-11,19.3568,19.4462,18.9733,19.2162,0.020,19.138
2007-10-12,19.2034,19.4143,19.1714,19.2098,0.006,19.183
2007-10-15,19.2098,19.3887,18.4685,18.6219,0.032,19.222
2007-10-16,18.5324,18.9158,18.5324,18.8519,0.015,19.261
2007-10-17,18.8519,18.8519,17.8933,18.0851,0.027,19.279
2007-10-18,17.8870,17.9509,17.7336,17.9509,0.022,19.290
2007-10-19,17.9317,17.9573,17.3182,17.3438,0.046,19.279
2007-10-22,17.2990,17.8550,17.2096,17.7847,0.025,19.266
2007-10-23,17.9636,18.2768,17.4268,18.2512,0.039,19.279
2007-10-24,18.0851,18.1554,17.6889,18.1554,0.020,19.295
2007-10-25,18.3599,18.3726,17.6122,17.7400,0.029,19.302
2007-10-26,18.3279,18.4877,17.7400,18.4877,0.023,19.287
2007-10-29,18.4749,18.6155,17.9700,18.6091,0.014,19.272
2007-10-30,18.6922,18.6985,17.5291,17.6633,0.029,19.230
2007-10-31,17.8933,18.0212,17.5738,17.8103,0.075,19.191
2007-11-01,17.6505,18.1937,16.3660,16.4235,0.048,19.123
2007-11-02,16.7111,16.7750,16.3277,16.3277,0.027,19.062
2007-11-05,16.3469,16.8453,15.9762,16.6855,0.027,19.000
2007-11-06,16.7815,16.7944,16.3637,16.7622,0.016,18.943
2007-11-07,16.4923,16.4923,15.9845,15.9845,0.029,18.894
2007-11-08,16.1259,16.8844,15.9138,16.8458,0.061,18.842
2007-11-09,16.6530,17.5142,16.4730,17.4435,0.032,18.811
2007-11-12,17.4564,18.3948,17.3792,17.8549,0.030,18.789
2007-11-13,17.9898,18.5297,17.9191,18.4847,0.043,18.771
2007-11-14,18.5811,18.5811,17.8420,18.0541,0.024,18.758
2007-11-15,17.9320,18.3562,17.5078,17.9256,0.021,18.735
2007-11-16,17.9641,18.1505,17.0965,17.6171,0.061,18.712
2007-11-19,17.4178,17.5785,16.3573,16.8265,0.026,18.671
2007-11-20,16.6980,17.0515,16.1002,16.5823,0.056,18.616
2007-11-21,16.5180,17.0258,16.1259,16.5694,0.031,18.557
2007-11-23,16.5566,17.1350,16.5566,16.8586,0.018,18.504
2007-11-26,16.8779,17.0386,16.0681,16.0745,0.032,18.430
2007-11-27,16.0681,16.6787,16.0681,16.4666,0.024,18.373
2007-11-28,16.6787,17.7070,16.6787,17.5464,0.046,18.315
2007-11-29,17.4692,17.7906,16.5501,16.7172,0.064,18.233
2007-11-30,16.9872,17.0450,15.4447,15.5989,0.202,18.133
2007-12-03,15.7403,16.2031,15.6696,15.8688,0.078,18.040
2007-12-04,15.7532,15.8624,15.6182,15.7596,0.040,17.950
2007-12-05,16.1067,16.1259,15.7467,16.0552,0.048,17.880
2007-12-06,15.8046,16.9872,15.8046,16.9872,0.030,17.811
2007-12-07,16.9679,17.2314,16.2995,17.0965,0.056,17.760
2007-12-10,17.1736,17.4435,16.7815,17.3921,0.028,17.721
2007-12-11,17.5142,17.7777,16.5309,16.5951,0.058,17.658
2007-12-12,17.0965,17.6620,16.6401,16.7301,0.037,17.592
2007-12-13,16.3959,16.8458,15.8946,16.8201,0.042,17.539
2007-12-14,16.5116,17.1800,16.5051,16.7687,0.032,17.482
2007-12-17,16.6273,17.0579,16.2481,16.2609,0.045,17.413
2007-12-18,16.2738,16.5951,16.2738,16.4537,0.036,17.346
2007-12-19,16.4730,16.7108,15.9588,16.4602,0.040,17.280
2007-12-20,16.6658,16.8008,16.1067,16.8008,0.045,17.230
2007-12-21,17.4371,17.6171,17.0258,17.1607,0.113,17.188
2007-12-24,17.1607,17.1607,16.7751,17.0322,0.046,17.145
2007-12-26,17.0900,17.0965,16.3959,16.8586,0.164,17.110
2007-12-27,16.6787,16.8329,16.2866,16.3445,0.060,17.060
2007-12-28,16.4794,16.8972,16.3830,16.4987,0.035,17.028
2007-12-31,16.2673,16.7108,16.0231,16.7108,0.038,17.003
2008-01-02,16.5437,16.7172,15.8110,16.6144,0.181,16.988
2008-01-03,16.6851,16.8972,16.3445,16.4473,0.068,16.962
2008-01-04,16.1645,16.6273,15.5603,15.7789,0.046,16.912
2008-01-07,16.0038,16.3830,15.7274,15.8624,0.086,16.866
2008-01-08,15.9074,16.3188,15.4254,15.4704,0.049,16.821
2008-01-09,15.4254,15.9524,14.4677,15.4768,0.104,16.761
2008-01-10,15.3225,15.6825,14.8855,15.5989,0.047,16.701
2008-01-11,15.3868,15.3868,14.5191,14.5705,0.071,16.639
2008-01-14,14.6155,14.9562,13.3365,13.3751,0.120,16.550
2008-01-15,13.3494,14.0371,13.0216,13.8764,0.060,16.499
2008-01-16,13.8700,14.3327,13.5486,13.9407,0.049,16.451
2008-01-17,13.9600,14.0756,13.3687,13.3751,0.030,16.385
2008-01-18,13.2915,13.6707,12.8031,13.2465,0.068,16.315
2008-01-22,12.5331,14.6091,12.5331,13.7800,0.047,16.271
2008-01-23,13.4715,14.7826,13.2080,14.4163,0.065,16.222
2008-01-24,14.2428,14.4356,13.7543,14.0949,0.052,16.155
2008-01-25,14.1399,14.9755,13.9471,14.0049,0.055,16.078
2008-01-28,14.0049,14.5191,13.6386,14.2170,0.071,15.993
2008-01-29,13.6450,14.5770,13.6450,14.4034,0.033,15.920
2008-01-30,14.2685,14.7826,14.2363,14.3263,0.076,15.848
2008-01-31,14.1785,15.6246,14.1785,15.2775,0.118,15.801
2008-02-01,15.1040,15.3740,15.0976,15.2261,0.159,15.769
2008-02-04,15.2326,15.3290,15.0076,15.0205,0.095,15.738
2008-02-05,14.7888,15.2999,14.7888,14.8276,0.053,15.703
2008-02-06,14.9764,15.3322,14.6853,14.8923,0.073,15.664
2008-02-07,14.7759,15.3322,14.7759,15.2675,0.042,15.647
2008-02-08,15.0929,15.2675,14.6141,14.9958,0.027,15.618
2008-02-11,14.9700,15.0476,14.6918,14.7953,0.053,15.563
2008-02-12,14.8794,15.2934,14.6982,15.0799,0.051,15.530
2008-02-13,15.2611,15.4552,15.0799,15.3905,0.088,15.526
2008-02-14,15.3128,15.3128,14.8147,15.0282,0.039,15.509
2008-02-15,14.9182,15.0411,14.7500,14.9376,0.029,15.493
2008-02-19,15.1705,15.2934,14.7629,14.8212,0.035,15.468
2008-02-20,14.7500,15.2223,14.7371,15.0023,0.029,15.428
2008-02-21,15.1382,15.2675,14.7047,14.7306,0.029,15.381
2008-02-22,14.7371,14.9117,14.3618,14.7888,0.037,15.329
2008-02-25,14.8212,15.1511,14.7047,15.0735,0.048,15.299
2008-02-26,15.2029,15.2675,14.9311,14.9311,0.080,15.263
2008-02-27,14.7565,15.1188,14.7565,15.0541,0.065,15.227
2008-02-28,14.9635,14.9700,14.6141,14.6982,0.071,15.186
2008-02-29,14.8794,14.9441,14.5947,14.6530,0.098,15.154
2008-03-03,14.6336,14.9441,14.5947,14.6012,0.081,15.117
2008-03-04,14.4459,14.9117,14.4071,14.7371,0.060,15.082
2008-03-05,14.7759,15.0023,14.5624,14.5753,0.073,15.038
2008-03-06,14.5236,15.0217,14.3295,14.3295,0.069,14.981
2008-03-07,14.3295,14.8729,14.3295,14.5106,0.086,14.931
2008-03-10,14.5947,14.7177,14.0772,14.5236,0.053,14.884
2008-03-11,14.9311,15.3646,14.5559,15.3646,0.083,14.864
2008-03-12,15.3258,15.3452,14.7306,14.7306,0.066,14.829
2008-03-13,14.5624,15.1382,14.2325,15.1252,0.038,14.797
2008-03-14,15.1188,15.1188,14.5236,14.7824,0.033,14.761
2008-03-17,14.3360,15.0217,14.2583,14.6141,0.028,14.724
2008-03-18,14.9894,15.7010,14.7177,15.5134,0.061,14.719
2008-03-19,15.5134,15.5587,14.8988,14.9247,0.089,14.700
2008-03-20,15.0799,15.7075,14.8988,15.5457,0.198,14.701
2008-03-24,15.6363,16.3544,15.5457,16.2444,0.041,14.717
2008-03-25,16.2703,16.4902,16.1409,16.4644,0.051,14.734
2008-03-26,16.1668,16.4320,16.1344,16.1344,0.054,14.765
2008-03-27,16.1927,16.5291,15.6881,16.0827,0.033,14.820
2008-03-28,16.1150,16.3997,16.0180,16.1150,0.027,14.864
2008-03-31,16.3220,16.7361,15.9533,16.2962,0.046,14.911
2008-04-01,16.5420,16.8202,16.1862,16.7943,0.041,14.980
2008-04-02,16.8072,16.9431,16.3997,16.7749,0.023,15.050
2008-04-03,16.6002,16.6908,15.9404,16.3738,0.029,15.102
2008-04-04,16.3544,16.3867,15.7851,15.8821,0.025,15.132
2008-04-07,15.9598,16.2185,15.7398,15.8886,0.015,15.167
2008-04-08,15.7398,15.8368,15.4616,15.6363,0.025,15.200
2008-04-09,15.7527,15.7527,14.9182,15.0282,0.021,15.216
2008-04-10,14.9958,15.3775,14.8794,15.3711,0.016,15.236
2008-04-11,15.1576,15.1576,14.4718,14.5689,0.043,15.240
2008-04-14,14.5559,14.7047,14.3942,14.6012,0.016,15.227
2008-04-15,14.6724,14.8082,14.5559,14.7759,0.034,15.218
2008-04-16,14.9506,15.8498,14.9506,15.5975,0.034,15.230
2008-04-17,15.5587,15.5716,14.9182,15.5134,0.030,15.243
2008-04-18,15.7592,15.8627,15.3905,15.4810,0.036,15.255
2008-04-21,15.3775,15.4746,15.3322,15.4681,0.046,15.259
2008-04-22,15.3646,15.8498,14.8470,15.3387,0.037,15.266
2008-04-23,15.4099,15.4099,14.9117,15.3258,0.025,15.276
2008-04-24,15.3646,16.0891,15.3646,15.7204,0.067,15.289
2008-04-25,15.8174,15.9921,15.1770,15.5975,0.027,15.293
2008-04-28,15.5457,15.5975,15.4099,15.4746,0.016,15.302
2008-04-29,15.5457,15.5457,14.9376,15.1317,0.014,15.306
2008-04-30,15.6428,16.8202,15.6234,16.5549,0.090,15.341
2008-05-01,16.5549,17.0854,16.2703,17.0207,0.055,15.381
2008-05-02,17.1242,17.3507,17.0337,17.1242,0.077,15.429
2008-05-05,17.2601,17.2666,16.9560,17.0337,0.065,15.474
2008-05-06,17.0453,17.4228,16.9737,17.2666,0.053,15.518
2008-05-07,17.3186,17.3772,16.7654,16.8370,0.061,15.556
2008-05-08,16.7524,17.5074,16.5376,16.8565,0.059,15.592
2008-05-09,16.5767,17.0258,16.5767,17.0258,0.091,15.639
2008-05-12,16.9932,17.4032,16.9411,17.2731,0.062,15.691
2008-05-13,17.5464,17.5529,16.9477,17.4683,0.026,15.748
2008-05-14,17.4813,17.4813,17.0973,17.2731,0.032,15.799
2008-05-15,17.2210,17.5725,17.2080,17.5334,0.017,15.858
2008-05-16,17.6310,17.6375,16.8045,17.1754,0.035,15.915
2008-05-19,17.4748,17.4748,16.9281,17.1169,0.031,15.967
2008-05-20,17.0713,17.2080,16.8370,16.9281,0.014,16.015
2008-05-21,17.1234,17.1364,16.7394,16.7589,0.031,16.043
2008-05-22,16.8826,17.1754,16.5832,17.1299,0.025,16.091
2008-05-23,17.0127,17.0778,16.8826,16.8826,0.016,16.126
2008-05-27,16.8956,16.9281,16.7915,16.8630,0.029,16.168
2008-05-28,17.0908,17.0908,15.9519,16.2968,0.054,16.202
2008-05-29,16.2382,16.7654,16.2382,16.5637,0.026,16.223
2008-05-30,16.5181,16.6092,16.2708,16.4725,0.023,16.254
2008-06-02,16.2708,16.5897,15.8282,16.0755,0.036,16.264
2008-06-03,16.1732,16.1732,15.5744,15.8673,0.047,16.257
2008-06-04,15.7696,16.5376,15.7696,16.0430,0.029,16.248
2008-06-05,16.0235,16.8630,15.6720,16.7264,0.029,16.260
2008-06-06,16.5637,16.6287,16.2708,16.3619,0.036,16.266
2008-06-09,16.4595,16.5962,15.9844,16.1146,0.029,16.266
2008-06-10,15.9649,16.6027,15.6525,15.9974,0.025,16.260
2008-06-11,15.9258,16.4335,15.4572,15.5028,0.035,16.234
2008-06-12,15.6981,16.0365,15.6460,15.7892,0.015,16.214
2008-06-13,16.0951,16.1081,15.4572,15.7827,0.016,16.202
2008-06-16,15.7566,16.2252,15.7566,16.2122,0.042,16.209
2008-06-17,16.1667,16.1667,15.4703,15.7762,0.041,16.207
2008-06-18,15.8608,15.9844,15.6134,15.8347,0.027,16.211
2008-06-19,15.8282,16.1732,15.7176,16.1732,0.015,16.234
2008-06-20,16.0430,16.2968,15.9193,16.1341,0.053,16.249
2008-06-23,16.1667,16.5311,16.0365,16.3033,0.014,16.284
2008-06-24,16.0820,16.3098,15.7827,16.2643,0.076,16.317
2008-06-25,16.2448,16.2708,15.6525,15.8412,0.080,16.338
2008-06-26,15.6134,16.0430,15.1969,15.6590,0.041,16.339
2008-06-27,15.2945,16.2382,15.1644,16.0755,0.156,16.351
2008-06-30,16.1081,16.4660,15.3857,15.3922,0.103,16.349
2008-07-01,15.3466,15.3596,14.3183,15.0017,0.045,16.339
2008-07-02,14.9561,15.3076,14.0384,14.0449,0.026,16.314
2008-07-03,14.1035,14.3899,13.8562,14.1361,0.012,16.290
2008-07-07,14.1621,14.1621,13.4527,13.4592,0.039,16.245
2008-07-08,13.4527,15.1318,13.4527,15.1123,0.037,16.235
2008-07-09,15.1449,15.1449,14.1035,14.1230,0.036,16.208
2008-07-10,14.1035,15.0668,14.1035,14.8325,0.026,16.202
2008-07-11,14.6697,15.0212,14.3313,14.9236,0.024,16.169
2008-07-14,15.1058,15.1058,14.2727,14.3378,0.029,16.116
2008-07-15,14.1751,15.0668,13.7976,14.4550,0.056,16.062
2008-07-16,14.4485,15.8282,14.3183,15.7436,0.054,16.036
2008-07-17,15.5679,16.6873,15.2425,16.6808,0.048,16.025
2008-07-18,15.1318,16.4465,15.1318,15.9324,0.045,16.007
2008-07-21,16.0820,16.3619,15.6200,16.1601,0.023,15.993
2008-07-22,16.0365,16.9151,15.7111,16.9151,0.035,15.990
2008-07-23,16.8891,16.8891,16.1081,16.6418,0.038,15.978
2008-07-24,16.7524,16.9216,16.5962,16.8696,0.051,15.966
2008-07-25,16.9216,17.2796,16.5441,17.2796,0.025,15.966
2008-07-28,17.1885,17.1885,16.7394,16.8435,0.032,15.952
2008-07-29,17.1873,17.5605,16.9712,17.3837,0.028,15.956
2008-07-30,17.5605,17.5998,16.9647,17.2397,0.024,15.959
2008-07-31,16.9647,17.4557,16.9581,17.3510,0.025,15.967
2008-08-01,17.2200,17.6914,17.2200,17.6914,0.020,15.986
2008-08-04,17.1611,17.5670,16.9581,17.3641,0.032,15.991
2008-08-05,17.1087,17.6718,17.1087,17.6653,0.025,16.006
2008-08-06,17.5409,18.0057,17.4819,17.9926,0.029,16.029
2008-08-07,17.7373,17.7569,17.5278,17.7045,0.045,16.057
2008-08-08,17.6522,18.7587,17.6522,18.3331,0.034,16.092
2008-08-11,18.3397,18.4902,18.0057,18.1629,0.055,16.126
2008-08-12,18.0123,18.1498,17.9141,18.0908,0.020,16.166
2008-08-13,17.9206,18.2807,17.9075,18.1694,0.093,16.213
2008-08-14,18.0123,18.3331,17.8289,18.3331,0.011,16.258
2008-08-15,18.4968,18.4968,18.0843,18.3331,0.040,16.290
2008-08-18,18.2480,18.2742,17.4950,17.7831,0.064,16.319
2008-08-19,17.4950,17.8813,17.4950,17.8748,0.011,16.354
2008-08-20,17.8551,18.0581,17.4754,17.5998,0.020,16.386
2008-08-21,17.4426,17.8224,17.4426,17.5278,0.010,16.427
2008-08-22,17.8028,18.1956,17.6194,18.1825,0.011,16.474
2008-08-25,18.0450,18.1498,17.3510,17.5932,0.010,16.511
2008-08-26,17.5670,17.9730,17.5670,17.9075,0.005,16.545
2008-08-27,18.0647,18.3200,17.3575,17.8748,0.019,16.587
2008-08-28,17.8748,18.0123,17.6194,17.9926,0.027,16.630
2008-08-29,18.0843,18.0843,17.4164,17.4164,0.020,16.655
2008-09-02,17.5409,18.0516,17.2593,17.9926,0.043,16.692
2008-09-03,17.9337,18.3920,17.9337,17.9730,0.028,16.725
2008-09-04,17.6914,17.9272,17.4361,17.4950,0.011,16.750
2008-09-05,17.4230,17.4557,17.0236,17.3444,0.016,16.780
2008-09-08,17.6456,18.0254,17.4099,17.9599,0.029,16.826
2008-09-09,17.9075,18.1694,17.3706,17.3903,0.030,16.852
2008-09-10,17.9403,18.1629,17.1873,18.0778,0.025,16.906
2008-09-11,17.9992,18.2676,17.3706,18.2480,0.032,16.971
2008-09-12,18.0974,18.0974,17.3510,17.5867,0.014,17.042
2008-09-15,17.0301,17.6784,16.4736,16.4736,0.031,17.088
2008-09-16,15.9694,17.7111,15.9694,17.6456,0.052,17.172
2008-09-17,17.1349,17.9926,16.6962,16.9516,0.023,17.209
2008-09-18,17.3444,18.6736,16.8337,18.6736,0.064,17.300
2008-09-19,19.6426,20.6247,17.8420,19.6361,0.188,17.396
2008-09-22,19.3152,20.2974,18.0123,20.0682,0.039,17.499
2008-09-23,19.5444,19.6426,18.8635,18.8896,0.022,17.590
2008-09-24,18.6081,18.7849,18.2152,18.5623,0.037,17.672
2008-09-25,18.6605,19.6426,18.6539,19.6426,0.034,17.750
2008-09-26,18.8307,19.6426,18.8307,19.4789,0.045,17.806
2008-09-29,19.1385,20.2188,18.2807,18.2807,0.044,17.853
2008-09-30,18.8242,20.9521,18.6801,20.9521,0.050,17.949
2008-10-01,20.3039,20.3039,19.5771,19.7474,0.036,18.005
2008-10-02,19.6426,19.9307,19.2563,19.2563,0.039,18.058
2008-10-03,19.6426,19.6753,18.0581,18.2152,0.016,18.085
2008-10-06,17.7897,19.0271,17.7897,18.8569,0.088,18.116
2008-10-07,18.8569,18.9093,17.1545,17.1545,0.027,18.122
2008-10-08,16.6962,17.3510,15.7468,16.1921,0.044,18.099
2008-10-09,17.6718,17.6718,15.4522,15.4522,0.445,18.063
2008-10-10,15.3278,16.0349,14.8629,15.7075,0.244,18.030
2008-10-13,16.5194,16.5194,15.5046,15.7992,0.133,17.992
2008-10-14,16.1724,16.1724,15.0855,15.7337,0.076,17.959
2008-10-15,15.6421,15.7141,15.0724,15.0855,0.130,17.908
2008-10-16,15.0593,16.1659,14.7189,15.7141,0.153,17.862
2008-10-17,15.2492,16.2968,15.2230,15.7992,0.063,17.824
2008-10-20,16.0284,16.0284,15.6224,15.8058,0.029,17.774
2008-10-21,15.5177,15.8123,15.5177,15.7141,0.040,17.725
2008-10-22,15.7075,16.4212,15.5504,15.6486,0.022,17.676
2008-10-23,15.5569,15.9891,15.4522,15.6421,0.051,17.625
2008-10-24,15.6814,16.0677,15.5831,15.6814,0.034,17.572
2008-10-27,15.6290,16.0415,15.5373,15.5504,0.044,17.517
2008-10-28,15.7468,16.2706,15.5177,15.7337,0.080,17.476
2008-10-29,15.7272,16.2510,15.7075,15.7337,0.053,17.433
2008-10-30,16.1331,16.5587,15.7141,16.3361,0.075,17.408
2008-10-31,16.1986,17.1611,16.1986,17.0432,0.139,17.398
2008-11-03,17.0563,17.6260,17.0563,17.5998,0.093,17.386
2008-11-04,17.7822,18.1115,17.7756,17.9403,0.074,17.393
2008-11-05,17.9139,18.3947,16.7943,16.9458,0.054,17.374
2008-11-06,16.7284,17.0907,16.1620,16.2345,0.050,17.341
2008-11-07,16.3991,17.5978,16.3991,17.4661,0.040,17.331
2008-11-10,17.7888,18.1181,16.6955,17.7229,0.082,17.337
2008-11-11,17.4661,18.2300,17.0446,17.2553,0.064,17.322
2008-11-12,17.1631,17.5122,16.9326,17.0841,0.043,17.304
2008-11-13,17.2619,18.2103,16.7614,18.1115,0.082,17.317
2008-11-14,17.6241,18.1444,17.2356,17.3607,0.039,17.317
2008-11-17,17.1829,17.9864,16.7218,17.7032,0.032,17.312
2008-11-18,17.7822,17.8480,16.0040,17.3080,0.090,17.310
2008-11-19,17.0972,17.6636,16.3464,16.4650,0.050,17.278
2008-11-20,16.2477,16.4255,15.1478,15.1675,0.105,17.216
2008-11-21,15.4639,17.0972,15.2071,16.9589,0.071,17.204
2008-11-24,17.1236,18.1247,15.8986,17.7624,0.103,17.229
2008-11-25,18.1773,18.7898,17.1236,18.6713,0.162,17.250
2008-11-26,18.2498,19.0862,17.6307,19.0796,0.081,17.292
2008-11-28,18.8820,19.0994,18.6450,19.0928,0.019,17.301
2008-12-01,18.6581,18.8096,16.5704,16.9128,0.061,17.246
2008-12-02,17.2685,18.8162,16.5374,18.8096,0.060,17.221
2008-12-03,18.3552,19.4484,18.1115,19.2575,0.160,17.229
2008-12-04,18.8820,19.4089,18.6713,18.8096,0.121,17.234
2008-12-05,18.7437,19.1784,17.8810,18.7503,0.117,17.216
2008-12-08,19.1718,19.1718,18.1378,18.5132,0.094,17.196
2008-12-09,18.3222,18.4869,17.3870,17.4331,0.041,17.179
2008-12-10,17.6768,18.3881,17.2619,17.5846,0.033,17.112
2008-12-11,17.2619,18.0851,16.5835,16.6033,0.047,17.049
2008-12-12,16.4386,18.0851,16.1028,18.0851,0.047,17.026
2008-12-15,18.1115,18.1115,17.1368,17.4595,0.029,17.011
2008-12-16,17.8085,19.0665,17.0841,19.0072,0.039,17.014
2008-12-17,18.8096,19.0665,18.4474,18.4803,0.060,17.040
2008-12-18,18.5857,18.7701,18.2432,18.3683,0.043,17.084
2008-12-19,19.0072,19.4616,18.2893,18.7898,0.102,17.150
2008-12-22,18.8491,18.8557,18.1708,18.8030,0.030,17.212
2008-12-23,18.9808,18.9808,17.8941,18.0193,0.043,17.257
2008-12-24,18.0851,18.0851,17.5978,17.8019,0.056,17.298
2008-12-26,17.9403,18.7174,17.9403,18.5462,0.020,17.367
2008-12-29,18.6581,18.7437,18.0061,18.6713,0.087,17.426
2008-12-30,18.7437,19.4287,18.6186,19.4287,0.086,17.499
2008-12-31,19.4287,20.4166,18.4210,20.3244,0.179,17.589
2009-01-02,20.3639,20.6734,19.8963,20.5154,0.052,17.685
2009-01-05,20.5088,20.5088,19.8897,20.2388,0.034,17.777
2009-01-06,20.2256,20.4100,18.7833,19.2575,0.072,17.850
2009-01-07,18.8425,18.8820,17.8480,17.9798,0.070,17.896
2009-01-08,17.7822,18.4013,17.6110,17.7822,0.051,17.940
2009-01-09,17.7822,17.9666,17.1236,17.1368,0.052,17.968
2009-01-12,17.1960,17.2619,16.7943,16.7943,0.035,17.989
2009-01-13,16.7943,17.7493,16.7943,17.6505,0.026,18.016
2009-01-14,17.2356,17.4463,16.8667,16.9326,0.037,18.014
2009-01-15,16.9721,18.1115,16.8009,18.0588,0.042,18.023
2009-01-16,18.0720,18.1642,17.4331,18.1049,0.065,18.026
2009-01-20,17.8151,17.9864,16.6296,16.6362,0.045,18.020
2009-01-21,16.8075,17.4792,16.3399,17.4265,0.061,18.044
2009-01-22,17.0446,17.3146,16.4650,16.6692,0.021,18.028
2009-01-23,16.3003,16.9458,16.3003,16.6692,0.024,18.007
2009-01-26,17.3673,17.4068,16.8733,17.1631,0.066,18.005
2009-01-27,17.2685,17.3541,15.3520,16.2608,0.108,17.988
2009-01-28,16.7877,16.7877,16.2213,16.3003,0.063,17.952
2009-01-29,16.0698,16.1291,15.6417,15.6417,0.043,17.918
2009-01-30,15.7471,15.8525,15.4771,15.4903,0.040,17.873
2009-02-02,15.3651,15.8986,15.3124,15.8920,0.065,17.845
2009-02-03,15.9710,16.1489,15.4903,15.8854,0.025,17.834
2009-02-04,15.8064,16.1357,15.5495,15.6813,0.033,17.844
2009-02-05,15.6220,16.1686,15.3124,15.8393,0.053,17.821
2009-02-06,15.8064,16.0830,15.6681,16.0501,0.037,17.787
2009-02-09,15.9381,16.6099,15.9381,16.5111,0.014,17.744
2009-02-10,16.4708,17.0941,15.4231,15.6154,0.050,17.675
2009-02-11,16.0729,17.0941,15.7281,15.8740,0.040,17.610
2009-02-12,15.6817,16.1790,15.3833,15.6817,0.035,17.586
2009-02-13,15.7414,16.0994,15.5955,15.7215,0.027,17.524
2009-02-17,15.6220,15.6485,15.2507,15.4430,0.049,17.448
2009-02-18,15.5889,15.8475,15.2640,15.3170,0.045,17.378
2009-02-19,15.3833,15.3833,14.5677,14.5943,0.036,17.295
2009-02-20,14.3556,14.5943,13.9975,14.3821,0.056,17.212
2009-02-23,14.4219,14.4219,14.1898,14.1964,0.039,17.147
2009-02-24,14.2097,14.4152,13.8052,14.4152,0.062,17.084
2009-02-25,14.3489,14.3489,13.7588,14.0704,0.033,17.033
2009-02-26,14.0903,14.5611,13.7654,14.0837,0.046,16.953
2009-02-27,13.8384,14.5014,13.5002,13.9643,0.072,16.883
2009-03-02,13.7919,14.2362,13.7919,14.0439,0.065,16.784
2009-03-03,14.2362,14.5677,13.4405,13.9909,0.064,16.694
2009-03-04,14.1898,14.4550,13.7787,14.2030,0.035,16.611
2009-03-05,13.5532,13.9312,13.3145,13.3543,0.071,16.502
2009-03-06,13.4604,13.7124,12.6117,12.9299,0.031,16.385
2009-03-09,12.8371,13.0957,12.2403,12.5984,0.041,16.276
2009-03-10,12.6050,14.1964,12.4791,14.0704,0.051,16.202
2009-03-11,14.1765,14.6805,13.8980,13.8980,0.031,16.109
2009-03-12,13.8715,15.4828,13.4074,15.4430,0.041,16.044
2009-03-13,15.4165,15.5093,14.2229,14.6208,0.037,15.948
2009-03-16,15.1048,15.1048,13.9179,14.1832,0.025,15.825
2009-03-17,14.2163,15.2905,13.8317,15.2905,0.027,15.721
2009-03-18,15.2573,16.3050,14.7799,16.0862,0.038,15.638
2009-03-19,16.3116,16.3116,15.2839,15.7347,0.022,15.567
2009-03-20,15.8939,16.0132,15.2043,15.8674,0.084,15.525
2009-03-23,16.2387,16.4177,15.4563,16.4177,0.056,15.498
2009-03-24,16.1392,16.4907,14.8131,14.8794,0.040,15.453
2009-03-25,15.0054,15.6021,14.6473,15.5226,0.032,15.427
2009-03-26,15.5226,16.2718,15.3170,16.2387,0.034,15.399
2009-03-27,15.9005,16.1061,15.3767,15.3767,0.031,15.368
2009-03-30,15.0319,15.2374,14.4616,14.6937,0.044,15.300
2009-03-31,14.8396,15.7878,14.4882,15.1977,0.024,15.242
2009-04-01,14.9788,15.4894,14.4484,15.4297,0.040,15.218
2009-04-02,15.8209,16.1657,15.6154,16.1657,0.064,15.193
2009-04-03,16.0795,16.2984,15.7347,16.2984,0.019,15.186
2009-04-06,15.9138,15.9469,15.4165,15.8475,0.023,15.169
2009-04-07,15.6817,16.2519,15.5690,15.5690,0.038,15.137
2009-04-08,15.7215,16.2387,15.3634,16.2254,0.016,15.137
2009-04-09,16.4907,17.4057,16.2453,17.3526,0.059,15.158
2009-04-13,17.0941,17.2731,16.4840,17.2399,0.025,15.190
2009-04-14,16.9018,17.4190,15.5623,16.1127,0.041,15.202
2009-04-15,15.9933,17.0277,15.9933,17.0211,0.016,15.225
2009-04-16,16.8023,17.8964,16.6166,17.7439,0.013,15.262
2009-04-17,17.8433,17.8433,17.1338,17.4256,0.028,15.297
2009-04-20,17.0079,17.1537,15.9270,15.9270,0.024,15.298
2009-04-21,15.9138,16.2851,15.2839,16.2122,0.045,15.302
2009-04-22,15.9204,16.5371,15.2573,15.3634,0.043,15.279
2009-04-23,15.4231,15.4496,14.6009,14.9324,0.045,15.265
2009-04-24,15.1512,15.7149,14.5876,15.4430,0.057,15.256
2009-04-27,15.1910,15.5491,14.8860,14.9921,0.039,15.243
2009-04-28,14.8926,15.3170,14.8860,15.0717,0.018,15.230
2009-04-29,15.2109,15.7347,15.0916,15.5491,0.043,15.232
2009-04-30,15.7281,15.7480,14.8728,14.9590,0.055,15.225
2009-05-01,14.9656,15.2507,14.7667,14.8197,0.034,15.229
2009-05-04,15.0319,15.4960,14.9059,15.4563,0.055,15.251
2009-05-05,15.2772,15.5226,15.0982,15.1844,0.066,15.270
2009-05-06,15.3038,15.6287,15.1512,15.2839,0.093,15.288
2009-05-07,15.4231,16.0597,15.1314,15.2839,0.041,15.312
2009-05-08,15.4629,16.0928,15.4629,15.9867,0.043,15.350
2009-05-11,15.3568,15.7149,14.7733,14.8197,0.042,15.367
2009-05-12,14.6957,14.6957,14.2081,14.4285,0.400,15.375
2009-05-13,14.3617,14.5220,14.2615,14.2949,0.243,15.381
2009-05-14,14.3149,14.5087,14.2281,14.3817,0.108,15.384
2009-05-15,14.4619,14.4619,14.3283,14.3684,0.121,15.405
2009-05-18,14.5087,14.5087,14.3283,14.3951,0.128,15.434
2009-05-19,14.4218,14.4352,14.3617,14.3684,0.137,15.469
2009-05-20,14.4886,14.5020,14.2481,14.3684,0.099,15.475
2009-05-21,14.3617,14.4552,14.0945,14.3751,0.088,15.485
2009-05-22,14.4218,14.4619,14.2348,14.2882,0.054,15.462
2009-05-26,14.2815,14.6556,14.1479,14.4485,0.098,15.458
2009-05-27,14.3884,14.5554,14.1747,14.2949,0.075,15.461
2009-05-28,14.3617,14.4552,14.2615,14.3617,0.084,15.442
2009-05-29,14.3951,14.5287,14.2615,14.3016,0.258,15.406
2009-06-01,14.5821,14.5821,14.2949,14.4285,0.080,15.380
2009-06-02,14.4018,14.5888,14.3617,14.4151,0.059,15.351
2009-06-03,14.3951,14.4753,14.3617,14.3884,0.051,15.311
2009-06-04,14.4953,14.4953,14.3751,14.4619,0.089,15.302
2009-06-05,14.5888,14.5888,14.4151,14.5220,0.046,15.282
2009-06-08,14.5287,14.5888,14.4285,14.4552,0.065,15.247
2009-06-09,14.4886,14.5087,14.3283,14.3951,0.047,15.227
2009-06-10,14.4686,14.4753,14.1546,14.3417,0.091,15.220
2009-06-11,14.3951,14.4953,14.3283,14.3684,0.057,15.203
2009-06-12,14.3550,14.4285,14.1613,14.4085,0.032,15.183
2009-06-15,14.2281,14.4085,13.7805,13.9342,0.075,15.138
2009-06-16,14.0745,14.1145,13.4466,13.6336,0.091,15.085
2009-06-17,13.6737,13.9208,13.3864,13.4733,0.062,15.038
2009-06-18,13.4466,13.6870,13.2929,13.2929,0.073,14.992
2009-06-19,13.5935,13.9676,13.2729,13.4065,0.152,14.936
2009-06-22,13.3664,13.8006,13.3664,13.4866,0.144,14.858
2009-06-23,13.6336,13.8941,13.4599,13.4733,0.058,14.783
2009-06-24,13.6336,13.9275,13.4800,13.5267,0.045,14.731
2009-06-25,13.5334,14.0411,13.4666,14.0411,0.068,14.672
2009-06-26,14.0277,15.4639,13.6937,14.7358,0.446,14.611
2009-06-29,14.6289,14.6823,14.2682,14.3684,0.073,14.550
2009-06-30,14.3884,14.4018,13.8139,13.8807,0.095,14.509
2009-07-01,14.4085,14.4352,13.9475,14.2615,0.035,14.470
2009-07-02,14.0878,14.0878,13.6002,13.7605,0.041,14.438
2009-07-06,13.7471,14.1145,13.7471,13.8674,0.026,14.417
2009-07-07,13.9075,14.0477,13.8073,13.8206,0.045,14.385
2009-07-08,13.9208,13.9475,13.3063,13.5802,0.046,14.356
2009-07-09,13.6536,13.6870,13.4866,13.5334,0.024,14.326
2009-07-10,13.5267,13.7271,13.4599,13.6870,0.023,14.288
2009-07-13,13.7004,14.3283,13.6469,14.2548,0.030,14.274
2009-07-14,14.2014,14.4352,14.0277,14.0611,0.032,14.259
2009-07-15,14.2014,14.6289,14.0945,14.5754,0.039,14.241
2009-07-16,14.4619,14.7491,14.3016,14.7224,0.042,14.232
2009-07-17,14.7692,14.7692,14.3149,14.6556,0.051,14.220
2009-07-20,14.7157,14.7157,14.4018,14.6623,0.028,14.207
2009-07-21,14.6623,14.6623,14.2081,14.3550,0.028,14.175
2009-07-22,14.2481,14.8092,14.2481,14.3817,0.037,14.166
2009-07-23,14.3283,14.7291,14.1012,14.6756,0.072,14.171
2009-07-24,14.3751,15.0497,14.3016,14.9629,0.056,14.184
2009-07-27,15.0297,15.3036,15.0230,15.2568,0.047,14.202
2009-07-28,15.1967,15.3303,15.0564,15.1566,0.032,14.217
2009-07-29,15.0297,15.2301,14.9963,15.1366,0.092,14.232
2009-07-30,15.3303,15.5106,15.0831,15.3503,0.054,14.252
2009-07-31,15.2434,15.3704,15.1833,15.2702,0.037,14.270
2009-08-03,15.3904,15.4238,15.2635,15.3704,0.037,14.290
2009-08-04,15.4740,15.9716,15.4740,15.9582,0.098,14.323
2009-08-05,15.8708,16.0389,15.1176,15.5480,0.073,14.345
2009-08-06,15.5681,15.8708,15.5681,15.7564,0.038,14.374
2009-08-07,16.0053,16.3011,15.6085,16.2003,0.039,14.411
2009-08-10,16.0591,16.5769,16.0591,16.5500,0.047,14.456
2009-08-11,16.4222,16.4222,16.2406,16.3280,0.038,14.494
2009-08-12,16.3549,16.7315,16.0456,16.1263,0.045,14.528
2009-08-13,16.2608,16.2810,15.6959,15.9716,0.037,14.560
2009-08-14,15.9985,16.0523,15.1983,15.4000,0.053,14.579
2009-08-17,15.2050,15.3664,14.9360,14.9562,0.034,14.588
2009-08-18,15.0100,15.1176,14.7477,14.9831,0.043,14.598
2009-08-19,14.8351,15.4874,14.8351,15.4874,0.027,14.620
2009-08-20,15.4874,15.6690,15.0772,15.6287,0.031,14.646
2009-08-21,15.8371,16.0591,15.2722,15.8842,0.047,14.676
2009-08-24,15.9649,16.2608,15.7430,15.8439,0.024,14.705
2009-08-25,15.9649,16.1465,15.5143,15.5681,0.014,14.737
2009-08-26,15.5412,15.6825,14.9225,15.3529,0.027,14.772
2009-08-27,15.3193,15.3664,14.8889,15.3193,0.021,14.809
2009-08-28,15.3328,15.4471,14.9696,15.2588,0.020,14.848
2009-08-31,15.1377,15.2521,15.0907,15.1377,0.033,14.883
2009-09-01,15.1377,15.4807,14.6267,14.6401,0.020,14.906
2009-09-02,14.6401,14.7746,14.4989,14.7611,0.023,14.931
2009-09-03,14.7611,14.8553,14.7141,14.7679,0.043,14.956
2009-09-04,14.6939,14.8687,14.4316,14.8351,0.020,14.972
2009-09-08,14.9024,14.9024,14.6468,14.8149,0.048,14.974
2009-09-09,14.8620,15.4202,14.7611,15.4135,0.027,14.995
2009-09-10,15.3529,15.9716,15.3529,15.9716,0.030,15.036
2009-09-11,15.9447,16.0120,15.5211,15.5278,0.015,15.062
2009-09-14,15.4673,15.7968,15.0907,15.4471,0.022,15.095
2009-09-15,15.3731,15.3798,14.8889,15.1041,0.027,15.120
2009-09-16,15.1915,15.4336,15.1108,15.3395,0.027,15.151
2009-09-17,15.2722,15.4673,15.1579,15.2991,0.022,15.185
2009-09-18,15.3731,15.3731,14.8822,15.3260,0.061,15.221
2009-09-21,15.1445,15.3328,15.1310,15.2252,0.017,15.252
2009-09-22,15.2790,15.5950,14.9293,15.4673,0.065,15.276
2009-09-23,15.0234,15.8304,15.0234,15.6085,0.035,15.307
2009-09-24,15.5076,15.6018,15.3529,15.4605,0.066,15.324
2009-09-25,15.4605,15.5749,15.1243,15.2991,0.066,15.336
2009-09-28,15.2453,15.5143,15.1377,15.2857,0.033,15.349
2009-09-29,15.3462,15.4269,15.0974,15.0974,0.014,15.357
2009-09-30,15.3260,15.3260,14.6468,14.7544,0.051,15.365
2009-10-01,14.7275,14.8217,14.4922,14.6267,0.030,15.370
2009-10-02,14.5258,14.8553,14.4854,14.6939,0.033,15.371
2009-10-05,14.8015,15.0436,14.7141,14.7880,0.039,15.367
2009-10-06,14.9158,15.0907,14.6401,14.9225,0.040,15.360
2009-10-07,14.8217,14.9965,14.4653,14.7880,0.037,15.353
2009-10-08,14.9293,15.1377,14.5729,14.6401,0.039,15.343
2009-10-09,14.6737,14.8956,14.6536,14.8755,0.056,15.334
2009-10-12,15.0301,15.1714,14.8956,15.0167,0.022,15.329
2009-10-13,14.9562,14.9562,14.5661,14.8418,0.033,15.318
2009-10-14,15.0570,15.0570,14.7948,14.9293,0.030,15.297
2009-10-15,14.8620,14.8822,14.6267,14.7813,0.020,15.282
2009-10-16,14.6536,15.1377,14.6536,15.0301,0.093,15.268
2009-10-19,15.1243,15.3059,15.1243,15.1781,0.037,15.247
2009-10-20,15.0234,15.1983,14.9831,15.0974,0.031,15.218
2009-10-21,15.0167,15.3664,14.6939,14.7410,0.030,15.186
2009-10-22,14.7611,15.0436,14.4989,15.0369,0.029,15.165
2009-10-23,14.8351,14.8418,14.5930,14.7410,0.044,15.140
2009-10-26,14.8015,14.8889,14.4653,14.4787,0.027,15.121
2009-10-27,14.7948,14.8351,14.4653,14.7275,0.027,15.117
2009-10-28,14.8553,14.9427,14.2904,14.3039,0.070,15.103
2009-10-29,14.3240,14.3980,13.5843,13.7255,0.046,15.068
2009-10-30,13.6448,13.9205,13.6381,13.8197,0.070,15.032
2009-11-02,14.2366,14.3711,13.4700,13.7121,0.044,14.988
2009-11-03,13.6045,13.6045,12.5352,13.2077,0.103,14.936
2009-11-04,13.1135,13.1203,12.9051,13.1001,0.073,14.886
2009-11-05,13.1741,13.2211,13.0463,13.1068,0.246,14.841
2009-11-06,12.9992,13.1539,12.9925,13.1404,0.015,14.798
2009-11-09,13.2908,13.4400,12.8365,12.9992,0.054,14.753
2009-11-10,12.9111,12.9111,12.2465,12.4296,0.038,14.699
2009-11-11,12.5381,12.8500,12.3754,12.8229,0.031,14.662
2009-11-12,12.8636,13.0874,12.7144,12.8026,0.049,14.623
2009-11-13,12.8500,12.8500,12.6534,12.7755,0.013,14.583
2009-11-16,12.9179,13.2230,12.7144,13.1009,0.033,14.548
2009-11-17,13.0806,13.1281,12.9518,13.0603,0.014,14.513
2009-11-18,13.1009,13.1009,12.9382,12.9721,0.015,14.465
2009-11-19,12.9111,12.9179,12.4839,12.5517,0.024,14.396
2009-11-20,12.4703,12.7822,12.3415,12.7755,0.030,14.341
2009-11-23,12.9789,13.5349,12.9789,13.2501,0.024,14.297
2009-11-24,13.2230,13.2637,12.4161,12.8975,0.025,14.253
2009-11-25,12.8907,13.2637,12.8839,13.0603,0.029,14.207
2009-11-27,12.6805,12.8500,12.5449,12.5449,0.017,14.152
2009-11-30,12.5449,12.9721,12.2398,12.7890,0.045,14.102
2009-12-01,12.9382,13.1688,12.9382,13.1077,0.044,14.059
2009-12-02,13.0806,13.2094,12.8975,13.1688,0.025,14.013
2009-12-03,13.2366,13.2366,12.8839,13.0128,0.060,13.961
2009-12-04,13.2772,13.5553,12.8500,13.4400,0.038,13.921
2009-12-07,13.4807,13.8740,13.4264,13.6570,0.029,13.888
2009-12-08,13.7248,13.7248,13.3315,13.4400,0.014,13.851
2009-12-09,13.6366,13.6366,13.2569,13.5010,0.016,13.819
2009-12-10,13.5281,13.8672,13.2230,13.2705,0.024,13.790
2009-12-11,13.3790,13.4603,13.0874,13.2027,0.020,13.761
2009-12-14,13.1959,13.4603,13.1620,13.4536,0.023,13.736
2009-12-15,13.3790,13.4536,12.9518,12.9653,0.026,13.700
2009-12-16,13.1077,13.1281,12.8161,13.0942,0.032,13.663
2009-12-17,13.0263,13.3315,12.8839,13.1484,0.022,13.631
2009-12-18,13.3383,13.3383,12.9924,13.3383,0.088,13.604
2009-12-21,13.2569,13.3586,12.9246,13.0942,0.034,13.569
2009-12-22,13.0738,13.0806,12.8839,12.9721,0.029,13.528
2009-12-23,13.0060,13.1959,12.9789,13.0535,0.018,13.492
2009-12-24,13.0603,13.0603,12.9111,12.9518,0.004,13.453
2009-12-28,12.9721,13.0806,12.9111,13.0738,0.011,13.418
2009-12-29,13.1281,13.6773,13.0467,13.5960,0.033,13.390
2009-12-30,13.5960,13.8604,13.5960,13.8604,0.031,13.363
2009-12-31,13.8333,14.4300,13.8333,14.0232,0.043,13.342
2010-01-04,14.1452,14.2334,13.5417,13.8875,0.023,13.325
2010-01-05,13.8265,13.8808,12.9043,13.1688,0.132,13.288
2010-01-06,13.2027,13.2976,12.7280,12.7280,0.112,13.247
2010-01-07,12.7144,13.0128,12.6466,12.8704,0.119,13.215
2010-01-08,12.8636,13.2976,12.7687,13.0060,0.027,13.181
2010-01-11,13.0331,13.2298,12.5856,12.6873,0.064,13.148
2010-01-12,12.6127,12.8161,12.5517,12.5517,0.033,13.125
2010-01-13,12.6331,12.7755,12.5517,12.5585,0.034,13.100
2010-01-14,12.5585,12.6670,12.5449,12.6466,0.068,13.078
2010-01-15,12.7212,12.7212,12.5110,12.5449,0.052,13.065
2010-01-19,12.5449,12.9314,12.5449,12.7822,0.092,13.059
2010-01-20,12.7212,12.9179,12.5313,12.7415,0.130,13.051
2010-01-21,12.7890,12.8161,12.5110,12.5449,0.082,13.040
2010-01-22,12.5449,12.6466,12.2737,12.3143,0.024,13.026
2010-01-25,12.4093,12.7348,12.3076,12.3957,0.020,13.025
2010-01-26,12.3754,12.4906,12.3279,12.3754,0.019,13.016
2010-01-27,12.3754,12.6805,12.3618,12.6331,0.029,13.013
2010-01-28,12.6941,12.7687,12.3076,12.3754,0.031,13.005
2010-01-29,11.8465,11.8465,10.9853,11.2226,0.606,12.967
2010-02-01,11.2972,11.4871,11.2023,11.3853,0.078,12.934
2010-02-02,11.3582,11.8668,11.2565,11.3243,0.311,12.901
2010-02-03,11.4464,11.5888,11.2768,11.3175,0.059,12.876
2010-02-04,11.2701,11.3786,11.1548,11.1751,0.052,12.844
2010-02-05,11.2294,11.6566,11.2158,11.5481,0.045,12.810
2010-02-08,11.4871,11.5210,11.2226,11.2226,0.045,12.777
2010-02-09,11.3514,11.7515,11.1751,11.6227,0.048,12.748
2010-02-10,11.6362,11.6362,11.5074,11.6362,0.029,12.730
2010-02-11,11.5752,12.1923,11.3853,12.1652,0.044,12.717
2010-02-12,12.0363,12.0499,11.6973,11.9889,0.053,12.695
2010-02-16,12.1100,12.3905,11.9732,12.2126,0.041,12.676
2010-02-17,12.2879,12.4247,11.8979,12.3905,0.070,12.663
2010-02-18,12.3426,12.6984,12.1305,12.6710,0.015,12.648
2010-02-19,12.6779,12.6984,12.5000,12.5616,0.037,12.626
2010-02-22,12.6368,12.6573,12.5342,12.6368,0.019,12.610
2010-02-23,12.5889,12.7463,12.5889,12.6573,0.017,12.593
2010-02-24,12.6573,12.6642,12.5616,12.6231,0.022,12.580
2010-02-25,12.4658,12.5616,12.1853,12.5547,0.017,12.567
2010-02-26,12.5821,12.5821,12.1921,12.2332,0.035,12.543
2010-03-01,12.2879,12.6231,12.2400,12.6163,0.044,12.536
2010-03-02,12.5958,12.7052,12.5068,12.6231,0.034,12.526
2010-03-03,12.1853,12.6368,12.1647,12.4589,0.040,12.512
2010-03-04,12.4863,12.6847,12.3768,12.5273,0.017,12.496
2010-03-05,12.5616,12.6984,12.4931,12.6231,0.028,12.487
2010-03-08,12.5821,12.7189,12.4179,12.6916,0.021,12.481
2010-03-09,12.5547,12.8626,12.5547,12.6847,0.023,12.474
2010-03-10,12.6505,12.8284,12.5958,12.8147,0.015,12.471
2010-03-11,12.7052,12.7052,12.3495,12.5889,0.038,12.461
2010-03-12,12.5958,12.7873,12.3084,12.7737,0.046,12.445
2010-03-15,12.7121,12.8284,12.5958,12.8010,0.025,12.424
2010-03-16,12.7531,12.7600,12.5205,12.7052,0.014,12.397
2010-03-17,12.8352,12.9447,12.5547,12.8694,0.030,12.377
2010-03-18,12.6300,12.7463,12.4452,12.5000,0.012,12.364
2010-03-19,12.5889,12.9173,12.2947,12.8831,0.096,12.367
2010-03-22,12.7805,12.9652,12.6847,12.8558,0.014,12.366
2010-03-23,12.8215,12.9036,12.5205,12.8215,0.021,12.363
2010-03-24,12.7326,12.9036,12.5684,12.6984,0.020,12.363
2010-03-25,12.7394,12.9105,12.4042,12.4658,0.019,12.361
2010-03-26,12.4863,12.4863,12.0416,12.2126,0.020,12.354
2010-03-29,12.2537,12.2605,11.9663,12.2537,0.015,12.347
2010-03-30,12.1100,12.4247,12.0484,12.3700,0.018,12.343
2010-03-31,12.2674,12.8215,12.2263,12.5410,0.035,12.338
2010-04-01,12.5684,12.7600,11.9800,12.1032,0.018,12.325
2010-04-05,12.1032,12.7873,12.1032,12.6847,0.050,12.328
2010-04-06,12.5889,12.7258,12.5205,12.6779,0.014,12.335
2010-04-07,12.6300,12.9789,12.6163,12.7531,0.022,12.343
2010-04-08,12.7052,12.9173,12.5479,12.8694,0.014,12.353
2010-04-09,12.8284,12.9310,12.7052,12.9310,0.025,12.358
2010-04-12,12.9447,12.9652,12.8694,12.9173,0.019,12.369
2010-04-13,12.8626,13.1431,12.8626,13.1157,0.006,12.407
2010-04-14,13.1157,13.5399,13.0884,13.5399,0.026,12.450
2010-04-15,13.5126,14.0257,13.4442,14.0120,0.026,12.504
2010-04-16,14.0052,14.2104,13.9162,14.1215,0.064,12.560
2010-04-19,14.0599,14.0873,13.8410,14.0394,0.013,12.617
2010-04-20,14.0257,14.0804,13.9299,14.0462,0.011,12.667
2010-04-21,14.0531,14.3473,14.0189,14.2789,0.019,12.728
2010-04-22,14.2789,15.6267,14.0736,15.2230,0.065,12.800
2010-04-23,15.2435,15.3599,14.7578,15.2914,0.062,12.874
2010-04-26,15.3188,15.5925,15.0793,15.3393,0.102,12.937
2010-04-27,15.2367,15.4762,15.0588,15.2230,0.021,13.002
2010-04-28,15.2846,15.4556,14.9904,15.0862,0.024,13.059
2010-04-29,15.1820,15.1888,14.8467,15.0999,0.038,13.113
2010-04-30,15.1478,15.2914,14.3131,14.3678,0.063,13.147
2010-05-03,14.4088,14.9083,14.4088,14.8262,0.019,13.193
2010-05-04,14.5799,14.5799,13.9162,14.1694,0.034,13.223
2010-05-05,14.0120,14.2994,13.7383,13.7999,0.019,13.246
2010-05-06,13.7589,14.3131,13.2047,13.2457,0.031,13.259
2010-05-07,13.1568,13.2252,12.6779,13.1705,0.041,13.271
2010-05-10,13.7931,14.0120,13.4510,13.9504,0.036,13.305
2010-05-11,13.8038,14.3761,13.1694,14.1899,0.036,13.337
2010-05-12,14.2589,14.5209,14.1347,14.4105,0.039,13.372
2010-05-13,14.3278,14.3278,14.0520,14.1279,0.017,13.406
2010-05-14,14.0865,14.3554,14.0451,14.2726,0.056,13.441
2010-05-17,14.3485,14.3968,14.1003,14.2520,0.031,13.473
2010-05-18,14.4519,14.4519,13.4866,13.7624,0.021,13.495
2010-05-19,13.8245,13.9555,13.5418,13.6659,0.023,13.514
2010-05-20,13.3349,13.6176,12.8109,12.8247,0.031,13.515
2010-05-21,12.7626,13.1281,12.4593,12.7144,0.040,13.517
2010-05-24,12.7557,12.9212,12.3489,12.5420,0.040,13.512
2010-05-25,12.4041,12.4799,12.1283,12.2455,0.049,13.501
2010-05-26,12.2869,12.4110,12.1628,12.3489,0.062,13.494
2010-05-27,12.6247,12.8936,12.4110,12.8454,0.026,13.494
2010-05-28,12.8454,12.9005,12.4937,12.5765,0.039,13.495
2010-06-01,12.4799,12.8799,12.3558,12.4179,0.062,13.486
2010-06-02,12.5006,13.1488,12.4799,13.0729,0.060,13.490
2010-06-03,13.1074,13.3280,12.7282,12.8178,0.061,13.490
2010-06-04,12.4799,12.6523,11.8870,11.9559,0.036,13.475
2010-06-07,11.9766,12.1973,11.8318,11.9146,0.066,13.464
2010-06-08,11.9490,12.0042,11.5974,11.8732,0.037,13.458
2010-06-09,12.0111,12.0318,11.5905,11.6732,0.036,13.446
2010-06-10,11.8042,12.1145,11.6043,12.0731,0.049,13.440
2010-06-11,11.9283,12.2179,11.8456,12.0456,0.036,13.430
2010-06-14,12.1628,12.3283,11.8732,11.9490,0.037,13.427
2010-06-15,11.9766,12.5075,11.8111,12.4317,0.031,13.422
2010-06-16,12.3420,13.1970,12.3420,13.0522,0.042,13.429
2010-06-17,13.1832,13.2039,12.9281,13.0522,0.036,13.435
2010-06-18,13.1419,13.5969,13.0729,13.3625,0.065,13.445
2010-06-21,13.5487,13.7624,13.4177,13.5211,0.018,13.457
2010-06-22,13.6038,13.7624,13.2246,13.2591,0.044,13.464
2010-06-23,13.2315,13.7693,13.0384,13.7142,0.049,13.476
2010-06-24,13.5969,13.7486,13.0660,13.1005,0.058,13.467
2010-06-25,13.1970,13.6245,13.1005,13.4728,0.136,13.456
2010-06-28,13.4384,13.8521,13.4315,13.7486,0.017,13.449
2010-06-29,13.5004,13.6797,13.4659,13.6038,0.043,13.440
2010-06-30,13.6452,13.6452,13.3832,13.4315,0.027,13.428
2010-07-01,13.4039,13.4039,13.0522,13.3970,0.031,13.410
2010-07-02,13.5142,13.5142,13.0660,13.0660,0.025,13.367
2010-07-06,13.2867,13.2867,12.7626,12.8454,0.038,13.318
2010-07-07,12.8523,13.3901,12.8523,13.3073,0.027,13.278
2010-07-08,13.4384,13.5831,13.1832,13.3280,0.028,13.240
2010-07-09,13.2660,13.4177,13.2177,13.3694,0.016,13.205
2010-07-12,13.2867,13.4659,13.1694,13.1970,0.020,13.167
2010-07-13,13.4039,13.6107,13.2315,13.4521,0.029,13.149
2010-07-14,13.3625,13.3901,13.1281,13.2108,0.012,13.117
2010-07-15,13.1832,13.2039,12.9557,13.1074,0.012,13.095
2010-07-16,12.9833,12.9833,12.5420,12.5765,0.049,13.071
2010-07-19,12.4317,12.7144,12.2800,12.7006,0.026,13.060
2010-07-20,12.5351,13.0729,12.5006,13.0660,0.033,13.058
2010-07-21,13.1488,13.6176,12.8868,12.8936,0.036,13.037
2010-07-22,13.2936,13.7486,13.2936,13.4452,0.054,13.022
2010-07-23,13.3694,13.8865,13.2729,13.8038,0.088,13.010
2010-07-26,13.8727,14.2520,13.7900,14.1692,0.044,13.011
2010-07-27,14.2726,14.4381,14.0727,14.1141,0.048,13.007
2010-07-28,14.0520,14.1968,14.0106,14.0175,0.027,13.003
2010-07-29,14.1692,14.1692,13.9141,13.9693,0.033,13.007
2010-07-30,13.7900,14.1347,13.7900,13.9210,0.033,13.012
2010-08-02,14.1623,14.1623,13.9210,13.9900,0.031,13.035
2010-08-03,13.9631,14.2481,13.7893,13.8727,0.031,13.058
2010-08-04,13.9283,14.1090,13.8449,14.0743,0.014,13.089
2010-08-05,13.9353,13.9353,13.6295,13.6503,0.023,13.117
2010-08-06,13.6225,13.6920,13.0040,13.3584,0.020,13.137
2010-08-09,13.3723,13.4905,13.0040,13.4766,0.016,13.150
2010-08-10,13.3445,13.4905,13.2125,13.2403,0.036,13.163
2010-08-11,12.9623,12.9970,12.1213,12.2255,0.047,13.159
2010-08-12,12.1352,12.3506,12.0448,12.0587,0.031,13.139
2010-08-13,12.0935,12.2533,11.8711,11.9614,0.039,13.122
2010-08-16,11.8711,12.3367,11.8711,12.2742,0.022,13.128
2010-08-17,12.3576,12.8719,12.3367,12.6842,0.031,13.144
2010-08-18,12.7190,13.0457,12.5313,12.6981,0.028,13.160
2010-08-19,12.6981,12.8510,12.3159,12.3367,0.057,13.174
2010-08-20,12.2533,12.7885,12.2533,12.7746,0.064,13.188
2010-08-23,12.8093,12.8093,12.3437,12.3506,0.047,13.194
2010-08-24,12.5244,12.5313,12.1004,12.1143,0.026,13.197
2010-08-25,12.1004,12.4410,12.0101,12.4062,0.021,13.196
2010-08-26,12.4132,12.5522,12.0448,12.1282,0.026,13.178
2010-08-27,12.2950,12.5105,12.0587,12.4549,0.028,13.166
2010-08-30,12.3715,12.4896,12.2116,12.2116,0.042,13.143
2010-08-31,12.1769,12.3784,12.0726,12.2950,0.032,13.118
2010-09-01,12.4966,12.7398,12.3715,12.6147,0.076,13.106
2010-09-02,12.6356,12.8024,12.5800,12.7051,0.032,13.085
2010-09-03,12.8789,13.0179,12.7190,12.9762,0.028,13.083
2010-09-07,12.9414,12.9414,12.5591,12.5800,0.020,13.065
2010-09-08,12.6495,12.6912,12.2950,12.3298,0.024,13.037
2010-09-09,12.5244,12.6286,12.3228,12.4479,0.013,13.014
2010-09-10,12.4201,12.6217,12.1630,12.5174,0.022,12.995
2010-09-13,12.6147,13.0387,12.5105,12.9970,0.025,12.987
2010-09-14,12.9692,13.1638,12.8510,13.0596,0.021,12.987
2010-09-15,12.9692,12.9970,12.7815,12.9345,0.013,12.989
2010-09-16,12.8789,12.9067,12.5035,12.5105,0.010,12.973
2010-09-17,12.6842,12.7398,12.3159,12.6425,0.043,12.959
2010-09-20,12.6495,13.4349,12.5105,13.4001,0.033,12.960
2010-09-21,13.4210,13.4418,12.9553,13.1499,0.029,12.959
2010-09-22,13.1013,13.2125,12.5939,12.6564,0.016,12.943
2010-09-23,12.5522,13.0109,12.5244,12.5452,0.017,12.930
2010-09-24,12.7607,13.3445,12.6912,13.3237,0.030,12.934
2010-09-27,13.2542,13.2542,12.6912,12.7398,0.019,12.937
2010-09-28,12.8093,12.9623,12.5244,12.9484,0.020,12.942
2010-09-29,12.8719,13.1916,12.6008,13.1430,0.037,12.944
2010-09-30,13.1986,13.3376,12.9275,13.1777,0.038,12.950
2010-10-01,13.2820,13.3028,12.8928,13.2125,0.031,12.945
2010-10-04,13.2125,13.3028,12.9692,12.9692,0.029,12.928
2010-10-05,13.1430,13.3376,12.8371,13.2055,0.032,12.909
2010-10-06,13.0735,13.2055,13.0248,13.1708,0.020,12.890
2010-10-07,13.2959,13.2959,12.9484,12.9484,0.016,12.869
2010-10-08,12.9067,13.2611,12.9067,13.2055,0.029,12.853
2010-10-11,13.1569,13.1569,12.8928,13.0526,0.005,12.836
2010-10-12,12.9762,12.9762,12.4410,12.4966,0.140,12.806
2010-10-13,12.6078,12.8928,12.5105,12.8649,0.091,12.786
2010-10-14,12.8093,13.2055,12.8024,13.1777,0.048,12.768
2010-10-15,13.3376,13.3793,12.9345,13.1916,0.061,12.759
2010-10-18,13.2611,13.6156,13.2472,13.5530,0.036,12.763
2010-10-19,13.3237,13.6573,13.1986,13.2889,0.027,12.759
2010-10-20,13.4001,13.5044,13.3098,13.3793,0.023,12.762
2010-10-21,13.4835,13.5461,13.2194,13.2750,0.031,12.783
2010-10-22,13.3584,13.4696,13.2750,13.4140,0.013,12.810
2010-10-25,13.4488,13.7476,13.3932,13.6573,0.055,12.844
2010-10-26,13.5461,13.6295,13.4488,13.5530,0.030,12.869
2010-10-27,13.4488,13.5322,13.4210,13.5113,0.038,12.886
2010-10-28,13.6017,13.6017,13.4627,13.4627,0.032,12.901
2010-10-29,13.3793,13.5739,13.3237,13.4418,0.031,12.923
2010-11-01,13.4905,13.5113,13.2472,13.4140,0.037,12.936
2010-11-02,13.5789,13.8241,13.4878,13.8241,0.028,12.966
2010-11-03,13.8381,13.8731,13.5158,13.6699,0.033,12.997
2010-11-04,13.9082,13.9922,13.7610,13.9082,0.042,13.027
2010-11-05,13.9082,13.9082,13.6910,13.7820,0.026,13.060
2010-11-08,13.6840,13.7190,13.5718,13.7190,0.025,13.085
2010-11-09,13.5508,13.7610,13.5508,13.6980,0.015,13.115
2010-11-10,13.7400,13.9362,13.5999,13.9292,0.020,13.148
2010-11-11,13.7540,13.9712,13.7540,13.8101,0.010,13.171
2010-11-12,13.6419,13.9222,13.5298,13.7120,0.020,13.192
2010-11-15,13.6910,13.9993,13.6910,13.7470,0.011,13.207
2010-11-16,13.6419,13.8031,13.5438,13.7540,0.037,13.230
2010-11-17,13.7680,13.8031,13.4948,13.7190,0.019,13.258
2010-11-18,13.9222,14.1184,13.8381,14.0133,0.051,13.290
2010-11-19,14.0413,14.0413,13.8661,13.9222,0.016,13.318
2010-11-22,13.8171,14.1184,13.6629,14.0623,0.016,13.339
2010-11-23,13.8942,13.9082,13.6419,13.6980,0.024,13.352
2010-11-24,13.8311,14.2375,13.6910,14.2375,0.036,13.378
2010-11-26,14.0903,14.2095,13.8591,13.8661,0.005,13.405
2010-11-29,13.7750,14.1114,13.7750,14.0973,0.009,13.434
2010-11-30,13.9082,14.2024,13.9012,14.0623,0.037,13.447
2010-12-01,14.2865,14.3916,14.1394,14.3496,0.043,13.471
2010-12-02,14.3636,14.3986,14.2865,14.3706,0.014,13.506
2010-12-03,14.3636,14.4197,14.0413,14.3706,0.015,13.542
2010-12-06,14.3286,14.4197,14.1814,14.3846,0.013,13.563
2010-12-07,14.4547,14.8681,14.3426,14.6649,0.019,13.602
2010-12-08,14.6439,14.7700,14.4337,14.5808,0.030,13.634
2010-12-09,14.7139,14.7139,14.4337,14.5808,0.028,13.663
2010-12-10,14.5668,14.7279,14.4897,14.6088,0.040,13.692
2010-12-13,14.6158,14.7490,14.5808,14.6369,0.030,13.720
2010-12-14,14.6999,14.6999,14.4407,14.5458,0.015,13.752
2010-12-15,14.5528,14.7840,14.4267,14.6579,0.045,13.781
2010-12-16,14.7139,15.2464,14.5808,14.9381,0.141,13.816
2010-12-17,14.8611,14.9241,14.4617,14.5107,0.065,13.847
2010-12-20,14.6509,14.7630,14.6018,14.6298,0.021,13.876
2010-12-21,14.7349,14.9381,14.4827,14.9101,0.043,13.913
2010-12-22,14.3636,14.8751,13.9782,14.7139,0.283,13.957
2010-12-23,14.7700,14.8541,14.6859,14.7139,0.106,13.994
2010-12-27,14.7349,15.0152,14.7279,14.9031,0.062,14.029
2010-12-28,14.7279,15.0853,14.7139,15.0222,0.064,14.065
2010-12-29,15.1133,15.1343,14.8260,15.0923,0.080,14.096
2010-12-30,15.1343,15.4006,15.0993,15.1974,0.091,14.134
2010-12-31,15.2254,15.7579,15.1553,15.4917,0.156,14.177
2011-01-03,15.5968,16.0592,15.5547,15.9401,0.184,14.230
2011-01-04,15.9051,15.9401,15.6949,15.8420,0.079,14.279
2011-01-05,15.8560,15.9121,15.6949,15.8210,0.045,14.322
2011-01-06,15.8280,15.8280,15.4146,15.5057,0.051,14.361
2011-01-07,15.5337,15.6388,15.2534,15.6248,0.045,14.403
2011-01-10,15.5757,15.6458,15.4006,15.6038,0.023,14.446
2011-01-11,15.6668,15.7509,15.6318,15.7159,0.041,14.491
2011-01-12,15.9471,15.9471,15.7649,15.9121,0.040,14.541
2011-01-13,15.9331,15.9331,15.5898,15.7229,0.049,14.579
2011-01-14,15.7439,15.8420,15.6528,15.7789,0.079,14.622
2011-01-18,15.8350,15.8350,15.6458,15.6879,0.079,14.657
2011-01-19,15.7719,15.7930,15.1203,15.1273,0.040,14.684
2011-01-20,15.0012,15.3165,14.8471,15.0082,0.124,14.710
2011-01-21,15.1343,15.3305,14.8891,14.8961,0.105,14.734
2011-01-24,14.8681,15.4706,14.8681,15.2394,0.054,14.760
2011-01-25,15.4146,15.7439,15.4146,15.6879,0.110,14.798
2011-01-26,15.7649,15.8560,15.6178,15.6879,0.037,14.837
2011-01-27,15.7229,15.8981,15.3515,15.4566,0.077,14.871
2011-01-28,15.3936,15.4496,14.8471,14.8681,0.053,14.894
2011-01-31,14.9942,15.1483,14.7770,14.8821,0.040,14.917
2011-02-01,14.9381,15.2464,14.8400,15.1483,0.032,14.940
2011-02-02,15.0713,15.3165,15.0713,15.3025,0.021,14.967
2011-02-03,15.2675,15.4566,15.2464,15.3515,0.026,14.993
2011-02-04,15.2885,15.3445,15.1133,15.2745,0.035,15.024
2011-02-07,15.2394,15.5197,15.2394,15.4636,0.050,15.049
2011-02-08,15.4560,15.5477,15.3642,15.5477,0.022,15.083
2011-02-09,15.5054,15.7594,15.2936,15.5971,0.106,15.113
2011-02-10,15.5336,15.6889,15.5195,15.5759,0.069,15.143
2011-02-11,15.6324,15.6889,15.5618,15.6324,0.117,15.169
2011-02-14,15.5971,15.9006,15.5618,15.9006,0.048,15.199
2011-02-15,15.7877,15.9500,15.7312,15.8512,0.021,15.229
2011-02-16,15.8865,15.9853,15.7312,15.8935,0.069,15.259
2011-02-17,15.8018,15.9006,15.5265,15.8088,0.053,15.282
2011-02-18,15.8935,16.0065,15.7806,15.9994,0.042,15.310
2011-02-22,15.8159,16.0206,15.5477,15.7242,0.036,15.333
2011-02-23,15.7312,15.9077,15.5265,15.7312,0.028,15.355
2011-02-24,15.7947,15.8441,15.6606,15.8088,0.037,15.379
2011-02-25,15.8159,15.9288,15.7242,15.9288,0.021,15.407
2011-02-28,16.0135,16.0135,15.8088,15.9218,0.026,15.432
2011-03-01,15.7453,15.8230,15.5971,15.7100,0.042,15.447
2011-03-02,15.6677,15.7312,15.6395,15.7030,0.028,15.471
2011-03-03,15.8371,15.8865,15.6324,15.7594,0.036,15.494
2011-03-04,15.6959,15.6959,15.4277,15.5265,0.023,15.506
2011-03-07,15.5548,15.5548,15.3501,15.4489,0.037,15.521
2011-03-08,15.4630,15.7383,15.3925,15.6748,0.035,15.540
2011-03-09,15.6183,15.7242,15.5124,15.6395,0.019,15.555
2011-03-10,15.4489,15.6254,15.3642,15.5195,0.048,15.565
2011-03-11,15.4842,15.5265,15.3078,15.4066,0.032,15.571
2011-03-14,15.2725,15.3148,15.0678,15.0749,0.018,15.569
2011-03-15,14.7573,15.0325,14.7573,14.9337,0.020,15.557
2011-03-16,14.8773,14.8773,14.6091,14.6444,0.042,15.531
2011-03-17,14.8279,14.8279,14.5950,14.6373,0.029,15.507
2011-03-18,14.7502,14.9549,14.6302,14.9337,0.069,15.490
2011-03-21,15.0678,15.3289,14.9267,15.3219,0.055,15.486
2011-03-22,15.3007,15.3995,15.1737,15.1737,0.012,15.477
2011-03-23,15.1596,15.2795,15.0255,15.2442,0.019,15.470
2011-03-24,15.2866,15.3854,14.9761,15.0607,0.015,15.457
2011-03-25,15.1172,15.2795,15.0960,15.1666,0.029,15.442
2011-03-28,15.1384,15.2090,14.7502,14.7573,0.029,15.422
2011-03-29,14.7855,14.8773,14.6444,14.7149,0.026,15.401
2011-03-30,14.7432,14.8208,14.6796,14.7361,0.034,15.382
2011-03-31,14.6796,14.7573,14.6796,14.7008,0.023,15.374
2011-04-01,14.8067,15.2584,14.7149,15.1878,0.144,15.377
2011-04-04,15.2231,15.5265,15.1737,15.3219,0.080,15.386
2011-04-05,15.3360,15.6889,15.2654,15.6465,0.108,15.394
2011-04-06,15.6818,15.8088,15.4207,15.7171,0.048,15.394
2011-04-07,15.7524,15.8794,15.5901,15.7312,0.038,15.395
2011-04-08,15.8371,15.8582,15.6889,15.7736,0.041,15.402
2011-04-11,15.7100,15.8159,15.6748,15.8018,0.037,15.420
2011-04-12,15.7100,15.7171,15.5265,15.5477,0.027,15.434
2011-04-13,15.5830,15.6536,15.5336,15.5901,0.049,15.442
2011-04-14,15.4348,15.7736,15.3642,15.6465,0.024,15.449
2011-04-15,15.4207,15.8159,15.4136,15.7665,0.045,15.458
2011-04-18,15.5124,15.7524,15.4913,15.7030,0.042,15.466
2011-04-19,15.7383,15.7383,15.6395,15.7312,0.020,15.471
2011-04-20,15.8582,15.9429,15.7736,15.9288,0.053,15.479
2011-04-21,15.9923,16.1264,15.5901,15.7312,0.023,15.482
2011-04-25,15.6748,15.7030,15.2584,15.3925,0.033,15.478
2011-04-26,15.3642,15.7806,15.3501,15.6959,0.026,15.479
2011-04-27,15.6395,15.8724,15.5759,15.8441,0.033,15.478
2011-04-28,15.7665,15.8653,15.6254,15.7383,0.069,15.476
2011-04-29,15.7665,15.8582,15.5336,15.7383,0.029,15.473
2011-05-02,15.7736,15.7806,15.1807,15.1807,0.034,15.460
2011-05-03,15.1737,15.3219,15.1384,15.2725,0.022,15.446
2011-05-04,15.2654,15.2725,15.0678,15.1384,0.029,15.434
2011-05-05,15.1878,15.2513,14.8561,15.0113,0.034,15.420
2011-05-06,15.1313,15.3148,14.8561,14.9902,0.030,15.403
2011-05-09,14.9549,15.0325,14.7926,14.9125,0.028,15.383
2011-05-10,14.9376,15.3856,14.9376,15.3642,0.018,15.372
2011-05-11,15.2789,15.3571,15.2362,15.2789,0.031,15.363
2011-05-12,15.2078,15.4424,15.2078,15.3642,0.028,15.356
2011-05-13,15.3856,15.3856,14.9305,15.0087,0.021,15.341
2011-05-16,14.9305,15.1936,14.9305,15.1083,0.025,15.333
2011-05-17,15.1083,15.1651,15.0727,15.1154,0.016,15.326
2011-05-18,15.1225,15.2576,15.1083,15.2434,0.017,15.318
2011-05-19,15.3358,15.4211,14.8736,15.3571,0.027,15.312
2011-05-20,15.2576,15.4709,15.2576,15.2860,0.043,15.307
2011-05-23,15.0443,15.3927,15.0443,15.2860,0.036,15.305
2011-05-24,15.2860,15.4709,15.2078,15.2149,0.054,15.308
2011-05-25,15.1225,15.3927,15.0301,15.2931,0.025,15.315
2011-05-26,15.2362,15.3571,15.0230,15.3216,0.058,15.329
2011-05-27,15.4211,15.8903,15.2220,15.6699,0.027,15.349
2011-05-31,15.8335,15.8335,15.5633,15.6771,0.239,15.364
2011-06-01,15.6913,15.8192,15.4211,15.4780,0.172,15.367
2011-06-02,15.4780,15.4780,15.1083,15.2647,0.040,15.369
2011-06-03,15.0230,15.2434,14.7386,14.7599,0.027,15.359
2011-06-06,14.7528,14.9021,14.5395,14.8239,0.029,15.355
2011-06-07,14.9234,15.1723,14.8594,14.9945,0.025,15.351
2011-06-08,14.9234,15.2149,14.8736,15.1723,0.040,15.359
2011-06-09,15.2505,15.2505,14.8310,14.8381,0.032,15.362
2011-06-10,14.8310,15.0301,14.8310,14.9590,0.049,15.366
2011-06-13,14.7954,15.1865,14.7954,15.0087,0.029,15.373
2011-06-14,15.0443,15.2576,15.0443,15.1794,0.025,15.372
2011-06-15,15.0230,15.1936,14.8523,14.9447,0.042,15.365
2011-06-16,14.9305,15.2362,14.9305,15.1296,0.044,15.355
2011-06-17,15.2007,15.2718,15.1651,15.2362,0.093,15.345
2011-06-20,15.1438,15.4780,15.1438,15.3713,0.031,15.338
2011-06-21,15.4709,15.5562,15.3713,15.5277,0.033,15.333
2011-06-22,15.4495,15.5064,15.2505,15.2718,0.030,15.322
2011-06-23,15.1225,15.3287,15.1225,15.2789,0.059,15.317
2011-06-24,15.3216,15.6131,15.2078,15.4424,0.128,15.314
2011-06-27,15.3784,15.6273,15.3073,15.6131,0.060,15.313
2011-06-28,15.6131,15.6344,15.4993,15.6202,0.028,15.310
2011-06-29,15.6415,15.7410,15.4638,15.7126,0.025,15.310
2011-06-30,15.7197,15.9686,15.6131,15.9188,0.049,15.314
2011-07-01,15.9543,16.0468,15.9330,16.0112,0.064,15.316
2011-07-05,16.0468,16.1321,16.0183,16.0681,0.040,15.323
2011-07-06,15.9899,16.2743,15.9472,16.2174,0.044,15.339
2011-07-07,16.3169,16.4023,16.0894,16.3383,0.041,15.352
2011-07-08,16.1890,16.3098,16.1036,16.2885,0.016,15.361
2011-07-11,16.0894,16.3240,16.0468,16.2316,0.023,15.371
2011-07-12,16.2032,16.3738,16.2032,16.2672,0.031,15.381
2011-07-13,16.3098,16.4520,16.2103,16.3312,0.026,15.404
2011-07-14,16.3951,16.4307,16.0539,16.1392,0.035,15.422
2011-07-15,16.1392,16.4591,16.0610,16.3525,0.106,15.446
2011-07-18,16.2672,16.4591,15.9472,16.1036,0.038,15.468
2011-07-19,16.1961,16.5800,15.8264,16.5516,0.078,15.499
2011-07-20,16.5018,16.5160,16.3240,16.3951,0.014,15.529
2011-07-21,16.4449,17.1630,16.3809,16.6795,0.417,15.555
2011-07-22,16.7080,16.7080,16.0041,16.5658,0.136,15.581
2011-07-25,16.3738,16.4876,15.9117,15.9970,0.061,15.593
2011-07-26,15.9970,15.9970,15.4353,15.5704,0.141,15.605
2011-07-27,15.4638,15.6842,15.3713,15.3784,0.065,15.610
2011-07-28,15.4424,15.5988,15.1723,15.3002,0.083,15.614
2011-07-29,15.1367,15.6415,15.0372,15.5846,0.152,15.620
2011-08-01,15.6415,15.6415,15.3358,15.4211,0.061,15.622
2011-08-02,15.3145,15.6415,15.1936,15.2149,0.048,15.620
2011-08-03,15.2860,15.6415,15.2149,15.6202,0.063,15.627
2011-08-04,15.4495,15.6415,15.2149,15.2149,0.082,15.627
2011-08-05,15.3145,15.6486,15.0585,15.1438,0.126,15.624
2011-08-08,14.8594,15.5704,13.9920,13.9991,0.162,15.598
2011-08-09,14.3266,15.4727,13.8610,15.2220,0.117,15.589
2011-08-10,14.8137,15.3223,14.0114,14.2836,0.148,15.561
2011-08-11,14.5129,14.8854,14.4054,14.5702,0.114,15.543
2011-08-12,14.6776,14.8997,14.2192,14.3481,0.057,15.524
2011-08-15,14.4484,14.5057,14.1905,14.5057,0.031,15.519
2011-08-16,14.3266,14.3839,14.1046,14.2335,0.061,15.507
2011-08-17,14.2908,14.4770,14.0616,14.2693,0.081,15.493
2011-08-18,14.0043,14.1905,13.7822,13.8252,0.112,15.466
2011-08-19,13.6533,13.9183,13.6103,13.6103,0.083,15.441
2011-08-22,13.9684,14.2621,13.2951,13.3739,0.125,15.410
2011-08-23,13.4527,14.4484,13.4527,14.4412,0.075,15.398
2011-08-24,14.4412,14.9212,14.2693,14.9068,0.061,15.393
2011-08-25,15.0501,15.1504,14.2836,14.4341,0.066,15.383
2011-08-26,14.3195,14.8424,14.0974,14.7922,0.073,15.376
2011-08-29,14.9283,15.5157,14.9212,15.5014,0.048,15.381
2011-08-30,15.4154,15.4656,14.9212,15.3152,0.055,15.380
2011-08-31,15.4154,15.6017,14.9785,15.4298,0.090,15.378
2011-09-01,15.3868,15.4369,14.3266,14.3553,0.063,15.360
2011-09-02,14.0544,14.2980,13.7177,13.7822,0.084,15.330
2011-09-06,13.3739,13.7106,13.3596,13.6174,0.057,15.293
2011-09-07,13.8538,14.1833,13.7392,14.1117,0.072,15.263
2011-09-08,13.9899,14.0687,13.4599,13.6819,0.114,15.225
2011-09-09,13.5243,13.6103,13.0301,13.3166,0.070,15.177
2011-09-12,13.1303,13.5243,13.1303,13.4599,0.032,15.127
2011-09-13,13.4670,13.6819,13.4527,13.5458,0.043,15.078
2011-09-14,13.7034,13.8682,13.3882,13.6676,0.119,15.030
2011-09-15,13.8395,13.8753,13.5888,13.7679,0.083,14.981
2011-09-16,13.8682,13.8753,13.5745,13.8610,0.171,14.932
2011-09-19,13.6103,13.8682,13.5745,13.6748,0.104,14.879
2011-09-20,13.4384,13.7177,13.3882,13.3882,0.092,14.822
2011-09-21,13.3811,13.4957,12.6934,12.7292,0.060,14.752
2011-09-22,12.3997,12.9011,12.2564,12.5430,0.106,14.676
2011-09-23,12.5215,12.7937,12.3424,12.7077,0.058,14.607
2011-09-26,12.8080,13.4384,12.7722,13.3596,0.050,14.547
2011-09-27,13.6031,13.8109,13.1590,13.3739,0.155,14.493
2011-09-28,13.4384,13.5028,12.8152,12.8366,0.067,14.419
2011-09-29,13.1232,13.3667,12.8940,13.2378,0.055,14.355
2011-09-30,13.0372,13.3954,13.0372,13.2306,0.092,14.286
2011-10-03,13.0945,13.3954,12.6934,12.7077,0.083,14.209
2011-10-04,12.6361,14.0544,12.5788,13.9613,0.141,14.169
2011-10-05,13.9398,14.1690,13.3739,13.5601,0.060,14.128
2011-10-06,13.4885,13.8180,13.2235,13.7607,0.063,14.096
2011-10-07,13.7679,13.8323,13.1662,13.2593,0.045,14.055
2011-10-10,13.5387,14.1977,13.3094,14.1762,0.050,14.027
2011-10-11,13.9828,14.4985,13.9684,14.3982,0.039,14.007
2011-10-12,14.5057,15.0429,14.4484,14.9212,0.045,14.001
2011-10-13,14.7922,14.7922,14.3051,14.5988,0.025,13.980
2011-10-14,14.7707,15.1146,14.3481,15.0215,0.035,13.976
2011-10-17,14.8352,14.9570,14.0258,14.0974,0.049,13.955
2011-10-18,14.2120,14.8209,14.1690,14.6705,0.067,13.969
2011-10-19,14.5988,14.8782,14.4985,14.7349,0.051,13.959
2011-10-20,14.7922,14.7922,13.9040,14.3982,0.039,13.961
2011-10-21,14.6705,14.8137,14.2120,14.7492,0.046,13.965
2011-10-24,14.8639,15.4298,14.7492,15.3581,0.041,13.985
2011-10-25,15.1576,15.4226,14.7349,14.8495,0.053,13.992
2011-10-26,14.8209,14.8209,14.0687,14.4627,0.183,13.997
2011-10-27,15.2077,15.2077,14.5057,14.7564,0.237,14.006
2011-10-28,14.6991,15.2292,14.5487,14.6203,0.093,14.022
2011-10-31,14.4412,14.8782,14.3338,14.3409,0.057,14.037
2011-11-01,13.8252,14.3481,13.5243,13.5888,0.070,14.041
2011-11-02,13.8467,14.1690,13.5888,13.8323,0.083,14.029
2011-11-03,14.0258,14.1762,13.6748,14.0687,0.099,14.012
2011-11-04,13.9183,13.9183,13.6676,13.7392,0.051,13.998
2011-11-07,13.7392,13.9541,13.4527,13.8825,0.088,13.980
2011-11-08,13.9599,14.2200,13.6853,14.1260,0.062,13.953
2011-11-09,13.7937,13.9815,13.6058,13.7070,0.081,13.921
2011-11-10,13.9093,13.9093,13.6636,13.7286,0.032,13.886
2011-11-11,13.8515,14.1622,13.7792,14.1188,0.044,13.882
2011-11-14,14.0682,14.1477,13.6203,13.8442,0.056,13.883
2011-11-15,13.7214,14.1622,13.6564,14.1116,0.060,13.893
2011-11-16,13.9960,14.2344,13.8731,13.8948,0.054,13.889
2011-11-17,13.8948,14.1983,13.6997,13.7864,0.039,13.891
2011-11-18,13.7792,14.0755,13.6492,13.9743,0.059,13.904
2011-11-21,13.7214,13.9382,13.6492,13.7286,0.052,13.909
2011-11-22,13.6781,13.7648,13.5119,13.5552,0.027,13.909
2011-11-23,13.4974,13.6564,13.3890,13.5480,0.075,13.907
2011-11-25,13.5191,13.7142,13.2806,13.3240,0.026,13.898
2011-11-28,13.7070,14.0321,13.4324,13.8948,0.071,13.899
2011-11-29,13.8298,13.8298,13.3168,13.3818,0.026,13.893
2011-11-30,13.8731,14.4584,13.5480,14.3934,0.175,13.913
2011-12-01,14.2850,14.7330,14.2127,14.4440,0.112,13.947
2011-12-02,14.6680,14.9209,14.5524,14.7691,0.077,13.992
2011-12-05,15.0076,15.1087,14.6680,14.8847,0.066,14.035
2011-12-06,14.8486,14.9931,14.6896,14.8775,0.045,14.066
2011-12-07,14.7980,14.9353,14.6535,14.7330,0.093,14.093
2011-12-08,14.6029,14.6824,14.4512,14.4512,0.172,14.125
2011-12-09,14.5524,15.1521,14.5524,15.0076,0.132,14.161
2011-12-12,14.7908,15.1087,14.6391,15.0654,0.051,14.197
2011-12-13,15.1738,15.2966,14.6680,14.7547,0.064,14.238
2011-12-14,14.5813,15.0003,14.5813,14.9136,0.062,14.257
2011-12-15,15.0654,15.3327,14.9425,15.1376,0.061,14.289
2011-12-16,15.1738,15.5278,14.9425,15.0726,0.170,14.315
2011-12-19,15.1810,15.4122,15.0003,15.1521,0.066,14.353
2011-12-20,15.4845,15.7663,15.3183,15.5928,0.106,14.381
2011-12-21,15.5928,15.7446,15.3544,15.6795,0.067,14.407
2011-12-22,15.7590,16.0625,15.5928,15.8168,0.051,14.425
2011-12-23,15.8674,16.1420,15.7590,15.9830,0.038,14.452
2011-12-27,15.9613,16.2576,15.8530,16.1637,0.033,14.475
2011-12-28,16.1131,16.1131,15.8746,15.9758,0.047,14.513
2011-12-29,16.0047,16.2576,15.9975,16.2070,0.051,14.544
2011-12-30,16.1492,16.2287,15.9830,16.0336,0.048,14.570
2012-01-03,16.2576,16.4527,16.1926,16.3443,0.060,14.609
2012-01-04,16.2359,16.5033,16.0842,16.3154,0.043,14.640
2012-01-05,16.1853,16.6044,16.0481,16.4888,0.063,14.662
2012-01-06,16.4382,16.5177,16.2431,16.3804,0.066,14.693
2012-01-09,16.4021,16.5322,16.3298,16.4382,0.047,14.733
2012-01-10,16.6116,16.6116,16.4093,16.4888,0.062,14.767
2012-01-11,16.4455,16.4455,16.3154,16.4021,0.021,14.803
2012-01-12,16.3804,16.5466,16.2576,16.5394,0.033,14.847
2012-01-13,16.3009,16.4888,16.3009,16.4455,0.027,14.904
2012-01-17,16.5394,16.5466,16.4382,16.4888,0.039,14.957
2012-01-18,16.4166,16.7923,16.4166,16.7200,0.058,15.010
2012-01-19,16.7851,16.8212,16.4455,16.5683,0.071,15.067
2012-01-20,16.5105,16.6550,16.3009,16.5249,0.060,15.120
2012-01-23,16.4671,16.5827,16.2793,16.3298,0.034,15.164
2012-01-24,16.1998,16.4238,16.0481,16.3515,0.034,15.217
2012-01-25,16.3804,16.5611,16.2648,16.5249,0.031,15.272
2012-01-26,16.5538,16.5538,16.2576,16.4455,0.027,15.319
2012-01-27,16.3588,16.6189,16.3443,16.6189,0.033,15.374
2012-01-30,16.5249,16.7273,16.4310,16.5538,0.042,15.423
2012-01-31,16.6839,16.6839,16.3009,16.3443,0.032,15.472
2012-02-01,16.2576,16.9729,16.1348,16.9368,0.068,15.535
2012-02-02,16.9440,17.2547,16.6839,17.1174,0.057,15.598
2012-02-03,17.3342,17.6955,17.1247,17.4859,0.077,15.673
2012-02-06,17.3992,17.4065,16.9513,16.9729,0.042,15.742
2012-02-07,16.9729,17.1752,16.7995,16.9296,0.034,15.809
2012-02-08,16.9296,17.1752,16.7634,17.0163,0.039,15.883
2012-02-09,16.9874,17.1391,16.6478,16.7056,0.029,15.939
2012-02-10,16.5972,16.6116,16.1853,16.1853,0.038,15.995
2012-02-13,16.2648,16.3588,16.0842,16.2504,0.037,16.033
2012-02-14,16.1795,16.1795,15.8446,15.9975,0.019,16.064
2012-02-15,16.0339,16.2450,15.8373,16.0703,0.045,16.090
2012-02-16,16.3324,16.8130,16.0703,16.8057,0.046,16.128
2012-02-17,16.8931,17.0751,16.6237,17.0387,0.036,16.171
2012-02-21,17.0314,17.0970,16.7766,16.9149,0.042,16.215
2012-02-22,16.8421,17.0023,16.5217,16.5363,0.038,16.257
2012-02-23,16.6091,17.0970,16.4781,17.0897,0.034,16.298
2012-02-24,17.0606,17.0751,16.5290,16.5946,0.077,16.329
2012-02-27,16.4489,16.6747,16.2232,16.5072,0.041,16.364
2012-02-28,16.3106,16.5290,16.1722,16.2669,0.018,16.391
2012-02-29,16.2523,16.3834,15.9829,16.0120,0.073,16.408
2012-03-01,16.1285,16.4781,15.8373,15.8373,0.043,16.424
2012-03-02,15.8810,15.9465,15.3349,15.4004,0.061,16.429
2012-03-05,15.4077,15.8882,15.3349,15.8882,0.020,16.435
2012-03-06,15.7572,15.9611,15.3130,15.4441,0.034,16.430
2012-03-07,15.4586,15.8737,15.4295,15.8154,0.030,16.430
2012-03-08,15.9465,16.0193,15.5824,15.8518,0.061,16.427
2012-03-09,15.8227,16.3397,15.6844,16.1504,0.039,16.427
2012-03-12,16.1067,16.2232,15.9538,16.1358,0.025,16.430
2012-03-13,16.2815,16.3688,16.0557,16.2378,0.061,16.431
2012-03-14,16.2960,16.5217,16.0848,16.1213,0.034,16.433
2012-03-15,16.1431,16.3761,15.8082,16.2232,0.056,16.430
2012-03-16,16.2450,16.5873,16.0630,16.4999,0.074,16.434
2012-03-19,16.5072,16.9950,16.3834,16.7111,0.049,16.438
2012-03-20,16.6310,16.8203,16.4416,16.5727,0.046,16.442
2012-03-21,16.5800,16.7256,16.2960,16.3033,0.033,16.439
2012-03-22,16.2014,16.3615,15.8446,16.0630,0.035,16.431
2012-03-23,16.0339,16.5654,16.0193,16.5581,0.054,16.434
2012-03-26,16.7111,17.0460,16.3834,16.8494,0.071,16.440
2012-03-27,16.9077,16.9441,16.6237,16.6528,0.049,16.444
2012-03-28,16.6892,16.9586,16.5509,16.7912,0.053,16.450
2012-03-29,16.6310,16.7402,16.2014,16.3980,0.037,16.444
2012-03-30,16.5800,16.8858,16.3907,16.6892,0.091,16.446
2012-04-02,16.5873,17.0242,16.5654,17.0023,0.042,16.456
2012-04-03,16.9295,17.0023,16.6091,16.6674,0.040,16.463
2012-04-04,16.3761,16.6892,16.2596,16.5800,0.076,16.467
2012-04-05,16.4198,16.6091,16.3543,16.5072,0.058,16.467
2012-04-09,16.1649,16.3543,16.1285,16.2742,0.120,16.464
2012-04-10,16.2887,16.3324,15.9902,16.0630,0.077,16.452
2012-04-11,16.2014,16.2960,16.0484,16.2960,0.055,16.447
2012-04-12,16.2450,16.5217,16.1504,16.4562,0.043,16.449
2012-04-13,16.3251,16.3834,15.8737,15.8955,0.086,16.429
2012-04-16,15.9174,16.3470,15.8810,16.2742,0.038,16.412
2012-04-17,16.3907,17.0169,16.3251,16.9295,0.123,16.401
2012-04-18,16.7984,16.7984,16.5145,16.5800,0.061,16.393
2012-04-19,16.5873,16.8931,16.4052,16.6018,0.054,16.386
2012-04-20,17.1043,17.1043,16.6528,16.8494,0.045,16.383
2012-04-23,16.5509,16.5727,16.3106,16.4708,0.053,16.378
2012-04-24,16.4562,16.9805,16.4052,16.9732,0.034,16.394
2012-04-25,17.0387,17.0970,16.7839,16.8567,0.056,16.406
2012-04-26,16.7766,16.9950,16.6382,16.8494,0.043,16.423
2012-04-27,16.8348,16.8494,16.5290,16.8348,0.070,16.438
2012-04-30,16.7475,16.8640,16.4781,16.5217,0.059,16.433
2012-05-01,16.5290,17.0023,16.5072,16.5363,0.078,16.423
2012-05-02,16.4198,16.6018,16.2450,16.5800,0.053,16.416
2012-05-03,16.5072,16.6455,16.4562,16.5654,0.043,16.417
2012-05-04,16.4416,16.5145,16.0776,16.2523,0.066,16.400
2012-05-07,16.1577,16.5946,16.1577,16.5145,0.063,16.398
2012-05-08,16.4394,16.8648,16.4027,16.7475,0.033,16.403
2012-05-09,16.4981,16.6374,16.2780,16.5274,0.038,16.408
2012-05-10,16.6814,16.7915,16.5127,16.6668,0.023,16.421
2012-05-11,16.5861,16.6154,16.2046,16.2706,0.033,16.430
2012-05-14,16.0652,16.3220,16.0139,16.0212,0.054,16.442
2012-05-15,15.9992,16.3000,15.9992,16.1093,0.038,16.447
2012-05-16,16.1533,16.7328,16.0652,16.4174,0.064,16.466
2012-05-17,16.3954,16.7328,16.3293,16.4614,0.059,16.479
2012-05-18,16.3880,16.3880,16.1826,16.2413,0.072,16.487
2012-05-21,16.3220,16.3220,16.0946,16.2486,0.065,16.489
2012-05-22,16.2340,16.4174,15.9332,16.0579,0.041,16.487
2012-05-23,15.8598,16.2193,15.8525,16.1973,0.049,16.487
2012-05-24,16.1973,16.4100,15.9846,16.4027,0.055,16.492
2012-05-25,16.3440,16.5201,16.3000,16.4027,0.029,16.496
2012-05-29,16.4834,16.5787,16.0579,16.4467,0.046,16.495
2012-05-30,16.2853,16.4174,16.1019,16.1093,0.036,16.483
2012-05-31,16.1019,16.3660,15.9479,16.0066,0.186,16.471
2012-06-01,15.7058,15.7058,14.7815,15.2216,0.530,16.450
2012-06-04,15.4490,15.4490,15.0382,15.1116,0.160,16.431
2012-06-05,15.0382,15.2803,15.0382,15.1703,0.112,16.403
2012-06-06,15.2656,15.4490,15.1409,15.4490,0.188,16.375
2012-06-07,15.6398,15.6765,15.4197,15.5444,0.116,16.353
2012-06-08,15.4197,15.8525,15.3830,15.6765,0.098,16.331
2012-06-11,15.7792,15.7792,15.1409,15.1483,0.079,16.306
2012-06-12,15.2216,15.3537,15.0823,15.1850,0.059,16.275
2012-06-13,15.1189,15.3757,15.0602,15.1043,0.042,16.238
2012-06-14,15.0749,15.4197,15.0529,15.3977,0.053,16.212
2012-06-15,15.3463,15.6544,15.2510,15.6251,0.103,16.193
2012-06-18,15.4417,15.6178,15.4417,15.5517,0.063,16.174
2012-06-19,15.5884,15.9479,15.5151,15.9405,0.060,16.167
2012-06-20,15.9185,15.9846,15.6471,15.8378,0.057,16.163
2012-06-21,15.8158,15.8378,15.3317,15.3757,0.084,16.144
2012-06-22,15.4857,15.7938,15.3757,15.6031,0.320,16.127
2012-06-25,15.4124,15.4931,15.2877,15.3537,0.034,16.116
2012-06-26,15.4270,15.5811,15.3317,15.5077,0.048,16.101
2012-06-27,15.4857,15.8745,15.4857,15.6838,0.039,16.076
2012-06-28,15.5591,15.9039,15.4931,15.7571,0.078,16.060
2012-06-29,16.0579,16.1900,15.8158,16.1386,0.072,16.050
2012-07-02,16.1606,16.3000,16.0066,16.2927,0.065,16.039
2012-07-03,16.2853,16.2853,16.0873,16.1826,0.042,16.034
2012-07-05,16.1533,16.3147,16.0066,16.2560,0.034,16.019
2012-07-06,16.0506,16.2633,15.9625,16.0799,0.028,16.004
2012-07-09,15.9919,16.2266,15.9405,16.2193,0.054,15.991
2012-07-10,16.2853,16.3147,16.0506,16.2486,0.028,15.979
2012-07-11,16.2266,16.4027,16.1166,16.1679,0.049,15.972
2012-07-12,16.0799,16.1826,15.9185,16.1019,0.045,15.964
2012-07-13,16.1093,16.3880,16.0726,16.3440,0.040,15.959
2012-07-16,16.2486,16.4174,16.0873,16.1239,0.052,15.950
2012-07-17,16.2780,16.3880,16.0726,16.3073,0.045,15.951
2012-07-18,16.3293,16.5054,16.1533,16.3513,0.061,15.948
2012-07-19,16.3733,16.4614,16.0359,16.0359,0.053,15.934
2012-07-20,15.8819,15.9846,15.8158,15.8819,0.038,15.921
2012-07-23,15.6765,15.7865,15.5958,15.6985,0.039,15.901
2012-07-24,15.7131,15.8378,15.6618,15.7278,0.042,15.891
2012-07-25,15.9772,16.1679,15.5444,15.9185,0.061,15.888
2012-07-26,16.0726,16.1679,15.8525,15.8525,0.052,15.883
2012-07-27,15.8965,16.5714,15.8085,16.3660,0.058,15.882
2012-07-30,16.3220,16.7108,16.3220,16.6154,0.050,15.885
2012-07-31,16.5347,16.7475,16.4687,16.4760,0.039,15.890
2012-08-01,16.4981,16.6888,16.3954,16.4027,0.081,15.893
2012-08-02,16.3000,16.3954,15.8965,16.1826,0.110,15.896
2012-08-03,16.2560,16.6888,16.2560,16.5347,0.064,15.902
2012-08-06,16.5347,16.6741,16.4834,16.5127,0.032,15.905
2012-08-07,16.6468,16.7060,16.2846,16.3733,0.049,15.904
2012-08-08,16.3364,16.4916,16.2994,16.3068,0.047,15.901
2012-08-09,16.2846,16.4916,16.2625,16.4842,0.081,15.909
2012-08-10,16.4916,16.5360,16.2920,16.3438,0.033,15.915
2012-08-13,16.1738,16.3955,16.0703,16.2994,0.050,15.937
2012-08-14,16.3364,16.5434,16.2625,16.4325,0.050,15.963
2012-08-15,16.3512,16.5138,16.3290,16.4251,0.034,15.989
2012-08-16,16.3438,16.4251,16.1959,16.3586,0.050,16.007
2012-08-17,16.2994,16.4473,16.1442,16.4103,0.047,16.024
2012-08-20,16.3068,16.5064,16.2107,16.4990,0.033,16.040
2012-08-21,16.4842,16.7134,16.3881,16.5434,0.087,16.068
2012-08-22,16.4547,16.6321,16.2699,16.3586,0.045,16.092
2012-08-23,16.3660,16.4103,16.1812,16.3142,0.044,16.116
2012-08-24,16.2625,16.4547,16.2625,16.3955,0.049,16.136
2012-08-27,16.4029,16.5508,16.2699,16.4694,0.048,16.153
2012-08-28,16.3512,16.7651,16.2699,16.7651,0.185,16.177
2012-08-29,16.6986,16.8317,16.6690,16.8169,0.057,16.195
2012-08-30,16.6616,16.7947,16.4177,16.4251,0.048,16.206
2012-08-31,16.5434,16.6616,16.4103,16.4473,0.031,16.228
2012-09-04,16.4399,16.6838,16.3807,16.6321,0.069,16.248
2012-09-05,16.7060,16.7725,16.4620,16.7208,0.065,16.276
2012-09-06,16.7060,17.0017,16.6764,16.9943,0.091,16.306
2012-09-07,17.0017,17.3269,16.7725,16.9943,0.082,16.332
2012-09-10,17.0386,17.1569,16.9056,16.9721,0.032,16.356
2012-09-11,16.9647,17.1643,16.7651,16.9204,0.055,16.372
2012-09-12,16.9647,17.0978,16.9204,17.0017,0.023,16.386
2012-09-13,17.0312,17.3713,16.9277,17.2973,0.054,16.408
2012-09-14,17.3491,17.4895,17.1569,17.4452,0.109,16.432
2012-09-17,16.2625,17.3934,16.2551,17.2160,0.043,16.455
2012-09-18,17.1495,17.3491,16.9721,17.1495,0.063,16.473
2012-09-19,17.1717,17.2530,16.8908,16.9056,0.055,16.486
2012-09-20,16.7799,17.0312,16.7799,16.9425,0.033,16.502
2012-09-21,17.1421,17.1421,16.6764,16.6838,0.121,16.514
2012-09-24,16.6395,17.1717,16.5729,16.9056,0.043,16.525
2012-09-25,17.0238,17.2013,16.7503,16.8021,0.065,16.538
2012-09-26,16.8464,17.0238,16.7356,17.0238,0.130,16.553
2012-09-27,17.0017,17.1421,16.9351,17.1273,0.046,16.568
2012-09-28,17.0165,17.0682,16.8390,16.9130,0.038,16.586
2012-10-01,16.9499,17.1643,16.8612,16.9204,0.049,16.606
2012-10-02,16.9499,17.1273,16.8834,17.1125,0.057,16.635
2012-10-03,17.1865,17.1865,16.9351,17.0978,0.057,16.662
2012-10-04,17.1347,17.3343,17.0830,17.2604,0.053,16.689
2012-10-05,17.2752,17.6743,17.2678,17.5043,0.074,16.722
2012-10-08,17.4821,17.5561,17.3491,17.4821,0.025,16.744
2012-10-09,17.4600,17.6152,17.2456,17.3491,0.054,16.759
2012-10-10,17.3565,17.6078,17.2678,17.4674,0.086,16.779
2012-10-11,17.6078,17.6669,17.4674,17.6226,0.090,16.803
2012-10-12,17.5856,17.5856,17.1347,17.2382,0.027,16.824
2012-10-15,17.2456,17.3491,17.1273,17.2382,0.026,16.838
2012-10-16,17.3787,17.3787,16.9573,17.0830,0.069,16.850
2012-10-17,16.8982,17.2382,16.8982,17.2234,0.049,16.867
2012-10-18,17.2234,17.2900,17.0165,17.0460,0.038,16.882
2012-10-19,16.8760,17.3269,16.8760,17.1495,0.367,16.895
2012-10-22,17.0608,17.1495,16.9647,17.1347,0.086,16.911
2012-10-23,17.0091,17.1643,16.8982,17.0682,0.072,16.926
2012-10-24,17.2308,17.6152,17.2308,17.2826,0.131,16.943
2012-10-25,17.4748,17.6078,17.2900,17.5191,0.071,16.965
2012-10-26,17.5191,17.6669,17.2382,17.2530,0.139,16.983
2012-10-31,17.2234,17.5487,17.0386,17.3565,0.165,17.002
2012-11-01,17.3195,17.4821,17.0682,17.2678,0.094,17.017
2012-11-02,17.3713,17.3713,17.0238,17.0608,0.052,17.028
2012-11-05,17.0608,17.2382,16.8908,17.0978,0.087,17.042
2012-11-06,17.1122,17.4623,17.1048,17.1569,0.095,17.059
2012-11-07,17.0303,17.0303,16.4864,16.5758,0.097,17.063
2012-11-08,16.5684,16.6801,16.5013,16.5013,0.055,17.063
2012-11-09,16.4268,16.6950,15.5626,16.4864,0.040,17.058
2012-11-12,16.4864,17.1569,16.4864,17.0154,0.061,17.062
2012-11-13,16.9334,16.9856,16.5684,16.5982,0.046,17.065
2012-11-14,16.6056,16.6876,16.0171,16.0469,0.047,17.057
2012-11-15,15.9873,16.0916,15.8308,15.9053,0.039,17.043
2012-11-16,15.8308,16.3225,15.8308,16.2853,0.079,17.034
2012-11-19,16.3896,16.5386,16.3002,16.4417,0.084,17.023
2012-11-20,16.3896,16.5609,16.2182,16.5535,0.054,17.014
2012-11-21,17.1494,17.1494,16.3970,16.5982,0.061,17.007
2012-11-23,16.5237,16.7621,16.2108,16.7621,0.023,17.004
2012-11-26,16.5907,16.8291,16.5907,16.7099,0.049,16.998
2012-11-27,16.6056,16.9111,16.6056,16.8515,0.072,16.989
2012-11-28,16.6801,16.9409,16.6354,16.9409,0.027,16.979
2012-11-29,16.9185,17.3580,16.9185,17.2686,0.073,16.980
2012-11-30,17.0675,17.2686,16.9781,17.1792,0.123,16.980
2012-12-03,17.2165,17.4027,16.7919,16.8738,0.059,16.980
2012-12-04,16.7844,17.0750,16.7844,17.0303,0.063,16.981
2012-12-05,17.0377,17.2314,16.9409,17.0601,0.054,16.989
2012-12-06,17.0079,17.0601,16.8813,17.0005,0.023,16.991
2012-12-07,17.0675,17.0675,16.7174,16.8068,0.055,16.991
2012-12-10,16.8515,17.3431,16.7844,17.0154,0.060,16.991
2012-12-11,17.2761,17.2761,16.9558,17.1494,0.077,16.991
2012-12-12,17.1420,17.4102,17.1197,17.1941,0.058,16.997
2012-12-13,17.1569,17.2984,17.0079,17.0303,0.041,16.999
2012-12-14,17.0526,17.2016,16.7695,16.9334,0.156,16.995
2012-12-17,16.9707,17.1718,16.9707,17.1346,0.145,16.996
2012-12-18,17.1569,17.5517,17.1346,17.5145,0.063,17.001
2012-12-19,17.4102,17.7529,17.4027,17.6933,0.050,17.005
2012-12-20,17.5443,17.9019,17.3729,17.8944,0.151,17.013
2012-12-21,17.8944,18.0732,17.6709,18.0509,0.292,17.027
2012-12-24,17.9987,17.9987,17.7231,17.7454,0.031,17.033
2012-12-26,17.7082,17.8125,17.6113,17.6858,0.031,17.034
2012-12-27,17.6411,17.6709,17.2537,17.5964,0.054,17.041
2012-12-28,17.4698,17.6486,17.4698,17.5592,0.054,17.048
2012-12-31,17.5294,17.7901,17.4772,17.7752,0.065,17.062
2013-01-02,18.1030,18.2222,17.8423,18.2073,0.139,17.081
2013-01-03,18.1775,18.5351,17.9019,18.1924,0.107,17.104
2013-01-04,18.1999,18.2520,18.1105,18.1179,0.048,17.124
2013-01-07,18.0956,18.0956,17.8944,18.0062,0.043,17.141
2013-01-08,17.9540,18.0136,17.8646,17.9391,0.044,17.158
2013-01-09,17.9317,18.1179,17.8870,17.8870,0.039,17.171
2013-01-10,17.9093,18.5053,17.9093,18.1179,0.041,17.182
2013-01-11,18.1552,18.1552,17.8721,18.1030,0.097,17.199
2013-01-14,18.1030,18.2073,18.0285,18.1775,0.038,17.216
2013-01-15,18.1254,18.2520,18.0583,18.2520,0.062,17.236
2013-01-16,18.1999,18.1999,18.0658,18.0732,0.057,17.256
2013-01-17,18.1701,18.1999,17.9615,18.0211,0.057,17.274
2013-01-18,17.9764,18.1328,17.8795,18.1328,0.037,17.294
2013-01-22,18.1328,18.2520,18.0509,18.2520,0.042,17.327
2013-01-23,18.2669,18.3265,18.0881,18.2148,0.078,17.362
2013-01-24,18.2446,18.3861,18.2297,18.3489,0.059,17.399
2013-01-25,18.3787,18.4383,18.2222,18.3489,0.103,17.426
2013-01-28,18.3191,18.4606,18.1850,18.4159,0.087,17.462
2013-01-29,18.5053,18.5053,18.2446,18.2818,0.031,17.507
2013-01-30,18.1105,18.2744,17.9019,17.9689,0.094,17.548
2013-01-31,17.9168,18.0732,17.8572,18.0285,0.086,17.583
2013-02-01,18.0360,18.2893,18.0360,18.2520,0.114,17.619
2013-02-04,18.0732,18.2520,18.0732,18.1477,0.066,17.651
2013-02-05,18.1999,18.3563,18.1328,18.3116,0.072,17.685
2013-02-06,18.2371,18.3787,18.1850,18.3638,0.052,17.717
2013-02-07,18.2967,18.9598,18.2669,18.4010,0.053,17.751
2013-02-08,18.3861,18.5351,18.3340,18.4159,0.066,17.782
2013-02-11,18.3265,18.8629,18.2371,18.2893,0.030,17.809
2013-02-12,18.3862,18.4537,18.2811,18.3787,0.016,17.831
2013-02-13,18.3562,18.4687,18.2961,18.3937,0.080,17.856
2013-02-14,18.3562,18.4387,18.2961,18.3036,0.048,17.884
2013-02-15,18.2136,18.8515,18.2136,18.2961,0.106,17.910
2013-02-19,18.2736,18.8965,18.2736,18.5213,0.181,17.939
2013-02-20,18.5137,18.6113,18.4312,18.4687,0.097,17.968
2013-02-21,18.4387,18.5738,18.2511,18.3186,0.074,17.998
2013-02-22,18.4087,18.4387,18.2811,18.4312,0.039,18.027
2013-02-25,18.5137,18.5288,17.5457,17.9959,0.054,18.044
2013-02-26,18.0635,18.2136,18.0485,18.1385,0.066,18.063
2013-02-27,18.0860,18.4462,18.0485,18.1835,0.088,18.086
2013-02-28,18.1310,18.3637,18.0410,18.2361,0.081,18.112
2013-03-01,18.2061,18.2361,17.9734,18.1610,0.078,18.132
2013-03-04,18.0860,18.3261,18.0410,18.2586,0.050,18.147
2013-03-05,18.2961,18.5213,18.1911,18.4312,0.060,18.162
2013-03-06,18.4237,18.9715,18.2736,18.4087,0.033,18.172
2013-03-07,18.3486,18.9190,18.2736,18.4012,0.026,18.179
2013-03-08,18.4762,18.5663,18.4162,18.4837,0.045,18.194
2013-03-11,18.3562,18.5513,18.3562,18.5363,0.046,18.211
2013-03-12,18.5588,18.5663,18.3111,18.3862,0.049,18.227
2013-03-13,18.4612,18.6413,18.3637,18.5813,0.070,18.247
2013-03-14,18.5513,18.7614,18.5363,18.7614,0.110,18.267
2013-03-15,18.6713,18.9865,18.6713,18.8965,0.159,18.281
2013-03-18,18.7314,18.9115,18.7239,18.7989,0.048,18.293
2013-03-19,18.7914,19.5119,18.7014,18.8064,0.045,18.307
2013-03-20,18.9115,19.0841,18.8815,18.9415,0.034,18.325
2013-03-21,18.7314,18.9940,18.7314,18.9490,0.038,18.345
2013-03-22,19.1366,19.1366,18.8740,19.0091,0.035,18.368
2013-03-25,19.1066,19.1366,18.9790,19.1291,0.041,18.388
2013-03-26,19.1366,19.1366,19.0166,19.1366,0.053,18.409
2013-03-27,19.5194,19.5194,19.0391,19.3092,0.109,18.431
2013-03-28,19.1967,19.4593,18.6188,19.1666,0.115,18.450
2013-04-01,19.1666,19.2042,18.6638,18.8214,0.075,18.465
2013-04-02,18.8214,19.2717,18.6563,18.6939,0.063,18.478
2013-04-03,18.6939,18.9565,18.4762,18.6188,0.200,18.488
2013-04-04,18.5963,18.9490,18.5963,18.8590,0.110,18.500
2013-04-05,18.5963,19.0691,18.5963,19.0466,0.130,18.517
2013-04-08,19.1066,19.2792,18.8440,19.1366,0.073,18.532
2013-04-09,19.2042,19.2042,18.8440,18.8815,0.055,18.543
2013-04-10,19.0391,19.1742,18.8590,19.1216,0.130,18.557
2013-04-11,18.9640,19.2717,18.9490,19.1591,0.033,18.575
2013-04-12,19.0015,19.3017,18.9415,19.1066,0.040,18.597
2013-04-15,18.9265,19.1291,18.6713,18.6939,0.119,18.611
2013-04-16,18.8515,19.5119,18.7989,19.4893,0.183,18.636
2013-04-17,19.5194,19.5344,18.8665,18.9265,0.192,18.651
2013-04-18,18.9490,19.0916,18.7989,18.8965,0.172,18.663
2013-04-19,18.9115,19.1817,18.9115,19.1291,0.129,18.678
2013-04-22,19.0841,19.3993,18.9040,19.2342,0.186,18.695
2013-04-23,19.3317,19.4443,19.1441,19.3468,0.091,18.713
2013-04-24,19.2642,19.5344,19.2642,19.3618,0.098,18.735
2013-04-25,19.3543,19.5119,19.2567,19.3543,0.069,18.754
2013-04-26,19.1441,19.3317,19.1441,19.2492,0.077,18.771
2013-04-29,19.2867,19.3242,19.0991,19.2492,0.126,18.790
2013-04-30,19.1967,19.4518,19.1742,19.4068,0.155,18.813
2013-05-01,19.2942,19.3017,18.8890,18.9190,0.265,18.821
2013-05-02,18.9715,19.3017,18.9715,19.2042,0.163,18.835
2013-05-03,19.4443,19.6394,19.4368,19.4443,0.068,18.858
2013-05-06,19.4743,20.0522,19.4743,19.9696,0.127,18.889
2013-05-07,20.0822,20.3674,20.0447,20.2323,0.135,18.933
2013-05-08,20.1572,20.2773,20.0372,20.2323,0.083,18.975
2013-05-09,20.1873,20.3674,20.1873,20.1948,0.057,19.015
2013-05-10,20.1798,20.2848,19.9997,20.0822,0.055,19.052
2013-05-13,20.1122,20.1197,19.8871,20.0372,0.092,19.090
2013-05-14,20.1188,20.3303,20.0810,20.2623,0.021,19.130
2013-05-15,20.2774,20.4663,20.1414,20.4361,0.140,19.170
2013-05-16,20.3605,20.5494,20.3605,20.4361,0.047,19.211
2013-05-17,20.5041,20.6778,20.4512,20.6023,0.090,19.255
2013-05-20,20.5494,20.8894,20.5116,20.7458,0.043,19.300
2013-05-21,20.7760,20.8214,20.6401,20.7760,0.088,19.345
2013-05-22,20.7987,21.0329,20.2623,20.3152,0.081,19.383
2013-05-23,20.0810,20.4059,20.0810,20.3303,0.052,19.418
2013-05-24,20.1717,20.7307,20.1717,20.4512,0.032,19.452
2013-05-28,20.7307,20.9649,20.5192,20.6929,0.059,19.488
2013-05-29,20.5267,20.7081,20.3228,20.4134,0.041,19.520
2013-05-30,20.4436,20.8289,20.4134,20.5267,0.094,19.555
2013-05-31,20.3756,20.5116,20.2094,20.2699,0.073,19.581
2013-06-03,20.3152,20.7609,20.1792,20.7307,0.111,19.617
2013-06-04,20.8138,20.8440,20.2321,20.3983,0.062,19.645
2013-06-05,20.3983,20.4134,20.0281,20.0659,0.089,19.663
2013-06-06,20.1339,20.3152,19.9148,20.2699,0.054,19.686
2013-06-07,20.4134,20.4814,20.2245,20.3681,0.044,19.707
2013-06-10,20.4361,20.6401,20.3530,20.6401,0.033,19.737
2013-06-11,20.5267,20.5645,20.2623,20.2699,0.043,19.766
2013-06-12,20.3530,20.4134,19.9223,20.0054,0.042,19.792
2013-06-13,20.0357,20.3832,19.9677,20.3530,0.048,19.826
2013-06-14,20.3756,20.3756,20.0357,20.0357,0.046,19.850
2013-06-17,20.2170,20.2623,19.9375,20.1792,0.038,19.873
2013-06-18,20.1641,20.5343,20.1641,20.4663,0.059,19.899
2013-06-19,20.5116,20.5116,20.2019,20.2245,0.046,19.926
2013-06-20,19.8921,20.2623,19.8921,20.1717,0.085,19.947
2013-06-21,20.3001,20.5116,20.0281,20.4965,0.147,19.974
2013-06-24,20.3303,20.5116,20.1263,20.2245,0.082,19.996
2013-06-25,20.3756,20.8063,20.2170,20.5570,0.062,20.033
2013-06-26,20.7081,20.8365,20.4512,20.5645,0.044,20.055
2013-06-27,20.6476,20.9045,20.6476,20.8440,0.044,20.093
2013-06-28,20.8289,21.0329,20.6401,20.9725,0.144,20.135
2013-07-01,21.0329,21.3729,21.0329,21.1613,0.077,20.176
2013-07-02,21.1613,21.5618,21.0782,21.3804,0.064,20.218
2013-07-03,21.1538,21.5466,21.1538,21.4635,0.028,20.261
2013-07-05,21.6298,22.1888,21.5920,22.0604,0.057,20.315
2013-07-08,22.0906,22.1964,21.9546,22.0075,0.098,20.368
2013-07-09,22.0453,22.0604,21.7657,21.8337,0.132,20.419
2013-07-10,21.8413,21.9093,21.5693,21.6977,0.099,20.468
2013-07-11,21.1538,21.8564,21.1538,21.5089,0.134,20.511
2013-07-12,21.6222,21.6826,21.4560,21.6373,0.048,20.565
2013-07-15,21.6449,21.7280,21.5769,21.6449,0.083,20.614
2013-07-16,21.7280,21.7280,21.5240,21.6373,0.074,20.658
2013-07-17,21.7355,21.8186,21.6146,21.6751,0.065,20.692
2013-07-18,21.6751,21.9017,21.6071,21.7809,0.104,20.723
2013-07-19,21.6902,21.8186,21.6071,21.7280,0.091,20.753
2013-07-22,20.3907,20.7534,20.2472,20.3907,0.480,20.756
2013-07-23,20.3756,20.7005,20.3001,20.5343,0.215,20.766
2013-07-24,20.6023,20.9649,20.5796,20.8063,0.123,20.781
2013-07-25,20.2094,20.9120,20.0281,20.0961,0.225,20.778
2013-07-26,19.8997,19.9375,19.4690,19.6353,0.212,20.762
2013-07-29,19.4539,19.7864,19.3179,19.6957,0.235,20.747
2013-07-30,19.6957,19.8543,19.6277,19.7032,0.136,20.729
2013-07-31,19.6504,19.9375,19.5824,19.7184,0.135,20.708
2013-08-01,19.8317,19.9677,19.8090,19.8997,0.193,20.691
2013-08-02,19.8695,20.0206,19.6655,20.0054,0.072,20.684
2013-08-05,20.0281,20.0281,19.8317,19.9072,0.073,20.676
2013-08-06,19.9077,20.0218,19.7784,19.8392,0.133,20.664
2013-08-07,19.7327,19.8545,19.6110,19.7784,0.106,20.645
2013-08-08,19.5350,19.8316,19.3828,19.7632,0.309,20.632
2013-08-09,19.7327,19.9001,19.6415,19.7099,0.108,20.616
2013-08-12,19.5730,19.7099,19.4893,19.6338,0.054,20.603
2013-08-13,19.5882,19.5882,19.3524,19.5578,0.070,20.580
2013-08-14,19.5958,19.5958,19.4208,19.5426,0.033,20.563
2013-08-15,19.3220,19.4817,19.2535,19.3372,0.080,20.548
2013-08-16,19.2002,19.4208,19.2002,19.3296,0.047,20.529
2013-08-19,19.3676,19.4437,19.1546,19.2307,0.067,20.507
2013-08-20,19.2002,19.5502,19.1698,19.5121,0.051,20.484
2013-08-21,19.4056,19.4969,19.0937,19.1318,0.088,20.461
2013-08-22,19.2307,19.6947,19.2078,19.4817,0.032,20.451
2013-08-23,19.4741,19.4741,19.2231,19.4132,0.061,20.432
2013-08-26,19.4817,19.4817,19.1926,19.2155,0.022,20.416
2013-08-27,19.0633,19.1166,18.9340,18.9492,0.113,20.391
2013-08-28,18.9796,19.1470,18.9416,19.0633,0.085,20.363
2013-08-29,19.1014,19.2307,19.0557,19.1470,0.054,20.342
2013-08-30,19.1090,19.1546,18.8655,18.9036,0.101,20.316
2013-09-03,19.1090,19.3980,18.8047,18.8960,0.069,20.284
2013-09-04,18.9416,19.2307,18.9112,18.9872,0.072,20.259
2013-09-05,19.0329,19.1470,18.9872,19.0633,0.065,20.230
2013-09-06,19.0633,19.1318,18.5156,19.0177,0.090,20.199
2013-09-09,19.0405,19.3828,18.8503,19.1318,0.025,20.164
2013-09-10,19.2078,19.2611,19.0937,19.2231,0.039,20.129
2013-09-11,19.2078,19.2991,19.0329,19.0861,0.033,20.088
2013-09-12,19.1318,19.1622,18.9112,18.9340,0.024,20.039
2013-09-13,19.0405,19.1318,18.9036,18.9264,0.037,19.988
2013-09-16,19.1394,19.1698,18.9264,18.9872,0.074,19.927
2013-09-17,18.9796,19.0633,18.6449,18.8503,0.139,19.864
2013-09-18,18.7819,19.1622,18.7666,18.9112,0.069,19.805
2013-09-19,18.8960,18.9796,18.5841,18.7971,0.053,19.747
2013-09-20,18.8960,19.1318,18.7895,19.0405,0.119,19.698
2013-09-23,19.0101,19.1090,18.7895,19.0253,0.047,19.646
2013-09-24,19.0481,19.3143,18.9264,19.1090,0.056,19.595
2013-09-25,19.0709,19.3448,18.9416,19.0405,0.033,19.543
2013-09-26,19.0329,19.1090,18.8579,19.1090,0.052,19.492
2013-09-27,18.9720,19.2839,18.9644,19.0937,0.101,19.438
2013-09-30,18.9796,19.1546,18.9568,19.1014,0.114,19.385
2013-10-01,19.1318,19.3828,19.0633,19.2307,0.054,19.362
2013-10-02,19.0785,19.2155,18.9492,18.9644,0.055,19.331
2013-10-03,18.9188,19.0177,18.6373,18.7971,0.072,19.290
2013-10-04,18.7514,18.9340,18.7514,18.9112,0.043,19.267
2013-10-07,18.8275,18.8884,18.7058,18.7058,0.067,19.248
2013-10-08,18.7362,18.9264,18.6525,18.7058,0.046,19.228
2013-10-09,18.7210,18.9264,18.6525,18.7058,0.047,19.208
2013-10-10,18.8655,19.1242,18.7895,19.0937,0.040,19.196
2013-10-11,18.9872,19.5578,18.9568,19.5578,0.050,19.189
2013-10-14,19.4056,19.6795,19.3676,19.4969,0.054,19.179
2013-10-15,19.3980,19.4741,19.1090,19.1926,0.073,19.165
2013-10-16,19.3524,19.5045,19.2231,19.2839,0.034,19.154
2013-10-17,19.1850,19.6643,19.1090,19.4665,0.042,19.147
2013-10-18,19.6415,19.6719,19.3143,19.6338,0.079,19.145
2013-10-21,19.6034,19.7860,19.4969,19.5426,0.103,19.141
2013-10-22,19.5197,19.6034,19.1850,19.4741,0.087,19.138
2013-10-23,19.4361,19.7175,19.2915,19.6186,0.035,19.139
2013-10-24,19.5882,19.8240,19.4817,19.6262,0.040,19.141
2013-10-25,19.7023,19.7023,19.4665,19.5578,0.048,19.145
2013-10-28,19.5121,19.8240,19.3752,19.7632,0.182,19.154
2013-10-29,19.7099,20.0066,19.5882,19.9229,0.092,19.168
2013-10-30,19.8773,19.8773,19.5197,19.5578,0.101,19.169
2013-10-31,19.5882,19.6034,19.2991,19.2991,0.098,19.172
2013-11-01,19.2687,19.2991,18.8275,19.1090,0.087,19.165
2013-11-04,19.1394,19.4361,18.8731,19.2611,0.079,19.162
2013-11-05,19.2307,19.3067,18.9720,19.1166,0.163,19.160
2013-11-06,19.1850,19.4513,19.0937,19.2307,0.069,19.165
2013-11-07,19.2535,19.3220,19.2383,19.2611,0.061,19.169
2013-11-08,19.2383,19.9990,19.2383,19.7784,0.072,19.182
2013-11-11,19.7784,19.8468,19.4665,19.5806,0.039,19.196
2013-11-12,19.4973,19.6199,19.2598,19.4437,0.057,19.206
2013-11-13,19.3671,19.5969,19.3058,19.5816,0.026,19.218
2013-11-14,19.5356,19.6046,19.5203,19.5969,0.030,19.229
2013-11-15,19.5586,19.6658,19.3671,19.5050,0.034,19.239
2013-11-18,19.5509,19.7118,19.4820,19.5509,0.039,19.247
2013-11-19,19.5356,19.6582,19.4283,19.5816,0.023,19.254
2013-11-20,19.6046,19.6352,19.4437,19.5433,0.024,19.263
2013-11-21,19.5356,20.1485,19.4590,19.8803,0.048,19.282
2013-11-22,19.8267,20.0949,19.7501,19.7961,0.055,19.300
2013-11-25,19.9263,20.7307,19.8880,20.4243,0.230,19.329
2013-11-26,20.3936,20.6848,20.2328,20.6311,0.084,19.364
2013-11-27,20.6771,20.9146,20.6235,20.8763,0.099,19.403
2013-11-29,20.9529,21.0448,20.8227,20.9452,0.034,19.446
2013-12-02,20.9989,20.9989,20.4856,20.5622,0.095,19.477
2013-12-03,20.5545,21.3436,20.3323,20.3783,0.051,19.504
2013-12-04,20.3707,20.5545,20.1102,20.2711,0.082,19.527
2013-12-05,20.2328,20.6771,20.2251,20.4626,0.047,19.556
2013-12-06,20.5852,20.8916,20.5852,20.6694,0.064,19.587
2013-12-09,20.7154,20.7920,20.5315,20.6618,0.078,19.618
2013-12-10,20.6924,20.7307,20.3094,20.3630,0.062,19.643
2013-12-11,20.4013,20.4166,20.0566,20.0795,0.054,19.660
2013-12-12,20.1561,20.3860,19.9953,20.1791,0.042,19.685
2013-12-13,20.2787,20.3017,20.0949,20.1638,0.036,19.712
2013-12-16,20.1944,20.4090,19.9953,20.3630,0.052,19.741
2013-12-17,20.4319,20.4319,19.9646,20.0872,0.051,19.769
2013-12-18,20.1485,20.5162,19.8650,20.3094,0.083,19.801
2013-12-19,20.2328,20.4243,19.9416,20.1178,0.053,19.829
2013-12-20,20.2021,20.8533,20.1791,20.8073,0.143,19.863
2013-12-23,20.8073,20.9222,20.6464,20.6848,0.081,19.886
2013-12-24,20.7614,20.9529,20.5239,20.7690,0.035,19.911
2013-12-26,20.8916,21.0065,20.7690,20.9146,0.042,19.946
2013-12-27,20.9989,20.9989,20.6848,20.9606,0.029,19.979
2013-12-30,20.9989,20.9989,20.7690,20.7843,0.078,20.006
2013-12-31,20.8610,20.9759,20.7767,20.8916,0.039,20.031
2014-01-02,20.8993,20.8993,20.5392,20.5852,0.042,20.052
2014-01-03,20.5698,20.7154,20.4702,20.6158,0.033,20.074
2014-01-06,20.6158,20.7843,20.4319,20.4396,0.046,20.091
2014-01-07,20.5469,20.6311,20.4090,20.5469,0.033,20.109
2014-01-08,20.5469,20.5469,20.2634,20.4166,0.037,20.126
2014-01-09,20.5239,20.5852,20.1944,20.3017,0.074,20.137
2014-01-10,20.3553,20.3553,20.0106,20.1561,0.033,20.142
2014-01-13,20.1178,20.2328,19.8114,20.0182,0.058,20.151
2014-01-14,20.1332,20.2174,20.0412,20.2021,0.022,20.169
2014-01-15,20.2481,20.4319,20.1178,20.3630,0.032,20.194
2014-01-16,20.3247,20.4090,19.9340,20.1102,0.027,20.211
2014-01-17,20.0412,20.3630,19.9340,20.0872,0.033,20.231
2014-01-21,20.1561,20.3553,19.8191,20.2787,0.041,20.252
2014-01-22,20.3400,20.4013,19.9570,20.0489,0.047,20.267
2014-01-23,19.9340,20.0489,19.6505,19.8420,0.125,20.269
2014-01-24,19.6658,19.9723,19.3211,19.5356,0.073,20.268
2014-01-27,19.6275,19.8267,19.2368,19.2368,0.057,20.264
2014-01-28,19.3364,19.3900,18.9610,19.0606,0.081,20.253
2014-01-29,18.9380,19.3134,18.5473,18.8001,0.076,20.237
2014-01-30,18.8921,19.2292,18.8538,19.1525,0.090,20.230
2014-01-31,18.8691,19.2445,18.7312,18.7389,0.162,20.214
2014-02-03,18.7618,18.9074,18.6699,18.7465,0.137,20.197
2014-02-04,18.7925,19.0300,18.7312,18.8231,0.062,20.183
2014-02-05,18.7695,18.9380,18.7005,18.7772,0.075,20.161
2014-02-06,18.8614,18.9840,18.7772,18.8768,0.078,20.142
2014-02-07,18.9993,18.9993,18.7618,18.8155,0.078,20.110
2014-02-10,18.8538,18.9074,18.6929,18.7695,0.088,20.073
2014-02-11,18.8686,19.0615,18.8532,18.9380,0.043,20.034
2014-02-12,18.8532,19.0229,18.8532,18.9612,0.067,19.994
2014-02-13,18.8454,19.1001,18.8300,18.9843,0.077,19.963
2014-02-14,18.9921,19.3934,18.9535,19.3625,0.070,19.943
2014-02-18,19.3856,19.4011,19.0461,19.1927,0.046,19.921
2014-02-19,19.1850,19.1850,18.4827,18.5522,0.127,19.883
2014-02-20,18.5908,18.8300,18.4982,18.8068,0.328,19.846
2014-02-21,18.8840,19.2081,18.7914,19.1541,0.090,19.815
2014-02-24,19.1155,19.4165,19.1155,19.3239,0.080,19.795
2014-02-25,19.3239,19.3239,18.9998,19.1618,0.059,19.776
2014-02-26,19.2159,19.5091,19.0770,19.5014,0.056,19.763
2014-02-27,19.5014,19.5554,19.2544,19.4937,0.076,19.749
2014-02-28,19.5245,19.6172,19.3471,19.3934,0.100,19.730
2014-03-03,19.3008,19.3085,19.0461,19.1233,0.049,19.711
2014-03-04,19.3393,19.8410,19.2853,19.7098,0.190,19.699
2014-03-05,19.6403,19.8178,19.5168,19.7869,0.078,19.692
2014-03-06,19.8178,20.0648,19.7329,19.9258,0.046,19.674
2014-03-07,20.0493,20.3040,19.9181,20.0956,0.057,19.663
2014-03-10,20.0262,20.1265,19.9027,20.1111,0.046,19.649
2014-03-11,20.0648,20.0879,19.8178,20.0030,0.064,19.631
2014-03-12,19.8873,20.1265,19.7561,20.0956,0.068,19.614
2014-03-13,20.2037,20.2037,19.8564,20.0416,0.041,19.599
2014-03-14,19.9413,20.1805,19.8641,20.0416,0.042,19.582
2014-03-17,20.1651,20.2423,20.0648,20.0879,0.058,19.572
2014-03-18,20.0725,20.2191,19.9721,20.1805,0.047,19.563
2014-03-19,20.2268,20.2577,19.9721,20.1342,0.034,19.557
2014-03-20,20.1033,20.5664,19.8101,20.4429,0.035,19.555
2014-03-21,20.5432,20.6050,20.2191,20.3426,0.146,19.554
2014-03-24,20.3194,20.4506,20.1574,20.2037,0.045,19.552
2014-03-25,20.3117,20.3426,20.0879,20.1574,0.040,19.552
2014-03-26,20.2963,20.2963,19.7638,19.7947,0.047,19.547
2014-03-27,19.7483,19.8255,19.4782,19.5400,0.031,19.534
2014-03-28,19.5477,19.8795,19.2467,19.5863,0.055,19.519
2014-03-31,19.7098,20.0339,19.7098,19.9721,0.052,19.516
2014-04-01,20.0648,20.3812,19.7947,20.3117,0.055,19.520
2014-04-02,20.3812,20.5587,20.2423,20.3580,0.102,19.522
2014-04-03,20.4197,20.4352,20.1419,20.2268,0.066,19.525
2014-04-04,20.3657,20.3657,19.6403,19.7561,0.053,19.524
2014-04-07,19.6557,19.9876,19.4860,19.8332,0.061,19.530
2014-04-08,19.8718,20.0416,19.8024,19.8332,0.049,19.542
2014-04-09,19.8332,19.8641,19.5709,19.7715,0.047,19.556
2014-04-10,19.7098,19.7098,19.1464,19.2699,0.077,19.565
2014-04-11,19.0924,19.3162,18.9921,19.0615,0.053,19.563
2014-04-14,19.2544,19.2699,18.9149,19.0924,0.071,19.571
2014-04-15,19.0924,19.1387,18.6757,19.0924,0.043,19.577
2014-04-16,19.1618,19.3085,18.9458,19.2159,0.060,19.585
2014-04-17,19.1773,19.5323,19.1387,19.3856,0.043,19.597
2014-04-21,19.3548,19.4628,19.2776,19.3162,0.027,19.606
2014-04-22,19.3008,19.6635,19.2853,19.4319,0.026,19.619
2014-04-23,19.3934,19.5631,19.2081,19.2313,0.104,19.628
2014-04-24,19.2930,19.2930,18.9149,18.9843,0.033,19.629
2014-04-25,18.8763,19.0538,18.6294,18.6757,0.094,19.623
2014-04-28,18.6911,18.8532,18.4441,18.5599,0.068,19.615
2014-04-29,18.6834,18.9612,18.0969,18.1740,0.167,19.591
2014-04-30,18.1586,18.3515,17.9039,18.0814,0.111,19.569
2014-05-01,18.0274,18.2281,17.6570,17.7033,0.168,19.552
2014-05-02,17.7496,18.0583,17.5489,17.7033,0.136,19.529
2014-05-05,17.6030,17.6724,17.3714,17.6415,0.123,19.499
2014-05-06,17.5335,17.6724,17.3714,17.5335,0.147,19.463
2014-05-07,17.5567,17.9039,17.4255,17.9039,0.068,19.438
2014-05-08,17.8268,18.2049,17.8268,17.8576,0.076,19.405
2014-05-09,17.7496,18.0969,17.7496,18.0428,0.080,19.376
2014-05-12,18.0737,18.5445,17.9580,18.4596,0.066,19.358
2014-05-13,18.4860,18.4860,18.0505,18.0583,0.085,19.336
2014-05-14,18.0738,18.0738,17.5061,17.5528,0.178,19.293
2014-05-15,17.4750,17.5294,17.2184,17.4361,0.100,19.246
2014-05-16,17.3895,17.3895,17.1561,17.3583,0.062,19.195
2014-05-19,17.3039,17.6305,17.3039,17.5761,0.043,19.145
2014-05-20,17.6072,17.6072,17.3039,17.4128,0.109,19.091
2014-05-21,17.5061,17.7705,17.4206,17.5061,0.086,19.041
2014-05-22,17.3661,17.6461,17.3661,17.5372,0.034,18.989
2014-05-23,17.4983,17.7005,17.4283,17.6305,0.052,18.941
2014-05-27,17.7628,18.0661,17.6305,17.9416,0.037,18.899
2014-05-28,17.9027,17.9027,17.5605,17.5761,0.052,18.849
2014-05-29,17.6694,17.7316,17.5450,17.5917,0.039,18.797
2014-05-30,17.6150,17.7939,17.5061,17.5761,0.111,18.746
2014-06-02,17.5761,17.5761,17.3039,17.4750,0.087,18.687
2014-06-03,17.4439,17.6461,17.3428,17.5372,0.068,18.631
2014-06-04,17.4594,17.6150,17.4283,17.4672,0.056,18.576
2014-06-05,17.5528,17.9416,17.4517,17.8872,0.096,18.530
2014-06-06,17.9416,18.2527,17.9416,18.1438,0.083,18.497
2014-06-09,18.0972,18.3460,17.9805,18.2294,0.063,18.471
2014-06-10,18.1594,18.2138,17.9572,17.9650,0.066,18.439
2014-06-11,17.8639,17.8639,17.6928,17.7472,0.035,18.394
2014-06-12,17.6772,17.8327,17.5294,17.6772,0.049,18.342
2014-06-13,17.7316,17.9027,17.6461,17.6850,0.078,18.288
2014-06-16,17.6305,17.7083,17.4828,17.6150,0.057,18.236
2014-06-17,17.6383,17.9494,17.6305,17.9105,0.082,18.199
2014-06-18,17.8794,18.0583,17.7705,18.0272,0.062,18.163
2014-06-19,18.0894,18.0894,17.6928,17.7628,0.058,18.121
2014-06-20,17.8250,17.8250,17.6305,17.7861,0.127,18.082
2014-06-23,17.8016,17.8483,17.6772,17.7316,0.041,18.051
2014-06-24,17.6617,17.8716,17.5294,17.5683,0.098,18.021
2014-06-25,17.4906,17.6150,17.3350,17.5372,0.128,17.990
2014-06-26,17.4983,17.6072,17.3428,17.5917,0.028,17.960
2014-06-27,17.4594,17.8794,17.4594,17.8094,0.129,17.932
2014-06-30,17.7550,18.0894,17.4517,18.0583,0.115,17.905
2014-07-01,18.1672,18.6571,18.1438,18.3771,0.090,17.887
2014-07-02,18.3771,18.4005,18.2216,18.2760,0.102,17.863
2014-07-03,18.3771,18.5327,18.2605,18.4938,0.029,17.849
2014-07-07,18.4860,18.4938,18.2994,18.3694,0.098,17.836
2014-07-08,18.3771,18.4238,18.1205,18.1749,0.105,17.826
2014-07-09,18.2605,18.3771,18.0894,18.1283,0.073,17.818
2014-07-10,17.8794,18.3616,17.8794,18.1905,0.114,17.818
2014-07-11,18.0894,18.2060,17.9727,18.0116,0.065,17.817
2014-07-14,18.1672,18.1905,18.0038,18.0738,0.036,17.824
2014-07-15,18.0816,18.1516,17.9261,17.9650,0.042,17.829
2014-07-16,17.9961,18.0038,17.8016,17.8794,0.142,17.834
2014-07-17,17.7705,17.8716,17.5372,17.6305,0.071,17.836
2014-07-18,17.5917,17.8250,17.5761,17.6772,0.167,17.831
2014-07-21,17.5761,17.7239,17.4283,17.4906,0.056,17.824
2014-07-22,17.5528,17.5917,17.4206,17.4906,0.047,17.813
2014-07-23,17.4983,17.7083,17.3972,17.5761,0.050,17.795
2014-07-24,17.6928,18.5093,17.6928,18.4082,0.153,17.802
2014-07-25,18.2994,18.6260,18.2994,18.4082,0.070,17.820
2014-07-28,18.4238,18.5560,18.2060,18.4471,0.094,17.840
2014-07-29,18.5249,18.8127,18.4471,18.5871,0.170,17.864
2014-07-30,18.6727,19.0537,18.6727,19.0304,0.159,17.893
2014-07-31,18.8127,19.1237,18.6960,18.7971,0.220,17.921
2014-08-01,18.8204,18.8904,18.4782,18.5949,0.071,17.943
2014-08-04,18.7504,18.8127,18.4005,18.6416,0.097,17.965
2014-08-05,18.6324,18.9223,18.5854,18.8127,0.070,17.989
2014-08-06,18.6403,19.0085,18.6403,18.9929,0.066,18.010
2014-08-07,18.9850,19.0712,18.6951,18.8910,0.059,18.036
2014-08-08,18.9145,19.0477,18.8832,18.9929,0.050,18.064
2014-08-11,19.0555,19.3063,18.8988,19.2828,0.078,18.098
2014-08-12,19.1652,19.2593,19.0164,19.0869,0.049,18.130
2014-08-13,19.0712,19.2749,18.9537,19.1026,0.217,18.162
2014-08-14,19.0634,19.1809,18.8675,19.1104,0.061,18.194
2014-08-15,19.2828,19.2828,18.6403,18.8283,0.088,18.213
2014-08-18,19.0555,19.1417,18.9302,19.1026,0.117,18.232
2014-08-19,19.1182,19.2044,19.0085,19.0320,0.052,18.249
2014-08-20,18.9223,18.9380,18.7186,18.8362,0.083,18.266
2014-08-21,18.8518,19.5100,18.6638,19.4316,0.136,18.300
2014-08-22,19.4003,19.4473,19.1731,19.2044,0.073,18.330
2014-08-25,19.2279,19.3219,19.0164,19.1652,0.055,18.360
2014-08-26,19.1887,19.5257,19.1496,19.4865,0.087,18.397
2014-08-27,19.4865,19.4865,19.3376,19.4081,0.083,18.427
2014-08-28,19.2749,19.4160,19.1339,19.1652,0.070,18.450
2014-08-29,19.1496,19.3376,18.9067,19.2984,0.075,18.481
2014-09-02,19.3533,19.5884,19.2593,19.5492,0.119,18.516
2014-09-03,19.5805,19.5884,19.3298,19.4708,0.182,18.551
2014-09-04,19.5100,19.5805,19.3298,19.3376,0.049,18.586
2014-09-05,19.2749,19.3846,19.1652,19.3376,0.062,18.622
2014-09-08,19.4316,19.4316,19.1261,19.3063,0.053,18.656
2014-09-09,19.2984,19.4316,18.9459,18.9929,0.058,18.680
2014-09-10,18.9694,19.2201,18.9615,19.1966,0.048,18.703
2014-09-11,19.0712,19.3533,19.0712,19.2906,0.090,18.721
2014-09-12,19.2984,19.3298,19.0007,19.2828,0.065,18.741
2014-09-15,19.3298,19.4238,19.1261,19.1966,0.052,18.755
2014-09-16,19.1339,19.4630,19.1339,19.3690,0.258,18.775
2014-09-17,19.3611,19.5492,19.3063,19.3925,0.092,18.800
2014-09-18,19.4081,19.6589,19.4081,19.5492,0.247,18.828
2014-09-19,19.5805,19.6745,19.1966,19.2358,0.117,18.849
2014-09-22,19.0555,19.1887,18.9929,19.0555,0.081,18.870
2014-09-23,18.9615,19.1182,18.8048,18.8205,0.221,18.885
2014-09-24,18.8440,18.9419,18.7304,18.9145,0.076,18.904
2014-09-25,18.9067,18.9536,18.5619,18.6011,0.111,18.918
2014-09-26,18.5854,18.7265,18.5306,18.6716,0.048,18.939
2014-09-29,18.4679,18.6873,18.3974,18.5384,0.064,18.956
2014-09-30,18.5071,18.6168,18.4052,18.4052,0.092,18.975
2014-10-01,18.3269,18.4444,18.1937,18.3504,0.117,18.992
2014-10-02,18.3034,18.5854,18.3034,18.4601,0.120,19.009
2014-10-03,18.6559,18.6559,18.3582,18.3582,0.082,19.008
2014-10-06,18.3739,18.4601,18.2015,18.3034,0.040,19.006
2014-10-07,18.1858,18.3347,18.1075,18.2015,0.073,19.001
2014-10-08,18.1310,18.6324,18.1310,18.4679,0.125,18.999
2014-10-09,18.3739,18.3974,18.0526,18.0683,0.046,18.980
2014-10-10,17.9586,18.3895,17.9586,18.0134,0.102,18.964
2014-10-13,18.0918,18.4601,18.0487,18.1623,0.133,18.955
2014-10-14,18.3425,18.5776,18.2250,18.4052,0.175,18.951
2014-10-15,18.1623,18.3425,17.8959,18.2250,0.091,18.939
2014-10-16,18.0370,18.6481,18.0370,18.5776,0.106,18.931
2014-10-17,18.7421,18.7421,18.3034,18.3504,0.066,18.920
2014-10-20,18.2798,18.4757,18.1937,18.3504,0.063,18.907
2014-10-21,18.3974,18.6559,18.2642,18.6011,0.047,18.893
2014-10-22,18.6481,18.7970,18.4679,18.5541,0.054,18.883
2014-10-23,18.6481,18.8503,18.5698,18.6403,0.068,18.873
2014-10-24,18.7030,18.7735,18.5619,18.6795,0.037,18.865
2014-10-27,18.5933,18.7186,18.4680,18.6873,0.041,18.862
2014-10-28,18.8910,19.6432,18.8910,19.5884,0.122,18.872
2014-10-29,19.5884,19.6902,19.3376,19.5022,0.193,18.881
2014-10-30,19.4943,19.9018,19.3925,19.8626,0.101,18.902
2014-10-31,19.9801,20.2152,19.8156,20.1995,0.163,18.917
2014-11-03,20.2779,20.3562,20.0428,20.1603,0.111,18.936
2014-11-04,20.0585,20.0585,19.2828,19.6119,0.510,18.945
2014-11-05,19.7921,19.8469,19.5570,19.8156,0.173,18.952
2014-11-06,19.8783,20.0271,19.7294,19.8783,0.094,18.961
2014-11-07,19.8391,20.1055,19.7458,20.1055,0.085,18.980
2014-11-10,20.1532,20.1611,19.8849,20.0506,0.108,18.995
2014-11-11,20.0822,20.1295,19.8027,20.0270,0.104,19.004
2014-11-12,20.3031,20.4215,20.0270,20.3742,0.138,19.023
2014-11-13,20.3347,20.3742,20.1927,20.2006,0.093,19.040
2014-11-14,20.2637,20.3110,20.0112,20.0664,0.060,19.054
2014-11-17,20.3189,20.3584,20.0664,20.2558,0.213,19.073
2014-11-18,20.4136,20.4215,20.2006,20.3663,0.123,19.101
2014-11-19,20.2006,20.3899,19.9954,20.0585,0.183,19.118
2014-11-20,19.9323,20.3110,19.8691,20.1848,0.140,19.136
2014-11-21,20.4215,20.4215,19.9717,19.9954,0.146,19.150
2014-11-24,20.0822,20.4057,20.0033,20.3978,0.208,19.174
2014-11-25,20.3978,20.4767,20.3110,20.3978,0.050,19.195
2014-11-26,20.4452,20.4452,20.2242,20.2716,0.059,19.212
2014-11-28,20.3505,20.4373,20.0270,20.0270,0.080,19.222
2014-12-01,19.9638,19.9796,19.6303,19.7350,0.084,19.232
2014-12-02,19.8139,20.1958,19.7429,20.1611,0.118,19.254
2014-12-03,20.2242,20.4294,20.0270,20.2163,0.083,19.282
2014-12-04,20.1769,20.2479,20.0112,20.2400,0.092,19.308
2014-12-05,20.2163,20.5162,20.2163,20.3268,0.121,19.343
2014-12-08,20.2242,20.5083,20.0506,20.2321,0.125,19.374
2014-12-09,20.0822,20.6503,19.9481,20.6346,0.207,19.416
2014-12-10,20.5162,20.6346,20.1690,20.2163,0.155,19.452
2014-12-11,20.3347,20.6346,20.1374,20.3031,0.122,19.491
2014-12-12,20.0822,20.2795,20.0112,20.0585,0.097,19.523
2014-12-15,20.1217,20.3189,19.8455,20.0112,0.065,19.556
2014-12-16,19.9244,20.5004,19.8060,20.2085,0.139,19.595
2014-12-17,20.2321,20.7845,20.2085,20.6346,0.140,19.643
2014-12-18,20.8082,20.8082,20.5635,20.6740,0.102,19.687
2014-12-19,20.8476,20.8476,20.5004,20.5635,0.255,19.737
2014-12-22,20.6503,20.6819,20.5077,20.6582,0.059,19.790
2014-12-23,20.8082,20.8950,20.6109,20.7924,0.069,19.843
2014-12-24,20.7924,20.8713,20.5951,20.7687,0.067,19.890
2014-12-26,20.8555,20.9186,20.7924,20.9028,0.127,19.944
2014-12-29,20.9502,21.2343,20.9502,21.1080,0.104,19.994
2014-12-30,21.0054,21.1790,20.9739,20.9975,0.053,20.047
2014-12-31,20.9975,21.1396,20.9660,21.0370,0.102,20.101
2015-01-02,21.0764,21.0764,20.4689,20.6819,0.068,20.142
2015-01-05,20.6030,20.6030,20.2400,20.3584,0.094,20.179
2015-01-06,20.3505,20.4610,19.9086,19.9796,0.108,20.205
2015-01-07,20.0506,20.1532,19.8297,20.0822,0.131,20.233
2015-01-08,20.1453,20.4373,20.1138,20.4294,0.092,20.268
2015-01-09,20.4057,20.4057,19.8849,19.9007,0.073,20.274
2015-01-12,19.9007,19.9638,19.6798,19.8060,0.070,20.281
2015-01-13,19.9638,20.2006,19.5377,19.8139,0.097,20.280
2015-01-14,19.6482,19.7113,19.3326,19.4746,0.062,20.265
2015-01-15,19.4983,19.4983,19.1748,19.3720,0.086,20.249
2015-01-16,19.2616,19.6955,19.2616,19.5930,0.140,20.249
2015-01-20,19.6640,19.8376,19.3336,19.4194,0.064,20.241
2015-01-21,19.3168,19.4746,19.1471,19.1905,0.076,20.227
2015-01-22,19.2773,19.9875,19.1669,19.9717,0.070,20.225
2015-01-23,19.9875,19.9875,19.5772,19.7429,0.062,20.218
2015-01-26,19.6955,19.9244,19.3405,19.7902,0.046,20.214
2015-01-27,19.4036,19.7192,19.1669,19.6403,0.120,20.199
2015-01-28,19.8297,19.9481,19.3957,19.7350,0.151,20.190
2015-01-29,19.7902,20.1769,19.6798,20.1138,0.196,20.191
2015-01-30,19.9086,20.1138,19.6166,19.6482,0.269,20.178
2015-02-02,19.7429,20.0980,19.6877,20.0822,0.081,20.173
2015-02-03,20.1059,20.5801,20.1059,20.3347,0.089,20.178
2015-02-04,20.2795,20.4625,20.1138,20.1769,0.060,20.178
2015-02-05,20.2085,20.4452,20.2006,20.3978,0.105,20.186
2015-02-06,20.4610,20.7687,20.4610,20.6977,0.067,20.192
2015-02-09,20.6740,20.7135,20.4610,20.4610,0.065,20.193
2015-02-10,20.5565,20.5724,20.1193,20.4452,0.078,20.197
2015-02-11,20.3816,20.7472,20.2623,20.6201,0.128,20.209
2015-02-12,20.7711,21.1685,20.6439,21.1447,0.126,20.237
2015-02-13,21.0811,21.2798,20.9063,21.2401,0.127,20.259
2015-02-17,21.2639,21.2639,21.0573,21.1924,0.075,20.278
2015-02-18,21.1368,21.2560,20.8585,20.9778,0.145,20.293
2015-02-19,20.9142,21.0891,20.7393,20.9221,0.029,20.305
2015-02-20,20.9380,20.9698,20.5485,20.9142,0.062,20.318
2015-02-23,20.9062,20.9380,20.6678,20.8585,0.081,20.323
2015-02-24,20.9619,21.1010,20.8108,20.9380,0.108,20.337
2015-02-25,20.9778,21.1606,20.9380,21.1288,0.110,20.354
2015-02-26,21.0493,21.3037,21.0493,21.2480,0.067,20.378
2015-02-27,21.1527,21.3673,21.0971,21.2083,0.092,20.402
2015-03-02,21.0652,21.5819,21.0175,21.5422,0.147,20.428
2015-03-03,21.5024,21.6375,21.3355,21.4229,0.128,20.444
2015-03-04,21.3116,21.3196,20.9062,20.9619,0.174,20.450
2015-03-05,21.0334,21.0334,20.6757,20.9937,0.085,20.458
2015-03-06,20.9062,21.3116,20.9062,21.0891,0.094,20.467
2015-03-09,21.1527,21.3752,21.1209,21.3037,0.157,20.477
2015-03-10,21.0334,21.1050,20.7949,20.9619,0.117,20.481
2015-03-11,21.0255,21.1209,20.8347,21.0970,0.083,20.485
2015-03-12,21.2639,21.5183,21.1050,21.4865,0.205,20.493
2015-03-13,21.5024,21.5104,21.0652,21.4547,0.102,20.502
2015-03-16,21.5263,21.5422,21.3275,21.4070,0.074,20.509
2015-03-17,21.3037,21.6693,21.2480,21.6693,0.075,20.529
2015-03-18,21.6455,21.6614,21.3377,21.4865,0.113,20.551
2015-03-19,21.3832,21.4945,21.2003,21.4150,0.055,20.580
2015-03-20,21.5104,21.8283,21.4945,21.8204,0.136,20.615
2015-03-23,21.8124,21.9794,21.7170,21.9714,0.131,20.646
2015-03-24,21.9396,22.0271,21.8442,21.9953,0.118,20.688
2015-03-25,22.0589,22.0589,21.7647,21.7965,0.091,20.727
2015-03-26,21.7647,21.9635,21.6137,21.8840,0.064,20.769
2015-03-27,21.8840,21.9158,21.6296,21.9078,0.095,20.817
2015-03-30,21.9476,22.1940,21.9476,22.1383,0.146,20.873
2015-03-31,22.0191,22.0827,21.8522,22.0191,0.184,20.921
2015-04-01,21.9476,22.2575,21.8204,22.2019,0.114,20.977
2015-04-02,22.1463,22.4961,22.1463,22.3212,0.076,21.040
2015-04-06,22.1781,22.4166,22.0509,22.2099,0.071,21.084
2015-04-07,22.2019,22.3132,22.0748,22.1224,0.061,21.132
2015-04-08,22.0748,22.3212,21.9953,22.0827,0.095,21.178
2015-04-09,22.1699,22.1699,21.6375,21.8681,0.063,21.222
2015-04-10,21.9396,21.9873,21.6932,21.8760,0.050,21.265
2015-04-13,21.8045,22.0589,21.8045,21.9794,0.049,21.302
2015-04-14,22.0032,22.0827,21.7608,21.8442,0.053,21.346
2015-04-15,21.8601,22.3530,21.8363,22.1940,0.354,21.389
2015-04-16,22.1701,22.2655,21.9237,22.2178,0.072,21.426
2015-04-17,22.0748,22.1701,21.6773,21.7647,0.104,21.458
2015-04-20,21.7965,22.2019,21.7170,22.1860,0.269,21.494
2015-04-21,22.1860,22.4007,22.0668,22.1224,0.104,21.522
2015-04-22,22.1224,22.2973,21.8999,22.2337,0.089,21.558
2015-04-23,22.1622,22.3689,22.1145,22.2496,0.078,21.594
2015-04-24,22.2178,22.3132,22.0589,22.1463,0.060,21.624
2015-04-27,22.1860,22.4722,21.9555,22.1145,0.105,21.644
2015-04-28,22.8856,23.2910,22.1065,22.3530,0.229,21.666
2015-04-29,22.2258,22.6391,22.2178,22.4881,0.098,21.692
2015-04-30,22.4484,22.4722,21.9873,22.2655,0.156,21.718
2015-05-01,22.3132,22.4086,21.7647,21.8840,0.111,21.737
2015-05-04,21.8363,22.2019,21.8363,22.0906,0.122,21.760
2015-05-05,22.0191,22.2814,21.7409,21.8760,0.122,21.781
2015-05-06,21.9078,22.0271,21.7727,21.9396,0.131,21.801
2015-05-07,21.9555,22.0430,21.8204,21.9555,0.123,21.817
2015-05-08,22.0430,22.0430,21.8442,21.9078,0.107,21.831
2015-05-11,21.9953,22.2735,21.9476,22.2417,0.092,21.851
2015-05-12,22.2892,22.4012,21.9938,22.3212,0.132,21.867
2015-05-13,22.3052,22.3932,21.9850,22.1931,0.088,21.882
2015-05-14,22.2571,22.4492,22.0731,22.3052,0.083,21.909
2015-05-15,22.2972,22.3444,22.0331,22.1611,0.088,21.932
2015-05-18,22.1291,22.4252,22.0251,22.4092,0.090,21.959
2015-05-19,22.3852,22.5773,22.2812,22.4972,0.078,21.983
2015-05-20,22.4572,22.5052,22.2812,22.3772,0.059,22.011
2015-05-21,22.4732,22.4812,22.1371,22.2652,0.104,22.034
2015-05-22,22.4652,22.4652,22.0170,22.0731,0.141,22.046
2015-05-26,21.9530,21.9530,21.4248,21.7930,0.153,22.053
2015-05-27,21.8010,22.0899,21.6729,22.0731,0.071,22.066
2015-05-28,22.0411,22.0811,21.7769,22.0731,0.058,22.074
2015-05-29,22.0731,22.0731,21.6649,21.9450,0.072,22.083
2015-06-01,22.0010,22.0010,21.5449,21.7049,0.138,22.089
2015-06-02,21.6089,22.1451,21.6089,21.9370,0.052,22.092
2015-06-03,22.0811,22.1531,21.9530,22.0170,0.165,22.092
2015-06-04,21.9130,21.9850,21.6969,21.8890,0.075,22.090
2015-06-05,22.1611,22.6013,22.0170,22.5853,0.092,22.106
2015-06-08,22.6093,22.6093,22.4492,22.4972,0.116,22.118
2015-06-09,22.4332,22.8094,22.3932,22.6893,0.087,22.134
2015-06-10,22.7293,23.0255,22.6253,22.9054,0.109,22.149
2015-06-11,22.8814,22.8894,22.7534,22.8414,0.065,22.166
2015-06-12,22.7373,22.8094,22.6013,22.6493,0.061,22.175
2015-06-15,22.4412,22.6493,22.2652,22.5773,0.090,22.180
2015-06-16,22.4972,22.7293,22.3612,22.6493,0.069,22.189
2015-06-17,22.7373,22.7373,22.2732,22.3452,0.055,22.193
2015-06-18,22.4172,22.6253,22.2571,22.5773,0.157,22.203
2015-06-19,22.4812,22.6493,22.4252,22.6333,0.200,22.218
2015-06-22,22.6733,22.6893,22.5453,22.6493,0.277,22.234
2015-06-23,22.6413,22.8734,22.5933,22.8334,0.409,22.251
2015-06-24,22.8174,22.8174,22.6973,22.7373,0.118,22.269
2015-06-25,22.6253,22.8414,22.6253,22.8014,0.152,22.281
2015-06-26,22.8014,23.2095,22.7934,23.2015,0.379,22.301
2015-06-29,22.9694,23.1455,22.4896,22.6653,0.093,22.319
2015-06-30,22.8574,22.8574,22.5373,22.7934,0.181,22.331
2015-07-01,22.7293,23.2896,22.7293,23.1375,0.185,22.351
2015-07-02,23.2095,23.2095,22.7213,22.8574,0.121,22.363
2015-07-06,22.6413,23.0575,22.6413,23.0095,0.118,22.379
2015-07-07,22.9854,22.9854,22.4572,22.6733,0.100,22.389
2015-07-08,22.4732,22.7854,22.4092,22.6173,0.124,22.399
2015-07-09,22.8734,22.8734,22.6333,22.7053,0.068,22.406
2015-07-10,22.9774,23.0495,22.8174,22.9534,0.050,22.416
2015-07-13,22.9614,23.1695,22.9614,22.9774,0.063,22.430
2015-07-14,22.8814,22.9214,22.8174,22.8894,0.114,22.450
2015-07-15,22.8814,23.0975,22.8254,23.0015,0.079,22.468
2015-07-16,23.2015,23.3616,23.0977,23.1215,0.055,22.493
2015-07-17,23.1055,23.1055,22.8414,22.9774,0.052,22.514
2015-07-20,22.9774,23.1295,22.8494,23.0975,0.069,22.537
2015-07-21,23.0255,23.3616,22.8654,23.0015,0.094,22.559
2015-07-22,22.9934,23.4496,22.9054,23.4496,0.100,22.583
2015-07-23,23.6177,23.8578,23.1295,23.1695,0.231,22.600
2015-07-24,23.2496,23.4083,23.0495,23.1295,0.224,22.618
2015-07-27,22.9054,23.1615,22.7694,23.1455,0.081,22.635
2015-07-28,23.2015,23.2095,22.7694,23.1375,0.071,22.655
2015-07-29,23.0975,23.2496,22.9854,23.0255,0.078,22.667
2015-07-30,23.0255,23.2015,22.9054,23.0575,0.100,22.678
2015-07-31,23.0975,23.3056,22.9774,23.2896,0.128,22.697
2015-08-03,23.3296,23.4977,23.1295,23.4897,0.116,22.721
2015-08-04,23.6410,23.9551,23.5846,23.7538,0.120,22.755
2015-08-05,23.9471,24.0115,23.5604,23.7054,0.101,22.793
2015-08-06,23.7538,23.8263,23.4477,23.5202,0.067,22.822
2015-08-07,23.3430,23.6329,23.1416,23.2705,0.057,22.846
2015-08-10,23.3913,23.5766,23.3510,23.4155,0.085,22.875
2015-08-11,23.1980,23.3277,23.0449,23.2624,0.064,22.906
2015-08-12,23.1496,23.1496,22.6100,23.0047,0.104,22.928
2015-08-13,22.9886,23.2705,22.9354,23.0852,0.085,22.949
2015-08-14,22.8677,23.4799,22.8677,23.4638,0.098,22.981
2015-08-17,23.3510,23.7417,23.1980,23.5121,0.189,22.999
2015-08-18,23.4799,23.6893,23.2410,23.3430,0.072,23.016
2015-08-19,23.1980,23.4557,22.9903,23.2383,0.064,23.027
2015-08-20,23.0933,23.1094,22.7711,22.7711,0.090,23.024
2015-08-21,22.3764,22.8113,22.0542,22.5053,0.134,23.018
2015-08-24,22.4650,22.4650,21.5951,21.6756,0.183,22.998
2015-08-25,22.1911,22.2395,21.4903,21.7320,0.254,22.981
2015-08-26,22.2233,22.2797,21.7481,22.2233,0.141,22.973
2015-08-27,22.2878,22.4972,21.9495,22.2233,0.104,22.970
2015-08-28,22.1911,22.5536,22.0542,22.3200,0.074,22.965
2015-08-31,22.2153,22.5536,22.2153,22.5375,0.091,22.963
2015-09-01,22.2878,22.3361,21.7078,21.7803,0.118,22.946
2015-09-02,21.9495,22.1750,21.8125,22.1750,0.178,22.933
2015-09-03,22.1911,22.3764,22.0300,22.1589,0.087,22.921
2015-09-04,21.8448,22.1025,21.7078,21.9656,0.145,22.904
2015-09-08,22.2314,22.4650,22.1146,22.3683,0.133,22.888
2015-09-09,22.5294,22.5294,22.1589,22.1831,0.058,22.878
2015-09-10,22.1750,22.4086,22.1026,22.4005,0.133,22.870
2015-09-11,22.2878,22.4892,22.1911,22.4730,0.108,22.857
2015-09-14,22.4730,22.6100,22.4005,22.4892,0.111,22.850
2015-09-15,22.5536,22.6180,22.4328,22.6019,0.096,22.841
2015-09-16,22.6422,22.6422,22.3844,22.5053,0.066,22.838
2015-09-17,22.4892,22.8033,22.0945,22.2072,0.060,22.830
2015-09-18,21.9414,21.9897,21.6273,21.7320,0.193,22.810
2015-09-21,21.8206,22.2314,21.7562,22.1025,0.060,22.793
2015-09-22,21.8931,22.0703,21.8287,21.9414,0.059,22.773
2015-09-23,21.9173,22.1750,21.6917,22.0542,0.097,22.756
2015-09-24,21.8850,22.2717,21.7521,22.2314,0.137,22.740
2015-09-25,22.5053,22.6905,22.3281,22.3603,0.084,22.725
2015-09-28,22.2717,22.4005,22.0139,22.0945,0.124,22.708
2015-09-29,22.0864,22.2193,21.9817,22.1025,0.095,22.688
2015-09-30,22.2636,22.2878,22.0622,22.1831,0.104,22.671
2015-10-01,22.1831,22.1992,21.8609,22.1831,0.074,22.646
2015-10-02,21.8528,21.8528,21.2004,21.6917,0.131,22.616
2015-10-05,21.7884,22.1670,21.7884,22.1428,0.051,22.597
2015-10-06,22.0864,22.1106,21.5790,21.8609,0.100,22.571
2015-10-07,21.9092,22.2233,21.7562,22.2233,0.067,22.553
2015-10-08,22.1911,22.5133,22.0864,22.4650,0.078,22.542
2015-10-09,22.4892,22.5536,22.1911,22.2878,0.053,22.526
2015-10-12,22.1911,22.5214,22.0784,22.4489,0.066,22.509
2015-10-13,22.4167,22.6180,22.1670,22.2072,0.045,22.484
2015-10-14,22.1911,22.2628,21.6273,21.7642,0.091,22.444
2015-10-15,21.8448,22.2797,21.6676,22.2233,0.120,22.414
2015-10-16,22.3119,22.3683,21.9897,22.2314,0.084,22.388
2015-10-19,22.1347,22.4167,22.1267,22.3119,0.034,22.369
2015-10-20,22.2878,22.4569,22.1951,22.4005,0.070,22.349
2015-10-21,22.4005,22.5053,21.9495,21.9817,0.121,22.323
2015-10-22,22.0461,22.5697,22.0461,22.3683,0.113,22.311
2015-10-23,22.3683,22.7952,22.2797,22.7227,0.091,22.303
2015-10-26,22.6986,22.7791,22.4569,22.5858,0.075,22.286
2015-10-27,22.9563,23.6490,22.4328,23.3349,0.315,22.282
2015-10-28,23.3349,24.1001,23.1996,24.0679,0.303,22.297
2015-10-29,23.9149,24.0840,23.7215,23.8987,0.128,22.310
2015-10-30,23.8182,23.8182,22.8838,23.0369,0.112,22.315
2015-11-02,23.0208,23.4638,22.9886,23.3993,0.107,22.333
2015-11-03,23.4235,23.5846,23.2302,23.3913,0.097,22.368
2015-11-04,23.4960,23.6168,23.2930,23.5363,0.074,22.404
2015-11-05,23.4960,23.8665,23.4557,23.7699,0.058,22.435
2015-11-06,23.6490,24.1646,23.5766,24.1404,0.220,22.473
2015-11-09,24.2228,24.2836,23.7688,23.9390,0.081,22.505
2015-11-10,24.3606,24.8064,24.0039,24.5551,0.280,22.546
2015-11-11,24.5551,24.8632,24.4011,24.4416,0.106,22.599
2015-11-12,24.3606,24.4335,24.0120,24.1174,0.128,22.638
2015-11-13,23.8904,24.1984,23.8012,23.8742,0.125,22.672
2015-11-16,23.8904,24.1579,23.6431,24.1336,0.105,22.715
2015-11-17,24.2065,24.3363,23.9877,24.0201,0.115,22.748
2015-11-18,24.1093,24.2714,23.8012,24.0849,0.157,22.786
2015-11-19,24.1255,24.1336,23.8823,24.1012,0.102,22.820
2015-11-20,24.2309,24.5187,24.1174,24.3849,0.114,22.859
2015-11-23,24.3119,24.7659,24.3119,24.4822,0.078,22.899
2015-11-24,24.3606,24.5146,24.1498,24.4660,0.089,22.936
2015-11-25,24.3200,24.6848,24.3200,24.4741,0.110,22.975
2015-11-27,24.5227,24.5632,24.3687,24.5227,0.076,23.022
2015-11-30,24.4903,24.6848,24.4822,24.5146,0.135,23.077
2015-12-01,24.5146,24.7578,24.4011,24.6443,0.120,23.128
2015-12-02,24.6686,24.6686,24.2309,24.3363,0.131,23.176
2015-12-03,24.6605,24.8794,24.1822,24.1903,0.221,23.219
2015-12-04,24.2065,24.7902,24.0768,24.6443,0.129,23.267
2015-12-07,24.6848,24.7416,23.8904,24.0444,0.149,23.301
2015-12-08,23.9715,24.1012,23.6391,23.8336,0.100,23.335
2015-12-09,23.8093,23.8742,23.4445,23.7283,0.169,23.368
2015-12-10,23.8580,24.0120,23.5904,23.6877,0.115,23.398
2015-12-11,23.3797,23.6796,22.9905,23.2013,0.150,23.418
2015-12-14,23.2175,23.3797,22.9824,23.1770,0.123,23.448
2015-12-15,23.3472,23.8336,23.3472,23.6958,0.102,23.479
2015-12-16,23.8499,24.0606,23.4932,23.9958,0.125,23.522
2015-12-17,24.0931,24.0931,23.7364,23.9228,0.110,23.556
2015-12-18,23.7607,23.8336,23.4769,23.5094,0.345,23.577
2015-12-21,23.5742,23.7850,23.1932,23.5013,0.109,23.601
2015-12-22,23.5985,23.5985,23.2167,23.5256,0.122,23.622
2015-12-23,23.6310,23.7364,23.5499,23.6796,0.050,23.652
2015-12-24,23.7039,23.8904,23.6148,23.8417,0.047,23.693
2015-12-28,23.7039,23.8093,23.4202,23.7769,0.081,23.725
2015-12-29,23.9066,24.2633,23.9066,24.2390,0.110,23.765
2015-12-30,24.0687,24.3525,24.0606,24.2390,0.086,23.803
2015-12-31,24.1984,24.1984,23.5823,23.5985,0.103,23.827
2016-01-04,23.2500,23.4526,22.8365,23.0473,0.153,23.848
2016-01-05,23.1446,23.2500,22.9338,23.0878,0.106,23.863
2016-01-06,22.9014,23.2094,22.9014,23.1689,0.080,23.872
2016-01-07,22.8122,23.0797,22.6338,22.7636,0.079,23.875
2016-01-08,22.9095,22.9176,22.4717,22.5204,0.106,23.859
2016-01-11,22.5204,22.8770,22.5204,22.7554,0.161,23.833
2016-01-12,22.9095,22.9095,22.3015,22.6825,0.090,23.808
2016-01-13,22.7311,22.8041,21.8232,22.0177,0.102,23.788
2016-01-14,22.1393,22.3744,21.7016,22.0015,0.117,23.760
2016-01-15,21.4503,21.7016,20.9801,21.6205,0.135,23.725
2016-01-19,21.7989,21.8386,21.2800,21.4503,0.072,23.683
2016-01-20,21.1179,21.6854,20.8828,21.4584,0.172,23.637
2016-01-21,21.4665,21.5881,20.9152,20.9314,0.161,23.573
2016-01-22,21.1746,21.4989,20.9314,21.3692,0.080,23.521
2016-01-25,21.3044,21.4260,20.8585,20.8828,0.073,23.448
2016-01-26,20.9396,21.8799,20.9396,21.5476,0.183,23.390
2016-01-27,21.3530,21.7664,21.2881,21.4827,0.171,23.337
2016-01-28,21.6124,22.0502,21.6124,21.9286,0.105,23.298
2016-01-29,22.0421,22.5204,21.8799,22.5204,0.282,23.266
2016-02-01,22.4069,22.4960,21.9772,21.9934,0.121,23.225
2016-02-02,21.8556,21.8556,21.2233,21.4665,0.162,23.173
2016-02-03,21.6286,21.8961,21.0693,21.5394,0.101,23.122
2016-02-04,21.4989,21.8394,21.1746,21.3206,0.078,23.061
2016-02-05,21.2881,21.4827,21.0368,21.0612,0.102,22.992
2016-02-08,20.7693,21.3044,20.4369,21.2395,0.152,22.928
2016-02-09,20.9608,21.5326,20.9118,21.3611,0.124,22.865
2016-02-10,21.5735,21.7532,20.9853,21.0017,0.079,22.795
2016-02-11,20.5932,20.7566,20.1848,20.4462,0.100,22.714
2016-02-12,20.6749,21.1569,20.6749,21.0670,0.064,22.642
2016-02-16,21.2794,21.5081,20.8873,21.2304,0.099,22.580
2016-02-17,21.3284,21.6143,21.0017,21.0589,0.104,22.517
2016-02-18,21.0425,21.0915,20.6673,20.8220,0.118,22.441
2016-02-19,20.7811,21.1814,20.7648,21.0180,0.142,22.380
2016-02-22,21.2549,21.3366,21.0507,21.0670,0.108,22.325
2016-02-23,20.9772,21.1977,20.9037,20.9935,0.100,22.270
2016-02-24,20.8138,21.1365,20.5606,21.0589,0.102,22.218
2016-02-25,21.1405,21.3121,21.0834,21.2141,0.051,22.178
2016-02-26,21.3121,21.3121,20.9772,21.2712,0.119,22.140
2016-02-29,21.2712,21.3774,21.0589,21.0915,0.075,22.088
2016-03-01,21.1896,21.8349,21.1896,21.7369,0.085,22.043
2016-03-02,21.9166,22.1126,21.5898,21.8512,0.054,22.001
2016-03-03,21.8921,22.0064,21.8267,21.9656,0.087,21.970
2016-03-04,22.0146,22.1208,21.7859,22.1044,0.081,21.942
2016-03-07,21.9819,22.2597,21.8104,22.2597,0.070,21.917
2016-03-08,22.2188,22.3250,21.8267,21.8431,0.073,21.880
2016-03-09,21.9002,21.9819,21.7614,21.8022,0.048,21.840
2016-03-10,21.8022,22.0554,21.5980,21.9574,0.072,21.803
2016-03-11,21.9901,22.3087,21.9329,22.3005,0.074,21.764
2016-03-14,22.3005,22.3005,22.0881,22.1453,0.069,21.722
2016-03-15,21.9656,22.1371,21.9329,22.0309,0.087,21.691
2016-03-16,21.9329,22.1453,21.7042,21.8349,0.081,21.667
2016-03-17,21.7777,22.2188,21.5817,22.1616,0.092,21.648
2016-03-18,22.3168,22.4639,21.6797,22.3740,0.411,21.632
2016-03-21,22.2678,22.4639,22.1208,22.4067,0.051,21.625
2016-03-22,22.2597,22.5292,21.9411,22.0064,0.108,21.615
2016-03-23,21.9002,22.4353,21.7614,21.7859,0.063,21.596
2016-03-24,21.7124,22.1330,21.3448,21.6797,0.076,21.576
2016-03-28,21.7124,21.8266,21.5490,21.7124,0.066,21.569
2016-03-29,21.6062,22.0881,21.3938,22.0636,0.074,21.571
2016-03-30,22.0146,22.3250,22.0146,22.1535,0.076,21.581
2016-03-31,22.1780,22.3250,21.9574,21.9656,0.100,21.592
2016-04-01,21.8676,22.0064,21.5490,21.9247,0.123,21.601
2016-04-04,21.8921,22.1943,21.8349,22.0718,0.073,21.624
2016-04-05,21.9738,22.0309,21.7042,21.8676,0.104,21.634
2016-04-06,21.8431,22.0799,21.5735,21.8267,0.050,21.653
2016-04-07,21.7042,21.8022,21.1324,21.2549,0.155,21.647
2016-04-08,21.2386,21.6960,21.2304,21.4510,0.061,21.646
2016-04-11,21.5735,21.8921,21.4428,21.5000,0.054,21.638
2016-04-12,21.4918,21.8757,21.4918,21.7205,0.088,21.622
2016-04-13,21.8349,22.6844,21.7777,22.6436,0.089,21.635
2016-04-14,22.6354,22.8968,22.4312,22.5047,0.055,21.655
2016-04-15,22.3985,22.6518,22.3005,22.4149,0.054,21.673
2016-04-18,22.1698,22.5211,22.1698,22.4557,0.059,21.696
2016-04-19,22.4067,22.7988,22.4067,22.7825,0.039,21.730
2016-04-20,22.7171,22.8560,22.5701,22.7416,0.039,21.760
2016-04-21,22.6763,22.8478,22.5782,22.8070,0.074,21.789
2016-04-22,22.7089,22.9703,22.7089,22.9377,0.097,21.828
2016-04-25,22.8968,22.8968,22.4803,22.6844,0.073,21.872
2016-04-26,22.9131,22.9131,22.3087,22.5129,0.166,21.901
2016-04-27,22.4639,23.0193,22.3904,22.5211,0.188,21.927
2016-04-28,22.3985,22.6518,22.3822,22.4557,0.102,21.955
2016-04-29,22.3658,22.5047,22.0718,22.1698,0.138,21.982
2016-05-02,22.2188,22.4230,22.1437,22.1861,0.141,22.005
2016-05-03,21.9983,22.4639,21.5245,21.7532,0.090,22.019
2016-05-04,21.6143,21.7042,21.1487,21.5000,0.140,22.029
2016-05-05,21.5980,21.7695,21.3039,21.3121,0.174,22.034
2016-05-06,21.1487,21.3611,21.0997,21.3039,0.135,22.036
2016-05-09,21.3203,21.5571,21.3203,21.4264,0.058,22.039
2016-05-10,21.5813,21.8365,21.4991,21.6225,0.046,22.050
2016-05-11,21.6143,21.7789,21.5650,21.6143,0.120,22.047
2016-05-12,21.7295,21.8200,21.6060,21.7130,0.118,22.045
2016-05-13,21.7295,21.9106,21.4990,21.5237,0.111,22.036
2016-05-16,21.4908,22.0999,21.4250,21.9188,0.083,22.032
2016-05-17,21.9188,22.0587,21.4414,21.5567,0.103,22.018
2016-05-18,21.4743,22.3057,21.4743,22.3057,0.067,22.027
2016-05-19,22.2398,22.4867,21.7213,21.8612,0.052,22.028
2016-05-20,21.8612,22.1987,21.8612,22.0423,0.053,22.030
2016-05-23,22.1081,22.1987,21.8612,22.0670,0.049,22.026
2016-05-24,22.2316,22.5855,22.1657,22.5361,0.058,22.033
2016-05-25,22.5279,22.7995,22.5279,22.5855,0.044,22.044
2016-05-26,22.5855,22.7090,22.3221,22.5197,0.088,22.058
2016-05-27,22.4785,22.8160,22.3797,22.8077,0.072,22.071
2016-05-31,22.8077,22.8077,22.4950,22.6184,0.138,22.076
2016-06-01,22.4456,22.9888,22.4127,22.9065,0.080,22.086
2016-06-02,22.7995,22.8571,22.5444,22.8324,0.048,22.102
2016-06-03,22.6514,22.6514,22.2069,22.6102,0.068,22.119
2016-06-06,22.6102,23.0547,22.6102,22.8077,0.101,22.142
2016-06-07,22.8160,22.8901,22.5855,22.6267,0.039,22.160
2016-06-08,22.5937,22.8983,22.5526,22.7995,0.075,22.175
2016-06-09,22.6596,22.6596,22.3386,22.4950,0.134,22.181
2016-06-10,22.2974,22.3633,22.1822,22.3221,0.056,22.188
2016-06-13,22.2563,22.3468,21.8694,21.9847,0.068,22.190
2016-06-14,21.8777,22.1987,21.4990,21.5649,0.058,22.180
2016-06-15,21.5978,21.7213,21.4085,21.4250,0.096,22.171
2016-06-16,21.3509,21.4085,21.1204,21.3509,0.080,22.161
2016-06-17,21.3509,21.4826,21.1698,21.3344,0.182,22.163
2016-06-20,21.5978,21.9682,21.4332,21.5073,0.146,22.164
2016-06-21,21.5896,21.6472,21.3015,21.6225,0.071,22.166
2016-06-22,21.5813,22.0423,21.5813,21.5978,0.063,22.164
2016-06-23,21.7707,22.1904,21.7707,22.1493,0.083,22.154
2016-06-24,21.1780,21.5155,20.9558,20.9970,0.395,22.124
2016-06-27,20.8323,21.0875,20.4126,20.7829,0.186,22.091
2016-06-28,21.0957,21.2274,20.8323,21.1122,0.137,22.064
2016-06-29,21.2933,21.7130,21.2333,21.6883,0.102,22.042
2016-06-30,21.8200,22.1657,21.5813,22.1575,0.115,22.031
2016-07-01,22.1575,22.1657,21.8118,21.9764,0.102,22.014
2016-07-05,21.8365,21.8447,21.5320,21.6060,0.071,21.988
2016-07-06,21.4332,21.8859,21.4085,21.8200,0.109,21.970
2016-07-07,21.7707,22.0340,21.6472,21.8283,0.051,21.957
2016-07-08,22.0999,22.3880,22.0011,22.3221,0.153,21.953
2016-07-11,22.3550,22.5526,22.3550,22.5114,0.075,21.954
2016-07-12,22.7666,22.9394,22.4291,22.9065,0.160,21.968
2016-07-13,22.9147,23.0134,22.7913,22.9394,0.102,21.983
2016-07-14,23.0464,23.2111,23.0217,23.0711,0.072,22.010
2016-07-15,23.2275,23.3181,23.0217,23.1699,0.079,22.043
2016-07-18,23.1534,23.3510,23.0711,23.1699,0.083,22.080
2016-07-19,23.1287,23.3098,23.0464,23.1534,0.064,22.117
2016-07-20,23.1781,23.2769,22.9147,23.0547,0.067,22.150
2016-07-21,22.9971,23.0300,22.7633,22.8077,0.056,22.174
2016-07-22,22.7501,23.2934,22.7501,23.2275,0.073,22.206
2016-07-25,23.1534,23.2522,22.9806,23.1699,0.073,22.235
2016-07-26,23.2522,23.2522,21.9929,22.0011,0.192,22.245
2016-07-27,22.0176,22.0176,21.4331,21.6307,0.316,22.239
2016-07-28,21.5237,21.9600,21.5237,21.8859,0.193,22.245
2016-07-29,21.7871,21.9476,21.6801,21.7048,0.207,22.233
2016-08-01,21.7460,22.1410,21.5731,21.6143,0.244,22.228
2016-08-02,21.6474,21.7386,21.4815,21.6225,0.160,22.220
2016-08-03,21.6225,21.8547,21.6225,21.7801,0.104,22.214
2016-08-04,21.8133,21.8796,21.7552,21.7801,0.081,22.199
2016-08-05,21.7801,22.4519,21.7718,22.4436,0.295,22.196
2016-08-08,22.4353,22.6012,22.1948,22.2611,0.073,22.191
2016-08-09,22.2860,22.5597,22.2528,22.5597,0.079,22.186
2016-08-10,22.3938,22.6178,22.3441,22.5183,0.182,22.184
2016-08-11,22.5100,22.7339,22.4934,22.5680,0.141,22.177
2016-08-12,22.4021,22.5680,22.3855,22.5431,0.048,22.172
2016-08-15,22.6510,22.6739,22.5431,22.6261,0.057,22.172
2016-08-16,22.4851,22.6095,22.4021,22.5183,0.045,22.166
2016-08-17,22.5100,22.7256,22.4104,22.6924,0.057,22.168
2016-08-18,22.7339,22.8002,22.5681,22.8002,0.077,22.168
2016-08-19,22.7671,22.8666,22.6510,22.8417,0.166,22.174
2016-08-22,22.8500,23.0491,22.7339,22.9412,0.148,22.187
2016-08-23,23.0657,23.1071,22.9081,22.9661,0.070,22.206
2016-08-24,22.7920,23.1901,22.7339,22.8666,0.093,22.233
2016-08-25,22.8666,23.0325,22.8085,23.0159,0.094,22.264
2016-08-26,23.0159,23.1071,22.8417,22.9910,0.064,22.297
2016-08-29,22.9578,23.2232,22.9578,23.0408,0.072,22.331
2016-08-30,23.0574,23.2232,22.6510,23.1818,0.105,22.365
2016-08-31,23.2067,23.3311,22.8832,23.1320,0.122,22.395
2016-09-01,23.1403,23.1901,22.8583,23.1154,0.056,22.425
2016-09-02,23.1486,23.2149,23.0242,23.1735,0.055,22.446
2016-09-06,23.1735,23.2149,22.8002,22.9412,0.102,22.485
2016-09-07,22.8749,23.1735,22.8500,22.9495,0.256,22.528
2016-09-08,22.9495,23.1818,22.7588,23.1818,0.143,22.569
2016-09-09,23.0159,23.1237,22.7339,22.7505,0.091,22.591
2016-09-12,22.6012,22.7505,22.5183,22.7422,0.154,22.602
2016-09-13,22.4934,22.6758,22.3773,22.5929,0.103,22.615
2016-09-14,22.5514,22.7007,22.2445,22.2528,0.087,22.628
2016-09-15,22.2694,22.4270,22.0289,22.1284,0.102,22.634
2016-09-16,22.1367,22.2860,21.9377,22.2694,0.217,22.643
2016-09-19,22.3275,22.6924,22.3275,22.5100,0.175,22.646
2016-09-20,22.6261,22.7712,22.3441,22.4104,0.134,22.644
2016-09-21,22.5265,22.8583,22.3026,22.5100,0.108,22.636
2016-09-22,22.6510,22.8749,22.5307,22.8749,0.079,22.635
2016-09-23,22.7671,22.8832,22.5348,22.5846,0.115,22.625
2016-09-26,22.4685,22.4685,22.2445,22.2860,0.079,22.608
2016-09-27,22.2943,22.5431,22.2280,22.4436,0.080,22.593
2016-09-28,22.5597,22.6261,22.4519,22.6095,0.097,22.582
2016-09-29,22.5100,22.8334,22.4934,22.5680,0.179,22.573
2016-09-30,22.6675,23.1071,22.5431,22.9827,0.251,22.576
2016-10-03,22.8251,23.0200,22.7007,22.8583,0.136,22.569
2016-10-04,22.9330,23.2232,22.8998,23.0740,0.171,22.567
2016-10-05,23.2149,23.3477,23.1320,23.2149,0.112,22.591
2016-10-06,23.2979,23.2979,23.0781,23.1154,0.064,22.621
2016-10-07,23.1569,23.1569,22.8583,23.0657,0.057,22.644
2016-10-10,23.2647,23.2730,23.0574,23.1652,0.059,22.674
2016-10-11,23.2149,23.2315,22.8583,22.9827,0.109,22.701
2016-10-12,23.0657,23.2481,23.0408,23.0574,0.033,22.730
2016-10-13,22.9910,22.9910,22.6012,22.8500,0.129,22.751
2016-10-14,23.0988,23.2067,22.9412,23.0159,0.072,22.776
2016-10-17,23.0574,23.2232,22.8293,22.9744,0.089,22.786
2016-10-18,23.1403,23.2647,23.0366,23.1818,0.052,22.805
2016-10-19,23.1818,23.4306,23.1403,23.3891,0.108,22.821
2016-10-20,23.4306,23.5135,23.3062,23.5135,0.052,22.841
2016-10-21,23.2647,23.3891,23.2232,23.3891,0.057,22.858
2016-10-24,23.5965,23.7624,23.5550,23.6794,0.099,22.880
2016-10-25,24.5503,24.5503,23.9697,24.3015,0.354,22.914
2016-10-26,24.3015,24.3844,24.1771,24.2600,0.161,22.949
2016-10-27,24.2600,24.4259,24.1771,24.2600,0.201,22.980
2016-10-28,24.3015,24.4259,24.0941,24.3015,0.172,23.010
2016-10-31,24.3844,24.5503,24.2227,24.5088,0.160,23.043
2016-11-01,24.5088,24.8406,24.4673,24.7576,0.151,23.080
2016-11-02,24.7576,24.7991,24.2600,24.4259,0.129,23.109
2016-11-03,24.5918,24.6332,24.3429,24.5503,0.107,23.143
2016-11-04,24.5088,24.7991,24.3429,24.4259,0.116,23.171
2016-11-07,24.7991,24.8820,24.6747,24.8820,0.124,23.209
2016-11-08,24.8829,24.9246,24.6324,24.7576,0.099,23.243
2016-11-09,24.9246,25.8849,24.8411,25.8431,0.270,23.296
2016-11-10,25.8849,26.3024,25.5926,26.1354,0.271,23.356
2016-11-11,26.1354,26.7199,25.8014,26.7199,0.309,23.428
2016-11-14,26.7199,27.3044,26.6364,27.0539,0.239,23.506
2016-11-15,27.0121,27.3461,26.5946,27.2626,0.133,23.592
2016-11-16,26.8034,27.0121,26.4694,26.8869,0.188,23.671
2016-11-17,27.0121,27.6801,27.0121,27.5966,0.169,23.759
2016-11-18,27.3879,27.7219,27.3879,27.7219,0.172,23.859
2016-11-21,27.6801,27.7219,27.3879,27.6384,0.108,23.957
2016-11-22,27.7636,28.3899,27.5131,28.3899,0.180,24.073
2016-11-23,28.4734,28.4734,28.0559,28.1811,0.091,24.191
2016-11-25,28.1394,28.3064,28.0141,28.3064,0.037,24.315
2016-11-28,28.0559,28.2646,27.9724,28.0976,0.137,24.431
2016-11-29,28.2646,29.0370,28.2646,28.5986,0.185,24.553
2016-11-30,28.8491,28.8579,28.1811,28.3481,0.126,24.672
2016-12-01,28.5151,28.8491,28.5151,28.7239,0.142,24.796
2016-12-02,28.6404,28.8074,28.4734,28.5986,0.139,24.911
2016-12-05,28.8074,29.4754,28.8074,29.3919,0.195,25.047
2016-12-06,29.4754,29.7676,29.2666,29.6841,0.106,25.195
2016-12-07,29.8094,30.1434,29.5797,30.1434,0.146,25.349
2016-12-08,30.2686,30.5191,29.9764,30.2686,0.308,25.502
2016-12-09,30.2686,30.6444,30.1016,30.4356,0.197,25.659
2016-12-12,30.5191,30.6444,29.9764,30.1434,0.460,25.803
2016-12-13,30.2686,30.2686,29.7885,30.0599,0.281,25.947
2016-12-14,29.9764,30.3939,29.7259,29.9346,0.254,26.084
2016-12-15,30.0181,30.5191,29.8929,30.3939,0.216,26.227
2016-12-16,30.5609,30.7654,30.2269,30.3939,0.507,26.373
2016-12-19,30.3939,30.8949,29.9346,30.6444,0.216,26.525
2016-12-20,30.8949,31.1871,30.6026,30.8114,0.147,26.677
2016-12-21,30.8531,30.9366,30.5191,30.7279,0.117,26.832
2016-12-22,30.6861,30.8949,30.5191,30.7279,0.145,26.986
2016-12-23,30.8114,30.8949,30.4356,30.5609,0.132,27.140
2016-12-27,30.6444,30.9366,30.6444,30.8531,0.119,27.297
2016-12-28,30.8949,31.0619,30.7279,30.9366,0.143,27.456
2016-12-29,30.8949,31.0201,30.5191,30.7279,0.119,27.607
2016-12-30,30.7696,30.9784,30.5191,30.7696,0.127,27.755
2017-01-03,31.0201,31.2706,30.3521,30.6026,0.226,27.896
2017-01-04,30.6026,30.8949,30.4356,30.7279,0.148,28.043
2017-01-05,30.5609,30.6861,29.8094,30.2269,0.238,28.174
2017-01-06,30.3104,30.4774,30.0599,30.1016,0.124,28.290
2017-01-09,29.8929,30.0599,29.4336,29.6006,0.290,28.397
2017-01-10,29.5589,29.8511,29.5171,29.8511,0.240,28.509
2017-01-11,29.9346,29.9346,29.5589,29.9346,0.203,28.621
2017-01-12,29.8929,29.8929,28.8909,29.1831,0.219,28.715
2017-01-13,29.3919,30.0181,29.0579,29.5589,0.259,28.811
2017-01-17,29.3919,29.3919,28.8491,28.8491,0.175,28.899
2017-01-18,28.8909,29.1414,28.7656,29.1414,0.195,28.991
2017-01-19,29.0996,29.1831,28.8909,29.0579,0.161,29.084
2017-01-20,29.0579,29.3919,29.0161,29.1831,0.206,29.170
2017-01-23,29.0996,29.4336,29.0579,29.3919,0.206,29.262
2017-01-24,29.3084,29.8929,29.3084,29.7676,0.149,29.341
2017-01-25,30.0181,30.3939,29.9764,30.3939,0.122,29.426
2017-01-26,30.3521,30.4774,30.1317,30.3939,0.097,29.500
2017-01-27,30.4356,30.4356,29.9764,30.1434,0.109,29.561
2017-01-30,29.8094,29.8511,29.3501,29.6841,0.169,29.610
2017-01-31,30.8949,31.2289,29.2249,29.5589,0.250,29.663
2017-02-01,29.7676,30.1016,29.5589,29.5589,0.147,29.702
2017-02-02,29.4754,29.6006,29.2249,29.4336,0.159,29.737
2017-02-03,29.7259,30.0181,29.6006,29.9764,0.115,29.783
2017-02-06,29.8511,30.2269,29.6006,29.7259,0.162,29.810
2017-02-07,29.7259,29.8094,29.3084,29.4754,0.164,29.836
2017-02-08,29.4754,29.4754,28.9326,29.0996,0.124,29.852
2017-02-09,29.0579,29.5589,29.0579,29.4754,0.139,29.880
2017-02-10,29.5589,29.6424,29.3501,29.5171,0.079,29.898
2017-02-13,29.6424,29.9764,29.4336,29.6424,0.126,29.924
2017-02-14,29.6075,30.0274,29.4815,29.8595,0.161,29.946
2017-02-15,29.9015,29.9855,29.6495,29.7755,0.112,29.970
2017-02-16,29.8595,29.9015,29.6915,29.7755,0.198,29.978
2017-02-17,29.7335,30.0274,29.4395,30.0274,0.198,29.985
2017-02-21,30.0274,30.0274,29.4395,29.9435,0.153,29.981
2017-02-22,29.9435,30.0274,29.6371,29.9435,0.076,29.974
2017-02-23,29.9855,30.1954,29.5655,30.1114,0.152,29.968
2017-02-24,29.8175,30.0694,29.6495,29.9435,0.090,29.964
2017-02-27,29.9435,30.1954,29.7335,29.9015,0.139,29.960
2017-02-28,29.8595,29.9015,29.5235,29.6915,0.146,29.956
2017-03-01,30.1954,30.6154,30.1324,30.5314,0.169,29.958
2017-03-02,30.5734,30.5734,29.8175,29.8595,0.186,29.948
2017-03-03,29.9435,30.1954,29.6495,29.9435,0.075,29.934
2017-03-06,29.6915,29.8175,29.3555,29.7335,0.079,29.912
2017-03-07,29.6495,29.8175,29.5235,29.5655,0.085,29.889
2017-03-08,29.7755,30.0274,29.2295,29.2295,0.119,29.859
2017-03-09,29.2715,29.4395,29.1035,29.1035,0.095,29.830
2017-03-10,29.2715,29.3135,28.6836,28.8515,0.169,29.790
2017-03-13,28.7256,29.3135,28.7256,28.9775,0.079,29.750
2017-03-14,28.8515,29.1245,28.6416,29.0615,0.119,29.717
2017-03-15,29.1875,29.2295,28.8515,28.9775,0.106,29.681
2017-03-16,29.0615,29.2715,28.9355,29.1455,0.157,29.652
2017-03-17,29.1455,29.7755,28.8096,29.3975,0.611,29.626
2017-03-20,29.3555,29.3555,29.0657,29.2715,0.129,29.606
2017-03-21,29.4395,29.4395,28.6836,28.7676,0.415,29.580
2017-03-22,28.5576,28.8515,27.6337,28.7256,0.400,29.562
2017-03-23,28.7256,29.4395,28.7046,29.1455,0.221,29.548
2017-03-24,29.1875,29.5655,29.0195,29.4815,0.231,29.539
2017-03-27,29.2295,29.6075,28.8515,29.6075,0.260,29.548
2017-03-28,29.4395,29.9435,29.4395,29.7335,0.176,29.551
2017-03-29,29.6495,29.6915,29.3975,29.4815,0.154,29.564
2017-03-30,29.4395,30.4474,29.4395,30.3634,0.164,29.588
2017-03-31,30.3634,30.4894,30.0694,30.2794,0.212,29.613
2017-04-03,30.4054,30.4474,29.5655,29.7755,0.175,29.624
2017-04-04,29.6915,29.9015,29.5655,29.7335,0.123,29.631
2017-04-05,29.8175,29.9855,29.1455,29.2295,0.177,29.620
2017-04-06,29.2715,29.5655,29.0615,29.4395,0.119,29.601
2017-04-07,29.2715,29.4815,29.1875,29.3975,0.144,29.581
2017-04-10,29.4395,29.5655,28.8935,29.3135,0.100,29.565
2017-04-11,29.1875,29.5235,29.1035,29.5235,0.151,29.562
2017-04-12,29.3975,29.3975,28.8515,28.9355,0.115,29.549
2017-04-13,28.8096,28.9355,28.2216,28.2636,0.141,29.523
2017-04-17,28.2636,28.6836,28.1796,28.6836,0.114,29.508
2017-04-18,28.3896,28.6836,28.1796,28.6416,0.131,29.482
2017-04-19,28.6836,29.1035,28.6416,28.7676,0.116,29.462
2017-04-20,28.8935,29.4395,28.8935,29.4395,0.145,29.462
2017-04-21,29.2295,29.4395,29.1245,29.3555,0.136,29.467
2017-04-24,29.9855,30.3214,29.9015,30.0274,0.172,29.478
2017-04-25,30.2374,32.4632,30.2374,31.1614,0.609,29.511
2017-04-26,31.1614,31.9593,31.0354,31.7493,0.276,29.553
2017-04-27,31.7493,31.9173,31.5393,31.6653,0.191,29.589
2017-04-28,31.7493,31.8333,31.4133,31.4973,0.217,29.623
2017-05-01,31.7493,32.0223,31.4553,31.6653,0.252,29.661
2017-05-02,31.7073,31.7073,31.3293,31.4973,0.189,29.691
2017-05-03,31.4133,31.7913,31.2873,31.7493,0.130,29.727
2017-05-04,31.9173,32.2113,31.6653,31.8753,0.116,29.765
2017-05-05,31.8753,31.9173,31.4133,31.6653,0.100,29.796
2017-05-08,31.7073,31.8753,31.4973,31.7493,0.101,29.833
2017-05-09,31.8858,31.8858,31.2946,31.5057,0.139,29.865
2017-05-10,31.4213,31.5480,31.1298,31.3368,0.086,29.898
2017-05-11,31.2523,31.2523,30.6611,30.9567,0.091,29.906
2017-05-12,30.8300,30.9145,30.3232,30.7455,0.118,29.924
2017-05-15,30.6611,31.2523,30.6611,31.0834,0.130,29.947
2017-05-16,31.2523,31.2523,30.8722,31.2101,0.086,29.976
2017-05-17,30.5766,30.7878,30.1543,30.4077,0.239,29.993
2017-05-18,30.2810,30.6188,30.1120,30.1543,0.182,30.011
2017-05-19,30.1965,30.4077,29.9009,30.0276,0.146,30.030
2017-05-22,30.5344,30.5344,29.3941,30.0698,1.187,30.054
2017-05-23,30.6611,31.2946,30.3654,30.9567,0.477,30.094
2017-05-24,30.9989,31.1679,30.8300,31.1256,0.184,30.135
2017-05-25,31.2523,31.4635,31.0412,31.2946,0.247,30.182
2017-05-26,31.3368,31.3368,30.9145,31.0412,0.206,30.219
2017-05-30,30.9989,31.0412,30.2810,30.3232,0.230,30.238
2017-05-31,30.3654,30.4077,29.8164,30.2810,0.223,30.258
2017-06-01,30.2810,30.3654,30.0276,30.2387,0.307,30.288
2017-06-02,30.1120,30.4077,30.0698,30.1120,0.385,30.315
2017-06-05,30.1543,30.4077,29.8164,29.9009,0.292,30.330
2017-06-06,29.6475,29.7742,29.3096,29.4363,0.403,30.330
2017-06-07,29.4363,29.8586,29.3941,29.7742,0.228,30.333
2017-06-08,29.7742,30.9567,29.7742,30.4499,0.307,30.347
2017-06-09,30.5766,30.7033,30.0698,30.6611,0.705,30.371
2017-06-12,30.6188,31.6747,30.5344,31.0412,0.643,30.384
2017-06-13,31.2101,31.2101,30.9145,31.1679,0.266,30.402
2017-06-14,30.9145,31.4213,30.7878,31.3790,0.306,30.434
2017-06-15,31.2101,31.5057,30.9989,31.3790,0.139,30.467
2017-06-16,31.3790,31.4213,31.0834,31.2946,0.397,30.508
2017-06-19,31.3790,31.5480,30.5344,30.5766,0.127,30.531
2017-06-20,30.4077,30.4921,29.9853,29.9853,0.137,30.543
2017-06-21,29.9431,30.0698,29.4785,29.5208,0.158,30.547
2017-06-22,29.5630,29.6897,29.3518,29.4785,0.148,30.546
2017-06-23,29.5208,29.6475,29.0140,29.0140,0.346,30.548
2017-06-26,29.0984,29.5630,28.9717,29.3518,0.171,30.569
2017-06-27,29.4785,29.6475,29.2251,29.3941,0.162,30.584
2017-06-28,29.6052,29.7319,29.4363,29.5630,0.195,30.602
2017-06-29,30.1543,30.1543,29.4785,29.7742,0.167,30.622
2017-06-30,29.8586,30.0276,29.3941,29.6897,0.235,30.627
2017-07-03,29.7742,30.7878,29.7742,30.6611,0.271,30.653
2017-07-05,30.6611,30.7455,30.1543,30.3232,0.206,30.659
2017-07-06,30.2810,30.6188,30.1120,30.3232,0.238,30.642
2017-07-07,30.4921,30.7455,30.2146,30.5766,0.125,30.619
2017-07-10,30.5766,30.6188,30.2387,30.3654,0.207,30.593
2017-07-11,30.3654,30.4077,30.0698,30.2810,0.233,30.569
2017-07-12,30.2810,30.4921,30.0698,30.1543,0.211,30.538
2017-07-13,30.1120,30.3866,30.0698,30.3232,0.156,30.515
2017-07-14,30.0698,30.4077,29.9009,30.1965,0.107,30.484
2017-07-17,30.0276,30.4077,29.9853,30.1543,0.097,30.450
2017-07-18,30.0698,30.3232,29.9431,30.1965,0.103,30.420
2017-07-19,30.3654,30.9145,30.1965,30.8300,0.413,30.402
2017-07-20,30.7033,31.1256,30.0276,30.6611,0.170,30.385
2017-07-21,30.9145,30.9567,30.3232,30.3654,0.208,30.365
2017-07-24,30.3654,30.5766,30.1120,30.2810,0.160,30.352
2017-07-25,30.6188,31.3368,30.5766,31.3368,0.457,30.364
2017-07-26,31.5057,31.5388,30.7878,30.9567,0.163,30.361
2017-07-27,30.9989,31.3790,30.7878,31.3790,0.867,30.365
2017-07-28,31.2946,31.3368,30.9567,31.1256,0.145,30.379
2017-07-31,31.2946,31.5480,30.9989,31.3790,0.127,30.403
2017-08-01,31.6324,31.6324,31.2101,31.3790,0.122,30.430
2017-08-02,31.4213,31.4213,30.8722,30.9145,0.210,30.447
2017-08-03,30.8300,30.9989,30.4499,30.4499,0.166,30.437
2017-08-04,30.6188,30.7455,30.4077,30.5766,0.310,30.426
2017-08-07,30.6188,30.6611,29.9642,30.0276,0.158,30.401
2017-08-08,29.9913,30.7135,29.9913,30.4161,0.122,30.388
2017-08-09,30.0763,30.1612,29.6090,29.6939,0.128,30.376
2017-08-10,29.5665,29.6515,28.8868,28.8868,0.152,30.348
2017-08-11,28.5894,28.9293,28.1222,28.6319,0.327,30.316
2017-08-14,28.9293,29.3966,28.9293,29.1842,0.414,30.297
2017-08-15,29.3541,29.4815,28.8443,28.8868,0.160,30.277
2017-08-16,28.9293,29.2691,28.6744,28.7169,0.124,30.263
2017-08-17,28.6744,28.7594,28.0372,28.1646,0.272,30.230
2017-08-18,27.9098,28.3346,27.9098,28.2071,0.274,30.186
2017-08-21,28.1646,28.3558,27.9947,28.2496,0.110,30.137
2017-08-22,28.2921,28.5470,28.2496,28.4620,0.096,30.086
2017-08-23,28.2071,28.5894,28.2071,28.4620,0.131,30.032
2017-08-24,28.6319,28.8019,28.3346,28.7594,0.153,29.979
2017-08-25,28.9718,29.2267,28.7169,29.1417,0.201,29.934
2017-08-28,29.1842,29.1842,28.5894,28.8019,0.755,29.885
2017-08-29,28.4620,28.8868,28.4195,28.7594,0.100,29.848
2017-08-30,28.8443,28.9718,28.4620,28.5470,0.132,29.819
2017-08-31,28.7594,29.0567,28.5894,28.7169,0.157,29.803
2017-09-01,28.7594,29.0143,28.6744,28.8868,0.076,29.792
2017-09-05,28.7169,28.7169,28.2071,28.3346,0.165,29.778
2017-09-06,28.4195,28.7594,28.2496,28.2921,0.112,29.757
2017-09-07,29.9488,30.1187,28.2284,28.3346,0.460,29.736
2017-09-08,28.3346,28.5894,28.1646,28.4620,0.254,29.714
2017-09-11,28.7594,29.0992,28.6744,28.8443,0.177,29.695
2017-09-12,28.8868,29.3541,28.8868,29.2691,0.219,29.687
2017-09-13,29.2691,29.3966,29.0567,29.2267,0.148,29.658
2017-09-14,29.1842,29.3116,28.8443,28.8443,0.217,29.628
2017-09-15,28.8443,29.2691,28.8019,29.2267,0.673,29.606
2017-09-18,29.2267,29.7364,29.2267,29.6515,0.173,29.588
2017-09-19,29.6939,30.4586,29.6515,30.2887,0.274,29.586
2017-09-20,30.3736,30.5436,29.8214,30.2887,0.350,29.587
2017-09-21,30.3736,30.5436,30.2462,30.2887,0.278,29.589
2017-09-22,30.2887,30.8409,30.1612,30.7135,0.380,29.597
2017-09-25,30.6710,31.0533,30.6710,30.8834,0.226,29.611
2017-09-26,31.0108,31.3932,30.7984,31.2657,0.457,29.633
2017-09-27,31.4356,32.3277,31.2657,32.2853,0.585,29.675
2017-09-28,32.4127,32.5401,32.2428,32.3702,0.502,29.706
2017-09-29,32.4552,33.1349,32.4339,32.9225,0.376,29.751
2017-10-02,32.9650,33.6446,32.4552,33.6022,0.544,29.816
2017-10-03,33.7721,33.7721,32.8375,33.3473,0.355,29.877
2017-10-04,33.3473,33.3473,32.1153,32.2003,0.260,29.894
2017-10-05,32.2428,32.7101,32.2428,32.5401,0.174,29.926
2017-10-06,32.7101,32.8800,32.5401,32.5826,0.115,29.950
2017-10-09,32.6676,32.8800,32.5401,32.8375,0.133,29.984
2017-10-10,32.8800,33.2623,32.8375,33.2198,0.191,30.021
2017-10-11,33.2623,33.3898,33.0074,33.2623,0.212,30.059
2017-10-12,33.3898,33.3898,33.1349,33.1774,0.149,30.104
2017-10-13,33.1349,33.2623,32.7950,33.0924,0.123,30.157
2017-10-16,33.2623,33.5597,32.6251,33.3048,0.134,30.211
2017-10-17,33.2623,33.3048,32.8800,33.0499,0.112,30.272
2017-10-18,33.1774,33.3898,32.9225,33.1349,0.139,30.326
2017-10-19,33.0499,33.4747,32.8800,33.4322,0.151,30.401
2017-10-20,33.8570,33.9845,33.2198,33.6871,0.200,30.497
2017-10-23,33.8995,33.8995,33.0499,33.2623,0.297,30.589
2017-10-24,33.4322,33.6022,33.2198,33.2623,0.222,30.671
2017-10-25,33.3048,33.4322,32.7950,33.2623,0.153,30.759
2017-10-26,33.3473,33.6022,33.2198,33.3898,0.403,30.852
2017-10-27,33.3473,33.7721,33.1349,33.5597,0.120,30.960
2017-10-30,33.4322,33.4322,32.6039,32.6676,0.134,31.049
2017-10-31,32.4977,32.9650,32.4552,32.5401,0.130,31.135
2017-11-01,32.8800,33.0074,32.1578,32.4977,0.110,31.216
2017-11-02,32.4977,33.0074,32.2428,32.9225,0.082,31.305
2017-11-03,32.9225,32.9650,32.4977,32.5401,0.079,31.380
2017-11-06,32.4977,32.5401,32.2428,32.3702,0.077,31.445
2017-11-07,32.3277,32.3702,31.3082,31.3932,0.191,31.497
2017-11-08,31.1036,31.2745,30.9754,31.2317,0.178,31.546
2017-11-09,30.9327,31.0181,29.9927,30.7190,0.398,31.590
2017-11-10,30.8472,31.1463,30.6336,30.9327,0.177,31.634
2017-11-13,30.7190,31.3599,30.4883,31.2745,0.119,31.682
2017-11-14,31.1036,31.4881,31.0181,31.2317,0.111,31.740
2017-11-15,30.8899,31.4454,30.8899,31.2317,0.166,31.799
2017-11-16,31.3599,31.5308,31.2317,31.3172,0.151,31.858
2017-11-17,31.1463,31.7017,30.8472,31.4454,0.169,31.918
2017-11-20,31.5735,31.9581,31.4454,31.9153,0.130,31.979
2017-11-21,32.0862,32.1290,31.7872,32.0862,0.105,32.036
2017-11-22,32.1717,32.5989,32.0435,32.0435,0.129,32.092
2017-11-24,32.1717,32.1717,31.7444,31.7444,0.071,32.150
2017-11-27,31.7017,32.1290,31.7017,31.9581,0.243,32.205
2017-11-28,32.0008,32.7271,31.8726,32.6417,0.315,32.264
2017-11-29,32.8553,33.7525,32.8553,33.4961,0.285,32.329
2017-11-30,33.7525,33.7525,32.8126,32.9407,0.260,32.382
2017-12-01,33.0262,33.2825,32.2144,33.1116,0.190,32.438
2017-12-04,33.6670,33.9661,33.4107,33.5816,0.288,32.495
2017-12-05,33.7525,33.8807,32.9407,32.9407,0.252,32.537
2017-12-06,32.5135,33.1116,32.5135,32.8126,0.218,32.567
2017-12-07,32.7698,33.0262,32.5562,32.6844,0.143,32.575
2017-12-08,32.9407,32.9407,32.1290,32.3426,0.162,32.575
2017-12-11,32.4708,32.5135,32.0008,32.1290,0.194,32.559
2017-12-12,32.2571,32.6844,32.0435,32.3853,0.118,32.535
2017-12-13,32.4280,32.6844,32.0862,32.1717,0.150,32.511
2017-12-14,32.2571,32.3426,31.5308,31.7872,0.160,32.503
2017-12-15,32.2358,33.0689,31.8299,32.7271,0.633,32.507
2017-12-18,33.4961,33.5816,32.7271,32.9835,0.187,32.515
2017-12-19,32.6844,33.1544,32.3853,32.5135,0.294,32.508
2017-12-20,32.4708,32.7271,31.7872,32.1290,0.186,32.486
2017-12-21,32.2571,32.4280,32.0435,32.2571,0.174,32.466
2017-12-22,31.9581,32.2571,31.8726,31.9153,0.119,32.441
2017-12-26,32.0008,32.2999,31.5735,32.0008,0.182,32.419
2017-12-27,31.9581,31.9581,31.4454,31.4881,0.125,32.383
2017-12-28,31.5308,31.6590,31.2745,31.6163,0.100,32.354
2017-12-29,31.7017,31.7444,31.2745,31.2745,0.180,32.317
2018-01-02,31.3172,31.6163,31.1249,31.4454,0.269,32.277
2018-01-03,31.3599,31.3599,30.8899,31.0608,0.220,32.225
2018-01-04,31.2745,31.7017,31.2317,31.4454,0.193,32.188
2018-01-05,31.4881,31.8726,31.4881,31.8299,0.149,32.160
2018-01-08,31.8299,31.9581,31.4454,31.7872,0.168,32.130
2018-01-09,31.9581,32.2999,31.8726,31.8726,0.200,32.100
2018-01-10,31.8726,32.5562,31.8726,32.0862,0.415,32.070
2018-01-11,32.2571,32.7271,32.0435,32.6844,0.275,32.071
2018-01-12,32.6844,32.9835,32.5562,32.7271,0.106,32.074
2018-01-16,33.1116,33.3680,32.7698,32.8980,0.322,32.082
2018-01-17,33.1544,33.3253,32.6844,33.2398,0.307,32.089
2018-01-18,33.2398,33.2825,32.9835,33.0689,0.259,32.099
2018-01-19,33.0262,33.3680,32.9407,33.2825,0.242,32.118
2018-01-22,33.2825,33.3680,33.0262,33.3253,0.148,32.156
2018-01-23,33.2398,33.5389,32.8126,33.4107,0.304,32.200
2018-01-24,33.5389,33.5389,32.7271,32.7698,0.184,32.241
2018-01-25,32.9407,32.9407,32.5135,32.8126,0.148,32.279
2018-01-26,33.1116,33.1116,31.9153,32.3853,0.207,32.301
2018-01-29,32.2571,32.7271,32.2571,32.3426,0.180,32.323
2018-01-30,32.2144,32.3853,31.9153,32.1717,0.230,32.342
2018-01-31,32.3426,32.7698,32.1717,32.4280,0.214,32.364
2018-02-01,32.2144,32.7271,31.9153,32.6844,0.197,32.389
2018-02-02,32.6417,33.1116,32.4280,32.5989,0.212,32.402
2018-02-05,32.2571,32.7271,31.2745,31.3172,0.238,32.387
2018-02-06,30.8045,31.7017,30.5909,31.6590,0.314,32.379
2018-02-07,31.7872,32.0435,31.4881,31.8726,0.164,32.382
2018-02-08,31.9153,31.9581,31.2745,31.2745,0.243,32.368
2018-02-09,31.5735,32.0435,31.1463,31.8726,0.225,32.353
2018-02-12,32.0008,32.0008,31.3599,31.4881,0.137,32.313
2018-02-13,31.4454,31.7444,31.3599,31.5308,0.097,32.284
2018-02-14,31.5859,32.4454,31.5859,32.4024,0.139,32.270
2018-02-15,32.6173,32.6602,32.1875,32.4024,0.126,32.247
2018-02-16,32.2305,32.9611,32.2305,32.6602,0.190,32.241
2018-02-20,32.5313,32.7462,31.9727,32.0586,0.130,32.226
2018-02-21,32.1446,32.8321,32.1446,32.3164,0.139,32.219
2018-02-22,32.4883,32.7462,31.9297,31.9727,0.132,32.211
2018-02-23,32.1875,32.4024,32.0156,32.4024,0.086,32.217
2018-02-26,32.4883,32.6602,32.1875,32.6602,0.101,32.222
2018-02-27,32.6602,32.9611,32.0586,32.0586,0.252,32.220
2018-02-28,32.1446,32.4883,31.5859,31.5859,0.259,32.216
2018-03-01,31.6718,32.1016,31.5859,31.9297,0.152,32.200
2018-03-02,31.8008,32.5528,31.6718,32.4883,0.129,32.190
2018-03-05,32.3594,32.8751,32.0156,32.6602,0.198,32.193
2018-03-06,32.7462,32.9611,32.2735,32.9611,0.264,32.210
2018-03-07,32.7032,33.3908,32.7032,33.1759,0.191,32.228
2018-03-08,33.2619,33.3908,32.6602,32.9611,0.167,32.249
2018-03-09,33.2619,33.9065,33.0470,33.7346,0.169,32.284
2018-03-12,33.6486,34.0784,33.6486,33.9924,0.118,32.334
2018-03-13,34.0784,34.3147,33.9495,34.1643,0.195,32.385
2018-03-14,34.2503,34.3362,33.7346,33.8635,0.126,32.436
2018-03-15,33.8635,34.1214,33.6057,34.1214,0.149,32.490
2018-03-16,34.2073,34.4652,33.9495,33.9924,0.418,32.549
2018-03-19,33.9924,34.0784,33.4767,34.0354,0.151,32.600
2018-03-20,34.0354,34.2073,33.5627,33.6057,0.116,32.636
2018-03-21,33.6916,33.9924,33.4338,33.6057,0.117,32.672
2018-03-22,33.2619,33.6057,32.7462,32.7892,0.157,32.691
2018-03-23,32.8321,32.8966,31.8008,31.8008,0.233,32.685
2018-03-26,32.1875,32.7892,32.0586,32.7892,0.141,32.687
2018-03-27,32.8321,32.9611,32.2735,32.4024,0.122,32.681
2018-03-28,32.4024,33.0470,32.2305,32.7892,0.165,32.678
2018-03-29,32.8751,33.1759,32.5743,32.6173,0.201,32.666
2018-04-02,32.4454,32.7462,31.8437,32.1446,0.147,32.647
2018-04-03,32.2735,32.6602,32.1016,32.6602,0.191,32.635
2018-04-04,32.3594,32.9611,32.2735,32.8751,0.125,32.626
2018-04-05,33.0470,33.0470,32.6173,32.9181,0.103,32.616
2018-04-06,32.7032,32.8751,31.9297,32.1446,0.167,32.604
2018-04-09,32.2735,32.7892,32.1016,32.1875,0.149,32.591
2018-04-10,32.4883,32.7462,32.1875,32.6173,0.095,32.596
2018-04-11,32.4024,32.6602,32.2305,32.6602,0.090,32.602
2018-04-12,32.7892,33.2619,32.6602,33.0040,0.133,32.619
2018-04-13,33.2189,33.2189,32.5743,32.7032,0.083,32.624
2018-04-16,32.8751,33.0900,32.6602,32.9611,0.077,32.630
2018-04-17,33.1759,33.1759,32.4024,32.7032,0.134,32.632
2018-04-18,32.7892,33.0040,32.5743,32.6173,0.098,32.658
2018-04-19,32.5313,33.0470,32.5313,32.9181,0.083,32.683
2018-04-20,32.8751,33.3049,32.8751,33.2189,0.142,32.710
2018-04-23,33.2189,33.6057,33.1759,33.5627,0.086,32.756
2018-04-24,33.4338,33.9924,33.1115,33.1759,0.141,32.782
2018-04-25,33.4338,33.6057,33.0900,33.1330,0.190,32.815
2018-04-26,33.0470,33.2619,32.7462,32.8751,0.152,32.842
2018-04-27,32.8751,33.2619,32.8751,33.0470,0.186,32.854
2018-04-30,33.0900,33.1759,32.6173,32.6173,0.098,32.859
2018-05-01,32.5743,32.8966,32.1875,32.7032,0.142,32.860
2018-05-02,32.7462,32.9181,32.5313,32.6173,0.171,32.871
2018-05-03,32.4883,32.6602,32.0586,32.4024,0.126,32.873
2018-05-04,32.2735,33.0900,32.1446,32.7892,0.100,32.889
2018-05-07,32.7892,32.9611,32.5313,32.7462,0.096,32.896
2018-05-08,32.7462,33.1330,32.7462,33.1330,0.168,32.905
2018-05-09,33.1929,33.4954,32.9768,33.2361,0.102,32.929
2018-05-10,33.2793,33.3225,32.9768,33.1064,0.101,32.959
2018-05-11,33.0632,33.1929,32.9768,32.9768,0.092,32.980
2018-05-14,33.0632,33.1497,32.8039,32.8903,0.109,32.988
2018-05-15,32.8471,33.2361,32.8471,32.9768,0.226,32.994
2018-05-16,33.0200,33.2361,32.8471,33.0200,0.229,32.996
2018-05-17,33.1497,33.7547,33.0200,33.7547,0.205,33.007
2018-05-18,33.9276,33.9276,33.4090,33.5386,0.119,33.019
2018-05-21,33.5386,34.1005,33.5386,34.0573,0.127,33.025
2018-05-22,34.0573,34.5759,34.0573,34.1869,0.122,33.029
2018-05-23,34.1437,34.4030,34.0573,34.2734,0.097,33.031
2018-05-24,34.2302,34.2734,33.6683,34.1869,0.076,33.038
2018-05-25,34.1005,34.3166,34.0141,34.2302,0.065,33.040
2018-05-29,33.9276,34.0141,33.4522,33.6683,0.104,33.033
2018-05-30,33.9708,34.5111,33.6251,34.3166,0.119,33.039
2018-05-31,34.2734,34.4030,33.8844,33.9708,0.165,33.046
2018-06-01,34.2734,34.4895,34.1437,34.4030,0.127,33.062
2018-06-04,34.4030,34.9649,34.2734,34.7920,0.172,33.102
2018-06-05,34.7920,34.9649,34.5327,34.8784,0.128,33.164
2018-06-06,34.8784,35.2674,34.8784,35.2242,0.136,33.213
2018-06-07,37.7742,38.1199,37.4284,37.6445,2.425,33.317
2018-06-08,36.9962,37.9038,36.2615,37.1691,7.069,33.405
2018-06-11,36.9962,37.1691,36.6937,37.0394,0.943,33.494
2018-06-12,36.4344,36.8666,36.3911,36.6072,0.649,33.583
2018-06-13,36.5208,36.7801,36.2615,36.4776,0.518,33.659
2018-06-14,36.3911,36.4344,35.9157,36.1750,0.582,33.725
2018-06-15,35.9589,36.1318,35.5700,35.7861,0.936,33.782
2018-06-18,35.6996,36.1318,35.5267,36.0886,0.272,33.861
2018-06-19,35.8725,36.7369,35.8293,36.7369,0.412,33.952
2018-06-20,36.7369,37.2123,36.6505,37.1691,0.393,34.043
2018-06-21,37.0827,37.1907,36.6937,37.0394,0.261,34.131
2018-06-22,37.0827,37.2123,36.4344,36.9962,0.762,34.211
2018-06-25,36.8233,37.0394,36.5208,36.6505,0.236,34.290
2018-06-26,36.6505,36.8666,36.3047,36.6505,0.298,34.364
2018-06-27,36.5640,36.6505,35.6996,35.7861,0.445,34.425
2018-06-28,35.7861,35.9589,35.2242,35.4403,0.508,34.482
2018-06-29,35.8293,35.8293,35.0513,35.0945,0.294,34.525
2018-07-02,34.8352,35.2242,34.5759,35.1810,0.304,34.564
2018-07-03,35.3971,35.4403,35.1378,35.3106,0.106,34.599
2018-07-05,35.3971,35.6132,35.1378,35.6132,0.262,34.648
2018-07-06,35.7428,36.2615,35.4403,35.9157,0.234,34.704
2018-07-09,35.8725,36.3047,35.8725,36.2615,0.196,34.772
2018-07-10,36.3911,36.3911,35.7645,35.9157,0.169,34.829
2018-07-11,35.7428,35.9157,35.3539,35.6132,0.288,34.889
2018-07-12,35.9157,35.9157,35.0081,35.4403,0.238,34.944
2018-07-13,35.4403,35.5700,34.9217,35.0081,0.432,34.991
2018-07-16,35.1378,35.2242,34.8352,35.0081,0.389,35.043
2018-07-17,35.0513,35.3971,35.0513,35.1378,0.151,35.090
2018-07-18,35.1810,35.3106,34.8784,35.2674,0.440,35.141
2018-07-19,36.1318,38.2496,34.7920,35.3971,0.452,35.186
2018-07-20,35.3971,35.9157,34.7488,35.8293,0.420,35.238
2018-07-23,35.2674,36.4344,35.2242,36.2183,0.341,35.300
2018-07-24,36.1318,36.2183,35.4403,35.4835,0.235,35.350
2018-07-25,35.3971,35.4403,35.0513,35.3106,0.190,35.399
2018-07-26,35.3539,35.8293,35.3539,35.5700,0.157,35.451
2018-07-27,35.6564,35.6564,34.9649,35.0513,0.156,35.491
2018-07-30,35.0513,35.3971,34.9649,35.0945,0.186,35.518
2018-07-31,35.3106,35.3106,34.7056,35.0945,0.203,35.549
2018-08-01,35.2674,35.5267,35.0945,35.4403,0.123,35.577
2018-08-02,35.3971,35.8725,35.2242,35.7861,0.126,35.609
2018-08-03,35.8725,36.0454,35.3106,35.3539,0.110,35.630
2018-08-06,35.3971,35.5700,35.2242,35.3539,0.116,35.654
2018-08-07,35.4835,35.7428,35.3106,35.5700,0.112,35.681
2018-08-08,35.4978,36.2147,35.3675,36.0627,0.178,35.728
2018-08-09,36.0627,36.2799,35.7585,35.8454,0.104,35.759
2018-08-10,35.4978,35.9758,35.4978,35.8454,0.112,35.797
2018-08-13,35.9323,36.0627,35.3458,35.3675,0.202,35.816
2018-08-14,35.4544,36.3668,35.4109,36.2365,0.212,35.845
2018-08-15,36.1930,36.3668,35.8020,35.8454,0.199,35.864
2018-08-16,35.9323,36.7144,35.9323,36.3234,0.229,35.886
2018-08-17,36.3234,36.5841,36.1061,36.1930,0.544,35.857
2018-08-20,36.2365,36.4972,36.0192,36.4103,0.118,35.842
2018-08-21,36.4103,37.2792,36.4103,37.0620,0.195,35.842
2018-08-22,37.0186,37.0620,36.8013,37.0620,0.168,35.851
2018-08-23,37.0620,37.0620,36.7579,37.0186,0.168,35.862
2018-08-24,37.0620,37.1055,36.6710,36.8882,0.215,35.876
2018-08-27,37.0186,37.1055,36.5406,36.6275,0.130,35.893
2018-08-28,36.8013,36.8013,36.1496,36.3668,0.149,35.899
2018-08-29,36.4972,36.5406,35.9758,36.4103,0.120,35.892
2018-08-30,36.3234,36.7579,36.2799,36.5406,0.110,35.880
2018-08-31,36.4103,36.8448,36.3234,36.7144,0.119,35.873
2018-09-04,36.7144,37.1923,36.7144,37.1055,0.203,35.875
2018-09-05,37.0620,37.2358,36.9317,37.1923,0.179,35.886
2018-09-06,37.2358,37.3227,36.8013,36.8882,0.245,35.891
2018-09-07,36.9751,37.1055,36.5841,36.9751,0.174,35.915
2018-09-10,37.1055,37.1055,36.7144,36.8448,0.097,35.943
2018-09-11,36.7579,37.1489,36.7579,36.8882,0.100,35.979
2018-09-12,36.8013,36.8448,36.1930,36.4103,0.173,36.003
2018-09-13,36.4537,36.5841,36.0627,36.1930,0.143,36.021
2018-09-14,36.1930,37.1489,36.1930,37.0186,0.343,36.049
2018-09-17,36.9751,37.0620,36.1496,36.4537,0.259,36.060
2018-09-18,36.4972,36.8013,36.3016,36.6710,0.185,36.068
2018-09-19,36.7144,37.2141,36.7144,36.8013,0.210,36.086
2018-09-20,36.8013,37.6268,36.7579,37.4965,0.220,36.123
2018-09-21,37.4530,37.7137,36.5841,36.7144,1.224,36.149
2018-09-24,36.6275,36.6275,36.1061,36.1930,0.165,36.173
2018-09-25,36.3234,36.3234,36.0084,36.1061,0.173,36.195
2018-09-26,36.2799,36.2799,35.4978,35.5413,0.231,36.203
2018-09-27,35.5413,35.6282,35.0633,35.0633,0.191,36.199
2018-09-28,35.0199,35.5413,35.0199,35.3675,0.180,36.198
2018-10-01,35.6108,35.7151,34.6723,34.7158,0.173,36.176
2018-10-02,34.5941,34.9417,34.0293,34.1857,0.317,36.135
2018-10-03,34.3160,35.0807,34.1553,35.0373,0.273,36.126
2018-10-04,34.9764,35.4457,34.8027,35.0720,0.170,36.121
2018-10-05,35.2458,35.3041,34.7331,34.8635,0.098,36.107
2018-10-08,35.0373,35.4978,34.7679,35.3936,0.111,36.114
2018-10-09,35.4631,35.7064,35.2371,35.6282,0.149,36.125
2018-10-10,35.6108,36.0540,35.1937,35.2371,0.146,36.128
2018-10-11,35.0460,35.1850,34.1248,34.1509,0.173,36.102
2018-10-12,34.6028,34.9069,32.2392,33.2211,0.232,36.051
2018-10-15,33.2037,33.6035,33.0299,33.4210,0.173,36.012
2018-10-16,33.6817,33.7251,32.8127,33.7077,0.281,35.979
2018-10-17,33.4557,33.4557,32.7519,33.0212,0.413,35.928
2018-10-18,32.8474,32.8474,31.0921,31.4918,0.475,35.837
2018-10-19,30.9878,31.2746,30.4404,30.5360,0.386,35.730
2018-10-22,30.5099,30.7271,29.6931,29.7017,0.414,35.608
2018-10-23,29.2672,29.6235,28.9631,29.4671,0.530,35.489
2018-10-24,29.3715,29.3715,28.1028,28.1810,0.188,35.328
2018-10-25,28.3635,29.0587,28.1984,28.8501,0.407,35.188
2018-10-26,28.4678,28.8241,28.1723,28.4070,0.304,35.030
2018-10-29,28.7285,29.4324,28.5894,28.8675,0.181,34.884
2018-10-30,28.8849,29.2412,28.6850,29.2064,0.194,34.740
2018-10-31,29.5019,29.5366,28.9457,28.9979,0.216,34.578
2018-11-01,29.1195,29.5193,29.0674,29.3020,0.228,34.423
2018-11-02,29.4758,29.6583,29.0674,29.3194,0.342,34.269
2018-11-05,29.3628,29.6931,29.1456,29.6844,0.268,34.125
2018-11-06,29.6931,30.2144,29.5714,30.0059,0.102,33.993
2018-11-07,30.1115,30.2252,29.3681,29.9016,0.179,33.863
2018-11-08,29.7704,30.3739,29.7354,30.1290,0.111,33.738
2018-11-09,30.0066,30.1640,29.5693,29.5780,0.150,33.598
2018-11-12,29.6305,30.0853,29.5255,29.8141,0.239,33.460
2018-11-13,29.9191,30.6712,29.7529,30.2427,0.179,33.323
2018-11-14,30.4788,30.5051,29.2544,29.4293,0.203,33.168
2018-11-15,29.2632,29.9453,29.1057,29.9278,0.223,33.029
2018-11-16,29.7179,30.1640,29.6043,30.0678,0.291,32.891
2018-11-19,30.1202,30.1421,29.4556,29.6480,0.218,32.747
2018-11-20,29.3244,29.8404,29.2544,29.4906,0.153,32.599
2018-11-21,29.6130,30.0940,29.2544,29.4031,0.121,32.459
2018-11-23,29.2282,29.8141,29.2282,29.5080,0.054,32.325
2018-11-26,29.8666,30.1290,29.6392,29.7879,0.122,32.180
2018-11-27,29.4906,30.0066,29.0883,29.3769,0.478,32.039
2018-11-28,29.3856,30.1377,29.1670,29.9366,0.432,31.904
2018-11-29,29.6917,30.0590,29.5387,29.6130,0.443,31.760
2018-11-30,29.5518,29.9278,29.5299,29.8666,0.287,31.608
2018-12-03,30.2952,30.5830,29.5605,29.9803,0.173,31.473
2018-12-04,29.7617,29.9016,28.0563,28.1437,0.235,31.312
2018-12-06,27.6540,28.2312,27.4616,28.2049,0.303,31.154
2018-12-07,28.2399,28.5198,27.5752,27.9426,0.184,31.002
2018-12-10,27.8726,27.8726,27.0942,27.3216,0.285,30.847
2018-12-11,27.6802,27.7677,27.1117,27.3653,0.180,30.687
2018-12-12,26.1497,26.1934,25.1090,25.6862,1.817,30.506
2018-12-13,25.7999,25.9223,25.2139,25.3014,0.408,30.329
2018-12-14,25.1352,25.4763,24.4530,24.5492,0.323,30.119
2018-12-17,24.6192,25.1789,24.2169,24.3131,0.544,29.904
2018-12-18,24.4705,24.9078,23.9808,24.0770,0.330,29.688
2018-12-19,24.3743,24.6017,23.4648,23.5347,0.291,29.451
2018-12-20,23.4385,23.7796,23.3860,23.4997,0.305,29.208
2018-12-21,23.5522,23.8321,23.1761,23.3423,0.779,28.970
2018-12-24,23.1587,23.4473,22.7476,22.8176,0.160,28.744
2018-12-26,22.7564,23.6134,22.5377,23.6047,0.284,28.551
2018-12-27,23.0625,23.5347,22.7533,23.3511,0.340,28.350
2018-12-28,23.3598,23.8933,23.3423,23.6397,0.411,28.149
2018-12-31,23.6659,23.7140,23.1587,23.5872,0.228,27.960
2019-01-02,23.2549,23.9283,23.2549,23.8408,0.296,27.807
2019-01-03,23.7359,24.4093,23.5959,24.1294,0.207,27.679
2019-01-04,24.4530,24.7504,24.3218,24.4968,0.293,27.575
2019-01-07,24.5142,24.9253,24.2694,24.7766,0.177,27.481
2019-01-08,24.7854,25.2839,24.5492,25.2839,0.302,27.423
2019-01-09,24.5580,25.1964,24.2606,24.3306,0.285,27.333
2019-01-10,24.2869,24.4968,24.0070,24.2519,0.255,27.250
2019-01-11,24.1382,24.4968,23.9633,24.3656,0.143,27.159
2019-01-14,24.2256,24.7416,24.2256,24.5405,0.174,27.066
2019-01-15,24.4880,24.5930,24.1382,24.5930,0.190,26.978
2019-01-16,24.7766,25.1702,24.7460,25.1614,0.358,26.895
2019-01-17,24.9865,25.1789,24.9865,25.1527,0.231,26.812
2019-01-18,25.2401,25.3451,25.0652,25.1002,0.162,26.720
2019-01-22,24.9428,25.0915,24.6717,24.7591,0.176,26.615
2019-01-23,24.9428,24.9428,24.3306,24.6104,0.246,26.509
2019-01-24,23.8321,24.3656,22.7564,23.4910,0.520,26.377
2019-01-25,23.5697,24.1732,23.5697,24.0420,0.343,26.266
2019-01-28,23.9808,24.3393,23.9370,24.0770,0.256,26.151
2019-01-29,23.9720,24.5230,23.9720,24.4268,0.265,26.035
2019-01-30,24.3131,24.6367,24.2256,24.4093,0.350,25.935
2019-01-31,24.1819,24.3393,23.5435,23.8321,0.306,25.813
2019-02-01,23.7709,24.0857,23.7534,24.0595,0.177,25.692
2019-02-04,24.0944,24.6673,23.9283,24.6192,0.270,25.592
2019-02-05,24.6717,24.6717,24.4093,24.6542,0.139,25.495
2019-02-06,24.5755,24.6979,24.4880,24.6629,0.073,25.400
2019-02-07,24.8291,25.1439,24.6629,24.9253,0.291,25.309
2019-02-08,24.8378,24.9953,24.5973,24.9340,0.204,25.212
2019-02-11,24.9515,25.1439,24.8291,25.1002,0.279,25.126
2019-02-12,25.1964,25.5287,25.1352,25.4063,0.194,25.035
2019-02-13,25.5026,25.5748,25.3440,25.4850,0.148,24.953
2019-02-14,25.3263,25.4674,25.0002,25.3704,0.211,24.863
2019-02-15,25.5732,26.5869,25.4762,26.5781,0.518,24.795
2019-02-19,26.4194,27.1158,26.3401,26.9660,0.378,24.771
2019-02-20,26.9924,27.1599,26.7641,27.1511,0.553,24.750
2019-02-21,27.1687,27.3450,26.8161,27.1070,0.147,24.734
2019-02-22,27.2216,27.4420,27.0806,27.4156,0.258,24.736
2019-02-25,27.5919,27.6977,27.1511,27.3186,0.244,24.735
2019-02-26,27.2745,27.4949,27.0718,27.1864,0.127,24.765
2019-02-27,27.1864,27.5654,27.0630,27.5478,0.161,24.810
2019-02-28,27.5390,27.7505,27.4861,27.6095,0.279,24.871
2019-03-01,27.8299,28.0415,27.4156,27.9004,0.298,24.942
2019-03-04,27.9004,27.9621,27.3539,27.5919,0.214,25.013
2019-03-05,27.5037,27.6007,27.1599,27.5037,0.280,25.092
2019-03-06,27.4773,27.4905,26.7280,26.8426,0.216,25.159
2019-03-07,26.7456,26.9660,26.3533,26.4547,0.197,25.221
2019-03-08,26.3401,26.7192,26.2872,26.6927,0.275,25.299
2019-03-11,26.7015,26.9219,26.4900,26.7456,0.230,25.362
2019-03-12,26.8514,26.9395,26.5693,26.7897,0.149,25.430
2019-03-13,26.8867,27.0630,26.7632,26.7897,0.185,25.493
2019-03-14,26.7809,27.0718,26.7721,26.9395,0.170,25.560
2019-03-15,26.9219,27.1952,26.8382,26.9395,0.535,25.622
2019-03-18,26.9131,27.3715,26.8514,26.9219,0.219,25.678
2019-03-19,27.0806,27.0894,26.1814,26.2696,0.187,25.714
2019-03-20,26.1374,26.1991,25.3660,25.5115,0.430,25.728
2019-03-21,25.3263,25.4586,24.7093,24.7357,0.315,25.717
2019-03-22,24.4624,24.5770,23.3429,23.4928,0.405,25.701
2019-03-25,23.3693,23.6162,23.1049,23.2283,0.390,25.680
2019-03-26,23.3782,24.0834,23.2724,24.0746,0.441,25.674
2019-03-27,23.9423,24.2597,23.9159,24.0569,0.319,25.665
2019-03-28,24.0922,24.4713,23.9688,24.3478,0.355,25.660
2019-03-29,24.4801,24.5947,23.9247,24.0129,0.469,25.637
2019-04-01,24.2244,24.7357,24.1098,24.6123,0.264,25.626
2019-04-02,24.5947,24.7798,24.4140,24.4801,0.229,25.614
2019-04-03,24.7798,25.0531,24.4536,24.5506,0.250,25.609
2019-04-04,24.3831,25.4409,24.3831,25.4409,0.305,25.626
2019-04-05,25.5115,26.0007,25.2735,25.8905,0.708,25.674
2019-04-08,25.7759,25.9434,25.4057,25.6437,0.179,25.706
2019-04-09,25.4498,25.5644,25.0619,25.1060,0.188,25.727
2019-04-10,25.1148,25.4321,24.9032,25.4057,0.179,25.746
2019-04-11,25.4057,25.6790,25.4057,25.6349,0.136,25.771
2019-04-12,25.9875,26.2872,25.6437,26.2343,0.195,25.819
2019-04-15,26.2255,26.2519,25.4850,25.5379,0.134,25.848
2019-04-16,25.5908,26.0492,25.4145,26.0316,0.202,25.877
2019-04-17,26.1726,26.3842,25.8905,26.2519,0.172,25.909
2019-04-18,26.1197,26.1991,25.7230,25.8200,0.192,25.932
2019-04-22,25.7054,25.7671,25.2646,25.4145,0.106,25.941
2019-04-23,25.3528,26.0316,25.3175,26.0051,0.122,25.963
2019-04-24,26.0051,26.3665,25.8156,26.1814,0.123,25.985
2019-04-25,26.0228,26.0492,25.5203,25.9434,0.235,25.995
2019-04-26,25.9434,26.3842,25.9377,26.3489,0.153,26.013
2019-04-29,26.4283,26.9660,26.3930,26.8249,0.393,26.042
2019-04-30,27.3627,27.3627,26.4018,26.4371,0.498,26.039
2019-05-01,26.4547,26.7103,25.9082,26.2872,0.661,26.025
2019-05-02,26.2784,26.7985,26.2784,26.4547,0.241,26.011
2019-05-03,26.6398,26.9484,26.3974,26.8161,0.494,26.005
2019-05-06,26.4283,26.8073,26.2872,26.7544,0.197,25.992
2019-05-07,26.4811,26.6398,25.9434,26.1726,0.351,25.969
2019-05-08,26.0051,26.5869,25.9170,26.3665,0.209,25.953
2019-05-09,26.1197,26.6663,26.0712,26.6222,0.170,25.934
2019-05-10,26.5429,26.7280,26.4679,26.7015,0.242,25.916
2019-05-13,26.2784,26.3225,25.8641,25.9258,0.321,25.877
2019-05-14,26.0051,26.4194,25.8288,26.3665,0.138,25.852
2019-05-15,26.4547,26.7544,26.2696,26.6222,0.463,25.835
2019-05-16,26.7544,27.0762,26.5693,26.9395,0.312,25.837
2019-05-17,26.6663,27.4244,26.5693,27.2304,1.584,25.852
2019-05-20,26.9836,27.5919,26.9395,27.1952,0.448,25.862
2019-05-21,27.3362,27.4068,27.0630,27.1776,0.268,25.871
2019-05-22,27.0630,27.1247,26.7765,26.9219,0.257,25.873
2019-05-23,26.6663,26.8073,25.8641,26.1550,0.526,25.861
2019-05-24,26.2696,26.5605,26.1902,26.4900,0.248,25.852
2019-05-28,26.4018,26.4547,26.0228,26.1374,0.240,25.836
2019-05-29,25.9610,26.5781,25.7759,26.4900,0.215,25.827
2019-05-30,26.5869,26.6046,25.8729,26.0756,0.215,25.823
2019-05-31,25.8112,25.9302,25.4894,25.7318,0.308,25.828
2019-06-03,25.7054,26.1991,25.6349,26.0051,0.282,25.853
2019-06-04,26.3225,27.0982,26.2519,27.0718,0.293,25.925
2019-06-05,27.0630,27.1952,26.6530,27.0101,0.227,26.000
2019-06-06,27.0277,27.0806,26.6222,26.9131,0.144,26.057
2019-06-07,26.7721,27.1335,26.7632,26.8514,0.126,26.113
2019-06-10,26.9484,27.4068,26.8646,27.0630,0.214,26.167
2019-06-11,27.2304,27.3891,26.7544,26.9836,0.235,26.227
2019-06-12,26.5869,26.7544,26.3401,26.4900,0.220,26.264
2019-06-13,26.6398,27.0189,26.5957,26.8778,0.226,26.312
2019-06-14,26.8602,26.8602,26.4194,26.6486,0.131,26.354
2019-06-17,26.6663,26.7456,26.4371,26.5164,0.220,26.376
2019-06-18,26.6310,27.1423,26.4283,26.9307,0.182,26.396
2019-06-19,27.0277,27.3098,26.9131,26.9572,0.229,26.423
2019-06-20,27.1158,27.1158,26.4459,26.8249,0.156,26.457
2019-06-21,26.6486,26.8161,26.3489,26.4371,0.476,26.478
2019-06-24,26.3754,26.5869,26.1462,26.1462,0.275,26.488
2019-06-25,26.1550,26.4062,25.8905,26.2519,0.396,26.488
2019-06-26,26.3754,26.8073,26.2431,26.4635,0.356,26.507
2019-06-27,26.4635,26.7809,26.2960,26.4459,0.640,26.515
2019-06-28,26.7632,27.8563,26.4811,27.6712,0.795,26.543
2019-07-01,27.6448,27.9092,27.0630,27.3098,0.276,26.573
2019-07-02,26.7632,27.0321,26.2784,26.5957,0.251,26.597
2019-07-03,26.6751,27.0982,26.4767,27.0894,0.123,26.618
2019-07-05,27.2393,27.7902,27.2393,27.7417,0.212,26.650
2019-07-08,27.5742,27.6448,27.3274,27.3627,0.306,26.678
2019-07-09,27.2040,27.6800,27.1511,27.5214,0.217,26.702
2019-07-10,27.6624,27.6624,27.1213,27.2304,0.142,26.710
2019-07-11,27.2216,27.3274,26.8249,27.1776,0.143,26.724
2019-07-12,27.5654,27.9621,27.2481,27.8563,0.274,26.756
2019-07-15,27.8740,27.8740,26.9924,27.0541,0.164,26.768
2019-07-16,26.9836,27.2128,26.7985,27.1070,0.172,26.774
2019-07-17,26.9836,27.0497,26.6839,26.9307,0.146,26.777
2019-07-18,26.8514,27.2481,26.7103,27.1158,0.195,26.796
2019-07-19,27.0806,27.4332,26.8911,27.1952,0.185,26.813
2019-07-22,27.1070,27.1864,26.7809,26.8867,0.142,26.818
2019-07-23,26.8867,27.2701,26.7897,27.1511,0.187,26.827
2019-07-24,26.8249,28.3588,26.2519,28.2883,0.332,26.874
2019-07-25,28.3412,28.7908,27.9886,28.0943,0.488,26.909
2019-07-26,28.1825,28.7819,28.1825,28.5792,0.224,26.948
2019-07-29,28.5439,29.0376,28.4117,28.5792,0.173,26.981
2019-07-30,28.4381,29.0552,28.3588,29.0023,0.220,27.016
2019-07-31,28.9847,29.3814,28.8348,28.9142,0.308,27.050
2019-08-01,28.8525,29.1346,27.6007,27.7065,0.231,27.061
2019-08-02,27.6271,27.6712,26.9660,27.2393,0.134,27.067
2019-08-05,26.5517,26.8514,25.8024,26.2784,0.207,27.070
2019-08-06,26.2784,26.4459,25.7142,26.2255,0.203,27.065
2019-08-07,25.7991,26.2921,25.4704,26.2255,0.197,27.066
2019-08-08,26.4387,26.9895,26.3499,26.7585,0.143,27.072
2019-08-09,26.6519,26.7164,26.2877,26.5720,0.121,27.082
2019-08-12,26.3143,26.5720,26.1900,26.4387,0.087,27.096
2019-08-13,26.5098,26.9851,26.3143,26.5809,0.135,27.107
2019-08-14,25.9590,26.2788,25.5903,25.8346,0.151,27.083
2019-08-15,25.8968,26.1100,25.5059,25.5326,0.163,27.053
2019-08-16,25.7280,26.4831,25.7102,26.2166,0.196,27.039
2019-08-19,26.6431,26.7585,26.4076,26.6164,0.239,27.034
2019-08-20,26.5809,26.5809,25.9457,26.0123,0.274,27.013
2019-08-21,26.2966,26.5009,25.9945,26.4920,0.194,27.003
2019-08-22,26.6431,26.7497,26.3232,26.3588,0.165,27.001
2019-08-23,26.2166,26.4743,25.0884,25.1950,0.181,26.967
2019-08-26,25.4526,25.7280,25.1896,25.7280,0.163,26.949
2019-08-27,25.9234,25.9234,25.0528,25.1594,0.169,26.922
2019-08-28,25.0706,25.8613,25.0706,25.7102,0.103,26.897
2019-08-29,25.9412,26.4032,25.9412,26.1100,0.161,26.880
2019-08-30,26.3055,26.5009,25.8168,26.0567,0.139,26.865
2019-09-03,25.7369,25.9679,25.2394,25.5414,0.157,26.847
2019-09-04,25.9057,25.9234,25.5947,25.8257,0.113,26.841
2019-09-05,26.2877,27.0073,26.2433,26.6253,0.230,26.848
2019-09-06,26.6519,26.7674,26.0478,26.2788,0.152,26.844
2019-09-09,26.4654,27.0339,26.2077,26.9185,0.332,26.854
2019-09-10,27.0695,27.3715,26.8740,27.3093,0.182,26.847
2019-09-11,27.3360,27.8957,27.0384,27.7624,0.226,26.856
2019-09-12,27.6381,28.2422,27.3360,28.0378,0.269,26.884
2019-09-13,28.2511,28.6952,28.1045,28.5620,0.208,26.914
2019-09-16,28.2777,28.7930,28.1800,28.2688,0.162,26.924
2019-09-17,28.1622,28.2555,27.6736,28.2155,0.178,26.942
2019-09-18,28.1711,28.4198,27.9579,28.2777,0.150,26.957
2019-09-19,28.2688,28.5131,27.8690,27.9223,0.265,26.971
2019-09-20,27.9579,28.2511,27.4426,27.4604,0.970,26.976
2019-09-23,27.1139,27.2205,25.9323,26.4920,0.507,26.949
2019-09-24,26.3676,26.7115,25.9323,26.1278,0.349,26.930
2019-09-25,25.9679,26.8385,25.9590,26.7763,0.271,26.924
2019-09-26,26.7497,26.8918,26.4743,26.4743,0.121,26.915
2019-09-27,26.6519,26.9806,26.3410,26.4121,0.171,26.901
2019-09-30,26.4920,26.6431,25.9945,26.0212,0.251,26.877
2019-10-01,26.2522,26.4743,25.3371,25.4526,0.177,26.848
2019-10-02,25.1861,25.6569,25.1150,25.5148,0.197,26.816
2019-10-03,25.4881,25.5859,25.0084,25.3193,0.231,26.756
2019-10-04,25.4171,25.8346,25.2083,25.8257,0.160,26.711
2019-10-07,25.7102,25.9501,25.5770,25.5770,0.181,26.651
2019-10-08,25.2483,25.3549,24.9373,25.0439,0.160,26.580
2019-10-09,25.2305,25.3371,24.8663,25.0795,0.115,26.502
2019-10-10,25.2394,25.5326,25.2394,25.3371,0.163,26.430
2019-10-11,25.8168,26.0967,25.6214,25.6480,0.217,26.389
2019-10-14,25.4171,25.8168,25.3193,25.8168,0.190,26.361
2019-10-15,25.9057,26.3588,25.8435,26.3055,0.241,26.361
2019-10-16,26.2610,26.5720,26.0656,26.1989,0.204,26.361
2019-10-17,26.3499,26.8918,26.3410,26.8829,0.225,26.374
2019-10-18,26.6697,27.0784,26.6697,26.9806,0.114,26.378
2019-10-21,27.3893,27.7535,27.3627,27.5581,0.149,26.398
2019-10-22,27.5137,27.7002,27.1850,27.3449,0.172,26.416
2019-10-23,27.2916,27.3093,27.0606,27.2027,0.125,26.428
2019-10-24,27.2205,27.2205,26.7284,26.7497,0.174,26.447
2019-10-25,26.7319,27.1716,26.7319,26.9362,0.172,26.475
2019-10-28,26.9895,27.6025,26.9895,27.3893,0.199,26.498
2019-10-29,26.9451,27.7225,26.8207,27.6292,0.248,26.518
2019-10-30,27.8424,28.3754,27.4426,28.2599,0.253,26.563
2019-10-31,28.0290,28.1178,27.3005,27.5670,0.265,26.585
2019-11-01,27.7091,28.3310,27.7091,28.1178,0.215,26.620
2019-11-04,28.4287,28.5620,28.1889,28.4820,0.222,26.686
2019-11-05,28.6775,29.2638,28.6153,28.9973,0.227,26.751
2019-11-06,29.0151,29.0151,28.6064,28.6242,0.124,26.821
2019-11-07,28.8729,29.1839,28.5353,28.7752,0.289,26.882
2019-11-08,28.7663,28.9440,28.5087,28.6508,0.155,26.933
2019-11-11,28.4643,29.2638,28.2777,29.0328,0.202,26.992
2019-11-12,29.0684,29.2935,28.7486,29.1217,0.153,27.064
2019-11-13,28.8298,28.8298,28.4719,28.6419,0.170,27.120
2019-11-14,28.5793,28.8120,28.3556,28.5614,0.148,27.159
2019-11-15,28.6956,28.8120,28.4630,28.5525,0.238,27.204
2019-11-18,28.4898,28.4898,28.0693,28.4004,0.133,27.234
2019-11-19,28.5704,28.6598,28.2572,28.5704,0.174,27.259
2019-11-20,28.3288,28.6867,28.1856,28.3914,0.208,27.272
2019-11-21,28.5435,28.5435,28.0335,28.2840,0.126,27.277
2019-11-22,28.4272,28.5704,28.1498,28.1767,0.152,27.269
2019-11-25,28.2125,28.5793,28.1140,28.4540,0.203,27.273
2019-11-26,28.3467,28.4988,28.2303,28.3646,0.146,27.276
2019-11-27,28.4361,28.6330,28.4361,28.5435,0.110,27.281
2019-11-29,28.3556,28.5704,28.2125,28.2303,0.067,27.287
2019-12-02,28.3556,28.6419,28.0514,28.1498,0.219,27.301
2019-12-03,27.7830,27.9082,27.5324,27.8814,0.156,27.329
2019-12-04,28.0156,28.4004,28.0156,28.2303,0.141,27.371
2019-12-05,28.3019,28.4004,28.0693,28.1677,0.214,27.399
2019-12-06,28.5256,28.8120,28.4540,28.4898,0.291,27.439
2019-12-09,28.4093,28.6151,28.3825,28.4809,0.229,27.480
2019-12-10,28.3825,28.6867,28.3646,28.5793,0.169,27.531
2019-12-11,28.6240,28.7627,28.4540,28.6151,0.126,27.595
2019-12-12,28.6240,29.5188,28.6240,29.3667,0.293,27.672
2019-12-13,29.3309,29.5815,28.9283,29.2325,0.128,27.750
2019-12-16,29.2325,29.7515,29.0938,29.3936,0.202,27.821
2019-12-17,29.5009,29.9036,29.3757,29.8141,0.214,27.906
2019-12-18,29.9304,30.0289,29.6888,29.8052,0.157,28.001
2019-12-19,29.7067,30.0289,29.6709,29.8767,0.169,28.097
2019-12-20,29.9573,30.1720,29.6620,29.6799,0.786,28.184
2019-12-23,29.7246,29.7962,29.4204,29.5278,0.144,28.262
2019-12-24,29.5994,29.6709,29.3801,29.5636,0.102,28.337
2019-12-26,29.6620,29.7694,29.5501,29.6262,0.088,28.403
2019-12-27,29.6262,29.6262,29.3488,29.3667,0.128,28.466
2019-12-30,29.4651,29.5789,29.3041,29.3936,0.125,28.517
2019-12-31,29.3846,29.5546,29.2951,29.4204,0.200,28.565
2020-01-02,29.5636,29.5636,29.0263,29.2951,0.118,28.600
2020-01-03,28.8567,29.1397,28.7941,29.0535,0.141,28.634
2020-01-06,28.7493,28.8746,28.5203,28.8120,0.146,28.667
2020-01-07,28.6688,28.8388,27.7919,28.1140,0.271,28.694
2020-01-08,28.1051,28.6509,28.1051,28.4988,0.143,28.725
2020-01-09,28.6240,28.6956,28.4540,28.5167,0.113,28.748
2020-01-10,28.5077,28.6151,28.0245,28.1319,0.111,28.758
2020-01-13,28.1230,28.4361,27.9798,28.4272,0.152,28.761
2020-01-14,28.2930,28.5077,28.1498,28.4361,0.150,28.778
2020-01-15,28.2035,28.3422,27.9216,28.1230,0.098,28.778
2020-01-16,28.3198,28.6062,28.2796,28.5167,0.079,28.779
2020-01-17,28.7135,28.7762,28.5167,28.6598,0.135,28.772
2020-01-21,28.4898,28.5256,28.0514,28.1051,0.138,28.762
2020-01-22,28.0961,28.1051,27.8009,27.9172,0.094,28.745
2020-01-23,27.7740,28.1409,27.5593,28.0782,0.272,28.733
2020-01-24,28.1767,28.1767,27.0850,27.3982,0.171,28.701
2020-01-27,26.8971,27.2729,26.7629,26.9598,0.130,28.658
2020-01-28,28.5435,28.5435,26.3513,26.4587,0.271,28.614
2020-01-29,26.2260,26.2618,25.6176,25.8234,0.309,28.559
2020-01-30,25.5818,26.0560,25.5728,26.0292,0.167,28.509
2020-01-31,25.7607,25.8234,25.0897,25.1881,0.243,28.444
2020-02-03,25.2865,25.6534,25.2507,25.5281,0.237,28.384
2020-02-04,25.9487,26.0381,25.7429,25.7876,0.169,28.331
2020-02-05,25.9039,26.1902,25.8502,26.0381,0.195,28.287
2020-02-06,26.2618,26.3424,25.8592,25.9397,0.141,28.242
2020-02-07,25.8413,25.9665,25.7250,25.8502,0.126,28.190
2020-02-10,25.7250,25.9487,25.6623,25.8860,0.170,28.140
2020-02-11,26.0023,26.3245,25.7071,25.7518,0.151,28.084
2020-02-12,25.9934,26.0471,25.6265,25.7250,0.151,28.034
2020-02-13,25.5699,25.9759,25.5699,25.9218,0.101,27.990
2020-02-14,25.8857,25.8857,25.3353,25.5429,0.155,27.943
2020-02-18,25.4797,25.5699,24.6406,24.7940,0.211,27.874
2020-02-19,24.8391,24.9744,24.6857,24.8662,0.154,27.808
2020-02-20,24.8301,25.0647,24.6767,24.7940,0.135,27.734
2020-02-21,24.7218,24.9744,24.3699,24.8752,0.274,27.662
2020-02-24,24.0902,24.6902,23.9188,24.6316,0.388,27.583
2020-02-25,24.6226,24.6226,23.4587,23.7744,0.273,27.486
2020-02-26,23.9459,24.1489,23.6662,23.6662,0.181,27.372
2020-02-27,23.1519,23.5850,22.5744,22.5835,0.231,27.239
2020-02-28,21.8797,22.3308,21.3023,22.0241,0.379,27.092
2020-03-02,22.0692,22.8632,21.7534,22.8451,0.294,26.953
2020-03-03,22.7459,23.0932,21.5098,21.8887,0.224,26.794
2020-03-04,21.9158,22.0962,20.9233,21.8436,0.205,26.634
2020-03-05,21.2211,21.2752,20.3639,20.7519,0.247,26.455
2020-03-06,19.9489,20.7880,19.8677,20.4632,0.299,26.274
2020-03-09,19.6511,20.1654,17.6481,17.8015,0.267,26.038
2020-03-10,18.4241,18.8391,17.7293,18.8120,0.233,25.822
2020-03-11,18.2797,18.3790,16.9083,17.1429,0.261,25.578
2020-03-12,15.8617,16.6196,15.2120,15.7353,0.345,25.305
2020-03-13,16.7639,17.1519,15.4105,17.1519,0.370,25.059
2020-03-16,16.7098,16.7098,13.9399,14.1564,0.410,24.756
2020-03-17,14.4090,15.8977,13.4256,15.7263,0.520,24.490
2020-03-18,14.6165,15.5098,12.9113,12.9925,0.362,24.173
2020-03-19,12.9113,14.1474,12.2707,13.4977,0.635,23.881
2020-03-20,13.5158,13.7684,11.2241,11.3233,0.793,23.538
2020-03-23,11.1609,11.2421,10.3128,10.7549,0.510,23.182
2020-03-24,11.2060,12.2256,11.0977,11.7564,0.635,22.855
2020-03-25,11.8917,11.9820,10.8541,11.6842,0.828,22.520
2020-03-26,11.8196,12.6406,11.6120,12.6045,0.620,22.203
2020-03-27,12.2526,12.5594,11.9008,12.4241,0.748,21.889
2020-03-30,12.4962,12.8481,12.0271,12.7940,0.790,21.575
2020-03-31,12.7579,13.5158,12.6406,13.4075,0.456,21.270
2020-04-01,12.7759,13.0083,12.4331,12.8842,0.578,20.966
2020-04-02,12.7940,13.3263,12.5865,13.2271,0.367,20.672
2020-04-03,13.0827,13.4075,12.1083,12.3699,0.409,20.358
2020-04-06,12.9925,13.5248,12.8391,13.3805,0.371,20.077
2020-04-07,13.7955,14.3729,13.4256,13.6241,0.521,19.810
2020-04-08,13.8496,14.2014,13.2451,13.8226,0.335,19.558
2020-04-09,14.3368,15.5639,13.9940,15.4737,0.416,19.351
2020-04-13,15.5639,15.5639,14.3278,14.6256,0.246,19.123
2020-04-14,14.8782,15.2119,14.0842,14.2556,0.333,18.904
2020-04-15,14.0752,14.0752,12.9023,13.0647,0.329,18.655
2020-04-16,13.1098,13.3353,12.0541,12.4421,0.451,18.388
2020-04-17,12.8932,13.9940,12.8932,13.8226,0.465,18.144
2020-04-20,13.3805,14.2376,13.3444,13.6782,0.348,17.898
2020-04-21,13.1098,13.8135,12.9925,13.5880,0.240,17.653
2020-04-22,13.9669,13.9669,13.6692,13.7143,0.390,17.410
2020-04-23,13.6421,14.2647,13.6421,13.8767,0.193,17.172
2020-04-24,13.8767,14.2196,13.8135,13.9579,0.266,16.937
2020-04-27,14.0752,15.4421,14.0752,15.2030,0.486,16.722
2020-04-28,15.8256,16.0692,15.3023,15.5459,0.278,16.522
2020-04-29,16.3038,16.9534,15.9609,16.6737,0.310,16.360
2020-04-30,16.0511,16.0872,15.2481,15.3744,0.276,16.170
2020-05-01,14.8872,14.9349,14.0932,14.5895,0.265,15.966
2020-05-04,14.3368,14.4090,13.7774,14.0391,0.237,15.749
2020-05-05,13.4436,13.7774,11.6211,11.7474,0.636,15.492
2020-05-06,11.7383,11.7383,10.4752,10.5744,0.841,15.228
2020-05-07,10.8361,11.1023,10.2406,10.2857,0.550,14.960
2020-05-08,10.5654,10.7368,10.3489,10.6737,0.694,14.722
2020-05-11,10.6556,10.6602,9.9068,9.9970,0.705,14.481
2020-05-12,9.9158,10.1323,9.3744,9.4015,0.728,14.213
2020-05-13,9.3293,9.3835,8.7519,8.9955,0.636,13.955
2020-05-14,8.7158,9.0135,8.2556,8.9865,0.651,13.698
2020-05-15,8.8962,8.9323,8.5624,8.9053,1.111,13.461
2020-05-18,9.4827,9.9248,9.4647,9.8617,0.908,13.249
2020-05-19,9.6993,9.7353,8.8782,8.8782,0.511,13.070
2020-05-20,9.0226,10.0556,9.0226,9.8707,0.608,12.891
2020-05-21,9.9248,10.0241,9.7083,9.7263,0.317,12.743
2020-05-22,9.8165,9.8165,9.2481,9.4647,0.392,12.618
2020-05-26,9.9699,10.2496,9.8075,10.0962,0.647,12.476
2020-05-27,10.6466,11.2421,10.3128,11.1609,0.561,12.416
2020-05-28,11.3414,11.3414,10.2677,10.3308,0.384,12.309
2020-05-29,10.2406,10.2947,9.7083,9.7624,0.799,12.244
2020-06-01,9.8617,10.2857,9.6632,9.7083,0.529,12.168
2020-06-02,9.9158,10.3128,9.6722,9.6812,0.532,12.135
2020-06-03,10.0692,10.8812,10.0286,10.7278,0.696,12.135
2020-06-04,10.5654,10.9624,10.3489,10.8541,0.672,12.117
2020-06-05,11.6662,12.4331,11.6211,12.0451,0.643,12.124
2020-06-08,12.5955,13.3891,12.5501,12.9654,0.540,12.131
2020-06-09,12.3880,12.6316,11.7474,12.2075,0.589,12.127
2020-06-10,12.2075,12.2075,10.9895,10.9895,0.453,12.091
2020-06-11,10.1774,10.2316,9.7940,9.8436,0.635,12.019
2020-06-12,10.6015,10.7820,9.8517,10.2226,1.052,11.966
2020-06-15,9.6541,10.5429,9.5910,10.4030,0.665,11.910
2020-06-16,10.8902,11.0436,10.4211,10.7008,0.671,11.876
2020-06-17,10.7549,10.7684,9.7218,9.8707,1.023,11.806
2020-06-18,9.7173,10.4932,9.6722,10.2226,0.580,11.738
2020-06-19,10.2857,10.3669,9.7805,10.0692,1.137,11.663
2020-06-22,10.0511,10.1323,9.8346,10.0331,0.927,11.554
2020-06-23,10.2767,10.4481,9.8075,9.8977,0.537,11.460
2020-06-24,9.7444,9.7444,9.3023,9.3113,0.724,11.361
2020-06-25,9.1579,9.6812,9.0316,9.6722,0.660,11.293
2020-06-26,9.4864,9.5880,8.9599,9.3293,1.451,11.231
2020-06-29,9.5787,10.2207,9.4217,10.1329,0.927,11.157
2020-06-30,10.0406,10.2900,9.9113,10.1791,1.087,11.087
2020-07-01,10.2715,10.3639,9.4032,9.4217,0.578,11.004
2020-07-02,9.7542,9.9297,9.2277,9.2739,0.517,10.915
2020-07-06,9.5695,9.8281,9.4402,9.5141,0.542,10.828
2020-07-07,9.4032,9.4586,9.1261,9.1723,0.565,10.732
2020-07-08,9.1076,9.3016,8.7843,9.0337,0.516,10.608
2020-07-09,9.0337,9.0522,8.5165,8.5996,0.538,10.470
2020-07-10,8.5627,9.1076,8.5534,9.0984,0.392,10.318
2020-07-13,9.2647,9.4402,8.9045,9.2462,0.499,10.195
2020-07-14,9.1908,9.4032,8.8675,8.9968,0.438,10.084
2020-07-15,9.3293,9.8835,9.3293,9.8004,0.544,9.999
2020-07-16,9.7173,10.0498,9.4956,9.5695,0.433,9.955
2020-07-17,9.5418,9.5695,9.0845,9.1446,0.461,9.927
2020-07-20,9.0892,9.1815,8.8860,8.8860,0.471,9.899
2020-07-21,9.0245,9.8651,9.0078,9.8558,0.546,9.882
2020-07-22,9.6896,9.8374,9.5279,9.6619,0.510,9.876
2020-07-23,9.6619,10.1514,9.6526,10.1422,0.427,9.890
2020-07-24,10.0221,10.1653,9.9020,9.9667,0.326,9.910
2020-07-27,9.8743,9.8835,9.5602,9.7727,0.781,9.926
2020-07-28,9.6526,9.9390,9.6526,9.7819,0.289,9.943
2020-07-29,9.7173,10.0683,9.4217,10.0221,0.506,9.946
2020-07-30,9.5695,9.6988,8.8259,9.0153,0.933,9.949
2020-07-31,9.0245,9.2000,8.7843,9.2000,0.748,9.936
2020-08-03,9.4771,9.4771,8.8490,8.8490,0.709,9.918
2020-08-04,8.8121,8.9321,8.6227,8.6643,0.559,9.902
2020-08-05,8.7382,9.0799,8.6273,9.0707,0.457,9.882
2020-08-06,9.0153,9.0892,8.8167,8.8952,0.284,9.836
2020-08-07,8.8675,9.6619,8.7104,9.6619,0.610,9.823
2020-08-10,9.6341,10.4008,9.6341,9.8743,0.710,9.825
2020-08-11,10.0960,10.3084,9.7450,9.7727,0.524,9.826
2020-08-12,10.0590,10.0590,9.3016,9.5972,0.481,9.825
2020-08-13,9.4679,9.5325,9.1446,9.1723,0.385,9.794
2020-08-14,9.0153,9.3663,8.9090,9.2277,0.319,9.761
2020-08-17,9.2277,9.2277,8.8952,8.9691,0.425,9.700
2020-08-18,8.9598,8.9598,8.6273,8.7012,0.438,9.614
2020-08-19,8.7012,9.0430,8.6643,8.8490,0.438,9.547
2020-08-20,8.7289,8.8305,8.5996,8.6366,0.368,9.500
2020-08-21,8.5534,8.7012,8.3779,8.4241,0.431,9.472
2020-08-24,8.4888,8.7474,8.3410,8.7474,0.574,9.442
2020-08-25,8.8398,8.9183,8.5432,8.7382,0.304,9.409
2020-08-26,8.7751,8.7751,8.4333,8.4426,0.247,9.364
2020-08-27,8.4518,8.7659,8.4518,8.6088,0.337,9.339
2020-08-28,8.7289,8.7289,8.5165,8.6458,0.285,9.307
2020-08-31,8.6181,8.6569,8.4333,8.4795,0.844,9.275
2020-09-01,8.4056,8.5349,8.3410,8.4703,0.439,9.244
2020-09-02,8.4241,8.6458,8.3687,8.5165,0.420,9.216
2020-09-03,8.5996,8.9691,8.5535,8.6366,0.382,9.203
2020-09-04,8.9229,8.9968,8.6458,8.8952,0.440,9.187
2020-09-08,8.8675,9.0522,8.8028,8.8213,0.753,9.177
2020-09-09,8.8582,9.0522,8.7012,8.7197,0.560,9.149
2020-09-10,8.7012,8.8398,8.5165,8.5904,0.630,9.117
2020-09-11,8.5996,8.8305,8.5627,8.8213,0.601,9.105
2020-09-14,8.7751,9.3293,8.7382,9.2831,0.734,9.105
2020-09-15,9.2739,9.5418,9.2277,9.2924,0.544,9.101
2020-09-16,9.2924,9.6157,9.2277,9.4956,0.817,9.107
2020-09-17,9.2924,9.6757,9.2647,9.6249,0.573,9.119
2020-09-18,9.6434,9.6434,9.3201,9.4402,1.844,9.136
2020-09-21,9.1380,9.2690,8.8013,8.9229,0.653,9.132
2020-09-22,8.9697,9.0913,8.5020,8.5020,0.885,9.118
2020-09-23,8.5020,8.7545,8.1466,8.1466,0.744,9.101
2020-09-24,8.1840,8.6891,7.9969,8.5675,0.604,9.076
2020-09-25,8.6517,9.0538,8.6423,8.8013,0.593,9.060
2020-09-28,8.9042,9.3111,8.9042,9.2035,0.571,9.062
2020-09-29,9.1567,9.2783,9.0258,9.1848,0.341,9.068
2020-09-30,9.2409,9.7086,9.2222,9.4560,0.707,9.060
2020-10-01,9.5215,9.6524,9.1661,9.5683,0.665,9.058
2020-10-02,9.3344,9.9611,9.2222,9.9611,0.679,9.054
2020-10-05,9.9985,10.1669,9.8863,9.9705,0.484,9.054
2020-10-06,10.1575,10.4194,9.8582,9.9050,0.701,9.057
2020-10-07,10.0359,10.3165,9.9571,10.2136,0.587,9.066
2020-10-08,10.3633,10.5691,10.2555,10.4942,0.304,9.075
2020-10-09,10.6158,10.6813,10.2510,10.2698,0.253,9.100
2020-10-12,10.2136,10.4942,10.1295,10.4849,0.248,9.126
2020-10-13,10.3446,10.4475,10.0079,10.0172,0.318,9.149
2020-10-14,10.0546,10.1201,9.8021,9.8489,0.289,9.173
2020-10-15,9.6899,10.0640,9.6431,9.9892,0.261,9.191
2020-10-16,10.0079,10.4672,10.0079,10.2885,0.413,9.219
2020-10-19,10.3726,10.5036,10.1295,10.1482,0.192,9.229
2020-10-20,10.2698,10.4942,10.2510,10.3352,0.320,9.238
2020-10-21,10.3820,10.4942,10.2136,10.4662,0.271,9.252
2020-10-22,10.4942,11.0554,10.3913,11.0274,0.585,9.280
2020-10-23,11.1957,11.3766,10.9619,11.1957,0.289,9.321
2020-10-26,11.1302,11.1770,10.7748,11.0835,0.314,9.358
2020-10-27,12.3929,12.7250,11.8691,12.4397,1.082,9.427
2020-10-28,12.2152,12.3181,11.4015,11.7850,0.999,9.489
2020-10-29,11.6727,12.0188,11.3641,11.8504,0.499,9.549
2020-10-30,11.7756,12.3181,11.7288,12.1871,0.375,9.620
2020-11-02,12.4958,12.5005,12.2386,12.3368,0.300,9.698
2020-11-03,12.6829,12.8663,12.5239,12.7577,0.340,9.779
2020-11-04,12.4116,12.5426,11.5137,11.5885,0.447,9.836
2020-11-05,11.6914,12.3087,11.6793,12.1497,0.335,9.910
2020-11-06,12.2713,12.4958,11.9440,11.9814,0.303,9.977
2020-11-09,13.0757,15.0866,13.0663,14.5254,0.672,10.095
2020-11-10,14.7406,15.3298,14.3571,15.2082,0.555,10.229
2020-11-11,15.2737,15.2737,14.3384,14.6377,0.316,10.353
2020-11-12,14.3197,14.4974,13.8707,14.0578,0.456,10.464
2020-11-13,14.2448,14.7218,14.1794,14.6096,0.267,10.583
2020-11-16,15.3766,15.8255,15.1848,15.6665,0.468,10.718
2020-11-17,15.2176,15.9003,14.9276,15.7975,0.458,10.858
2020-11-18,16.0219,16.4054,15.7413,15.7600,0.374,10.999
2020-11-19,15.5356,15.9565,15.3953,15.9097,0.323,11.145
2020-11-20,15.7600,15.9565,15.5823,15.9284,0.255,11.287
2020-11-23,16.0874,16.4989,15.9845,16.1903,0.379,11.425
2020-11-24,16.7515,17.2098,16.6346,16.7141,0.675,11.574
2020-11-25,16.6954,16.8357,16.3586,16.4896,0.296,11.714
2020-11-27,16.4615,16.6392,16.1669,16.4896,0.164,11.851
2020-11-30,16.2932,16.4709,15.2550,15.3392,0.399,11.969
2020-12-01,15.8442,16.0781,15.6385,15.6665,0.381,12.104
2020-12-02,15.6478,16.2979,15.5997,16.2651,0.226,12.259
2020-12-03,16.3961,16.7421,16.3399,16.4428,0.343,12.425
2020-12-04,16.5551,17.3127,16.5551,17.3127,0.199,12.600
2020-12-07,17.3033,17.3314,16.7889,17.2378,0.274,12.769
2020-12-08,16.9479,17.4343,16.9479,17.3968,0.275,12.933
2020-12-09,17.7897,17.9954,17.2846,17.6400,0.293,13.102
2020-12-10,17.3407,17.7616,17.1630,17.6400,0.246,13.265
2020-12-11,17.4436,17.6587,17.2659,17.3127,0.176,13.420
2020-12-14,17.5652,17.6026,17.0508,17.1163,0.234,13.563
2020-12-15,17.2566,17.5371,16.8918,17.3407,0.278,13.711
2020-12-16,17.3423,17.4177,17.0222,17.0975,0.254,13.855
2020-12-17,17.0693,17.1870,16.4573,16.4950,0.345,13.980
2020-12-18,16.5421,16.7209,15.7230,15.7606,1.344,14.086
2020-12-21,15.7983,16.3349,15.5535,16.0713,0.396,14.202
2020-12-22,16.1655,16.2879,15.5158,15.5158,0.174,14.302
2020-12-23,15.7324,16.6739,15.5158,16.6080,0.255,14.434
2020-12-24,16.6645,16.7115,16.1466,16.5891,0.101,14.569
2020-12-28,16.7398,16.8810,16.4479,16.5797,0.315,14.701
2020-12-29,16.5703,16.5703,15.7418,15.9395,0.220,14.814
2020-12-30,16.0148,16.2784,15.9018,16.1937,0.131,14.935
2020-12-31,16.1937,16.3265,15.9772,16.1184,0.230,15.050
2021-01-04,16.3067,16.3538,15.6524,15.8642,0.401,15.158
2021-01-05,15.8359,17.3047,15.8359,17.1635,0.520,15.281
2021-01-06,17.6530,18.7828,17.6530,18.3027,0.700,15.423
2021-01-07,18.5663,18.7169,18.3592,18.5851,0.304,15.573
2021-01-08,18.6793,18.6793,17.8037,18.2179,0.211,15.689
2021-01-11,17.8602,18.5663,17.8602,18.5474,0.182,15.824
2021-01-12,18.4910,18.7828,18.3592,18.6793,0.325,15.960
2021-01-13,17.7848,18.1614,17.5024,17.9543,0.372,16.076
2021-01-14,18.1709,18.5851,17.9355,18.4533,0.198,16.198
2021-01-15,17.9543,18.1709,17.8131,17.9637,0.331,16.302
2021-01-19,18.1709,18.2462,17.7660,18.1709,0.297,16.434
2021-01-20,18.1426,18.2085,17.8225,17.9449,0.334,16.550
2021-01-21,17.9449,18.0108,17.3329,17.6907,0.411,16.664
2021-01-22,17.3235,18.1614,17.1164,18.1332,0.288,16.736
2021-01-25,17.9072,18.0579,17.2482,17.8696,0.337,16.789
2021-01-26,17.8696,17.8696,16.2690,16.9469,0.901,16.836
2021-01-27,16.5327,16.5891,15.9301,16.2408,0.738,16.879
2021-01-28,16.5138,16.5138,15.9018,16.4197,0.539,16.915
2021-01-29,16.5232,16.5232,15.5158,15.6100,0.707,16.914
2021-02-01,15.7324,15.8265,15.3934,15.8171,0.303,16.915
2021-02-02,16.1090,16.1561,15.7418,16.0337,0.764,16.920
2021-02-03,15.9678,16.4385,15.8548,16.3820,0.515,16.930
2021-02-04,16.4479,17.3235,16.3820,17.1352,0.441,16.954
2021-02-05,17.4177,17.9261,17.2953,17.7943,0.527,16.986
2021-02-08,18.0390,19.2536,17.9261,19.1500,0.583,17.035
2021-02-09,18.9335,19.7431,18.5192,19.5925,0.413,17.097
2021-02-10,19.7149,19.7714,19.0464,19.1594,0.275,17.150
2021-02-11,19.0653,19.3854,18.2556,18.6039,0.357,17.215
2021-02-12,18.5474,18.8111,17.9072,18.0955,0.342,17.264
2021-02-16,18.3215,18.4439,17.7848,18.4251,0.391,17.307
2021-02-17,18.2744,18.5474,18.1144,18.2085,0.208,17.342
2021-02-18,18.0673,18.2179,17.6719,17.6719,0.355,17.350
2021-02-19,17.8413,19.0182,17.8413,18.8581,0.422,17.382
2021-02-22,18.7734,19.5831,18.6981,19.4042,0.241,17.422
2021-02-23,19.5078,19.8467,19.1123,19.4230,0.307,17.458
2021-02-24,19.6208,20.2610,19.6208,19.8844,0.251,17.503
2021-02-25,20.0538,20.2610,19.4136,19.4325,0.336,17.545
2021-02-26,19.3006,19.5784,18.7828,18.9805,0.323,17.582
2021-03-01,19.3760,19.7526,19.2959,19.5925,0.178,17.627
2021-03-02,19.5172,19.7526,19.3477,19.5266,0.162,17.676
2021-03-03,19.6396,20.7694,19.6396,20.0821,0.224,17.748
2021-03-04,20.0162,20.7505,19.8091,20.2798,0.349,17.838
2021-03-05,20.8729,20.9671,20.0821,20.7882,0.313,17.932
2021-03-08,21.1931,22.3605,21.1460,22.1534,0.404,18.065
2021-03-09,21.8521,22.1722,21.2401,21.8239,0.691,18.170
2021-03-10,21.8333,22.4876,21.6356,22.3040,0.381,18.284
2021-03-11,22.2664,22.5206,22.0592,22.5017,0.260,18.402
2021-03-12,22.6241,23.4056,22.6147,22.9536,0.286,18.543
2021-03-15,23.0101,23.0101,21.9894,22.3323,0.257,18.665
2021-03-16,22.2946,22.4076,21.6544,22.2852,0.352,18.789
2021-03-17,22.4829,22.7465,21.9933,22.1722,0.282,18.915
2021-03-18,22.4829,23.2926,22.1581,22.2852,0.483,19.017
2021-03-19,22.1063,22.3134,21.2119,22.0781,0.781,19.093
2021-03-22,21.5630,21.5630,20.8530,21.0518,0.287,19.142
2021-03-23,20.7205,20.9666,20.1999,20.3892,0.255,19.186
2021-03-24,20.7679,21.6434,20.3040,20.3324,0.291,19.221
2021-03-25,20.2378,21.1559,20.0201,21.0613,0.333,19.269
2021-03-26,21.5346,21.7050,21.1938,21.6103,0.263,19.342
2021-03-29,21.2222,21.7523,20.6637,20.9098,0.248,19.391
2021-03-30,21.1370,21.5440,21.0944,21.3737,0.206,19.459
2021-03-31,21.2790,21.5914,21.0708,21.1276,0.346,19.518
2021-04-01,21.0802,21.4778,20.6448,21.2033,0.188,19.584
2021-04-05,21.5630,21.7523,21.0802,21.3926,0.219,19.658
2021-04-06,21.3926,21.6860,21.0518,21.1559,0.172,19.718
2021-04-07,21.1938,21.3926,20.8663,21.0802,0.227,19.782
2021-04-08,21.0613,21.1891,20.5376,21.1465,0.205,19.866
2021-04-09,21.3358,21.3926,20.9950,21.2885,0.163,19.967
2021-04-12,21.4115,21.4683,21.0708,21.3547,0.242,20.066
2021-04-13,21.1370,21.1370,19.9443,20.2094,0.365,20.158
2021-04-14,20.2094,21.1276,20.2094,20.9004,0.181,20.260
2021-04-15,20.8436,21.0234,20.3987,20.9572,0.169,20.358
2021-04-16,21.3358,21.3642,20.8246,21.1465,0.151,20.453
2021-04-19,20.9950,21.4305,20.8246,20.9382,0.146,20.529
2021-04-20,20.7868,21.5251,19.8781,20.0201,0.245,20.574
2021-04-21,19.9349,20.6543,19.8781,20.6164,0.194,20.603
2021-04-22,20.5407,20.7395,20.2851,20.2946,0.138,20.617
2021-04-23,20.3798,21.8091,20.3798,21.5156,0.298,20.664
2021-04-26,21.4494,21.9037,21.4494,21.5440,0.452,20.723
2021-04-27,21.6576,21.7618,21.0608,21.2317,0.219,20.786
2021-04-28,21.1749,21.6198,21.0802,21.4494,0.183,20.846
2021-04-29,22.0836,22.7273,21.8328,22.0647,0.394,20.924
2021-04-30,21.4021,21.8564,20.8625,21.0045,0.616,20.990
2021-05-03,21.2033,21.8753,21.0424,21.7239,0.418,21.048
2021-05-04,22.3865,23.0207,21.9511,22.9166,0.395,21.118
2021-05-05,22.8598,23.2763,22.6705,23.1911,0.316,21.193
2021-05-06,23.5035,23.5792,22.8456,23.5508,0.334,21.266
2021-05-07,23.1343,23.6738,22.9166,23.5224,0.273,21.348
2021-05-10,23.6738,24.0809,23.2857,23.3047,0.446,21.435
2021-05-11,23.1627,23.9578,23.0827,23.7590,0.315,21.518
2021-05-12,24.0335,24.4406,23.5886,23.7306,0.439,21.602
2021-05-13,23.6265,25.1789,23.5602,25.1032,0.509,21.703
2021-05-14,25.2262,25.3198,24.4216,25.0180,0.228,21.797
2021-05-17,24.8855,25.2168,24.4216,25.0748,0.229,21.883
2021-05-18,25.0369,25.4154,24.7908,25.1884,0.327,21.944
2021-05-19,25.1789,26.2675,24.7769,25.5102,0.973,22.018
2021-05-20,25.5291,25.7563,25.2830,25.5575,0.303,22.083
2021-05-21,25.7563,26.1633,25.5954,25.7752,0.228,22.148
2021-05-24,25.7184,26.0024,25.3493,25.6900,0.513,22.203
2021-05-25,25.7090,25.8794,24.7056,24.7719,0.672,22.252
2021-05-26,24.8287,25.1032,24.5731,24.9896,0.478,22.306
2021-05-27,25.5007,26.1728,25.3399,26.1444,0.401,22.385
2021-05-28,26.2485,26.3242,25.6569,26.2675,0.232,22.465
2021-06-01,26.3242,26.9017,26.2675,26.6272,0.350,22.556
2021-06-02,26.7691,26.7691,26.3716,26.5041,0.196,22.665
2021-06-03,26.4757,26.7691,26.2865,26.5230,0.217,22.787
2021-06-04,26.4568,26.6650,26.1775,26.6461,0.211,22.914
2021-06-07,26.6650,27.3465,26.5230,27.0247,0.387,23.033
2021-06-08,26.7597,27.2708,26.4236,27.0815,0.246,23.142
2021-06-09,26.8165,26.9490,26.4946,26.5041,0.349,23.254
2021-06-10,26.8638,26.9585,26.0024,26.0687,0.278,23.348
2021-06-11,26.2012,26.5325,26.1255,26.3810,0.218,23.453
2021-06-14,26.4094,26.7029,25.7468,25.8510,0.316,23.546
2021-06-15,25.8794,26.5893,25.8794,26.4568,0.223,23.648
2021-06-16,26.2769,27.2519,25.9267,27.1099,0.327,23.767
2021-06-17,27.3371,27.3371,25.9929,26.0781,0.285,23.867
2021-06-18,25.5859,26.0213,25.2215,25.5575,0.752,23.955
2021-06-21,25.7563,26.8922,25.7563,26.4284,0.461,24.058
2021-06-22,26.3621,26.5988,26.0308,26.4284,0.258,24.159
2021-06-23,26.6461,26.9774,26.5041,26.5325,0.253,24.286
2021-06-24,26.7975,26.8543,26.4473,26.7975,0.254,24.403
2021-06-25,26.9490,27.2519,26.3148,26.3905,0.868,24.512
2021-06-28,26.4406,26.5261,25.5278,25.8226,0.441,24.606
2021-06-29,26.1648,26.4215,25.8606,25.9367,0.378,24.706
2021-06-30,25.7655,26.2694,25.7655,26.0603,0.356,24.826
2021-07-01,26.2409,26.4310,26.1268,26.4310,0.294,24.943
2021-07-02,26.3550,26.6973,26.0080,26.5166,0.333,25.067
2021-07-06,26.3740,26.5927,26.0222,26.3930,0.664,25.165
2021-07-07,26.0412,26.9254,26.0412,26.2029,0.680,25.258
2021-07-08,25.6704,26.1268,25.4708,25.8701,0.807,25.351
2021-07-09,26.4691,26.7353,25.8796,26.0983,0.634,25.444
2021-07-12,25.8416,26.3550,25.6039,26.2409,0.938,25.527
2021-07-13,26.2789,26.3502,25.7655,25.9557,0.641,25.626
2021-07-14,25.8796,26.2789,25.6514,25.9937,0.269,25.712
2021-07-15,25.8035,26.7163,25.8035,26.2504,0.409,25.778
2021-07-16,26.5451,26.5832,25.4232,25.4708,0.233,25.824
2021-07-19,24.7767,25.2236,24.3156,24.9859,0.541,25.853
2021-07-20,24.8908,26.3265,24.8433,25.6704,0.440,25.896
2021-07-21,25.6609,26.9159,25.4898,26.9159,0.473,25.968
2021-07-22,27.0966,27.0966,25.6514,25.7560,0.323,26.008
2021-07-23,25.9937,26.3455,25.6752,25.9652,0.297,26.052
2021-07-26,26.1078,26.5737,26.0032,26.1743,0.343,26.074
2021-07-27,25.7845,25.9367,25.5516,25.8035,0.352,26.089
2021-07-28,25.9937,26.1173,25.5564,25.8321,0.337,26.105
2021-07-29,26.1553,26.3074,25.8131,25.8796,0.398,26.118
2021-07-30,25.8986,26.2409,25.5754,25.7085,0.550,26.122
2021-08-02,25.9557,26.6592,25.6990,25.7845,0.311,26.127
2021-08-03,25.8891,26.6497,25.3567,26.5166,0.289,26.142
2021-08-04,26.0698,26.6402,25.9842,26.1363,0.203,26.151
2021-08-05,26.1839,26.6212,25.9747,26.2504,0.260,26.180
2021-08-06,26.6497,27.5434,26.6402,27.2107,0.247,26.225
2021-08-09,27.0395,27.3153,26.7258,26.8209,0.184,26.238
2021-08-10,26.6973,27.2107,26.5451,27.1821,0.269,26.257
2021-08-11,26.0127,26.7258,25.4423,26.7068,0.332,26.258
2021-08-12,26.9920,27.0015,26.1078,26.1458,0.319,26.251
2021-08-13,26.0412,26.0507,25.4613,25.5468,0.201,26.231
2021-08-16,25.1285,25.3092,24.5010,25.1665,0.328,26.202
2021-08-17,24.9384,25.1665,24.4725,24.7577,0.229,26.157
2021-08-18,24.6721,25.0049,24.3774,24.3869,0.187,26.103
2021-08-19,24.0351,24.3251,23.6643,23.9686,0.268,26.052
2021-08-20,23.9496,24.4820,23.8260,24.4820,0.211,26.020
2021-08-23,24.7007,24.9193,24.4820,24.8338,0.204,25.989
2021-08-24,24.8433,24.9859,24.6436,24.7672,0.153,25.968
2021-08-25,24.8258,24.9882,24.5010,24.5010,0.343,25.928
2021-08-26,24.3673,24.4533,23.6041,23.7464,0.334,25.861
2021-08-27,23.8801,24.4724,23.8419,24.3768,0.342,25.827
2021-08-30,24.5488,24.5488,23.7942,23.7942,0.255,25.792
2021-08-31,24.2718,24.7255,24.1953,24.4819,0.297,25.753
2021-09-01,24.4055,24.4055,23.7464,24.1667,0.222,25.708
2021-09-02,24.2240,24.4437,24.0903,24.0903,0.275,25.659
2021-09-03,24.0712,24.2431,23.7655,24.1189,0.312,25.605
2021-09-07,24.2527,24.9309,24.2527,24.4628,0.425,25.567
2021-09-08,24.2718,24.4437,23.6222,23.6509,0.310,25.523
2021-09-09,23.5363,23.7177,23.1733,23.3643,0.266,25.472
2021-09-10,23.5076,23.7942,23.0587,23.0969,0.282,25.413
2021-09-13,23.2688,23.8706,23.2354,23.5363,0.285,25.355
2021-09-14,23.5554,23.6127,22.7912,22.8963,0.234,25.282
2021-09-15,22.8676,23.3452,22.8676,23.2497,0.337,25.219
2021-09-16,23.4980,23.5458,22.8390,22.9345,0.325,25.154
2021-09-17,23.1255,23.6031,22.8676,23.6031,1.846,25.109
2021-09-20,22.8485,23.1924,22.1130,23.1160,0.530,25.049
2021-09-21,23.2401,23.5171,22.7625,23.2879,0.378,24.990
2021-09-22,23.6700,24.0425,23.6318,23.6891,0.308,24.945
2021-09-23,24.0330,24.7876,23.9518,24.6252,0.379,24.917
2021-09-24,24.6061,25.2747,24.5918,25.1506,0.267,24.895
2021-09-27,25.6186,26.3541,25.3989,26.1535,0.283,24.909
2021-09-28,26.1726,26.3828,25.8956,26.0198,0.350,24.930
2021-09-29,26.0293,26.1917,25.6186,26.0962,0.195,24.938
2021-09-30,26.2681,26.2681,25.6568,25.7714,0.243,24.915
2021-10-01,25.9529,26.2299,25.4753,25.8670,0.296,24.917
2021-10-04,25.9338,26.1153,25.5613,25.6759,0.169,24.912
2021-10-05,25.8383,26.1010,25.5279,25.9816,0.260,24.908
2021-10-06,25.7141,25.9052,25.1506,25.8670,0.146,24.909
2021-10-07,26.0675,26.1631,25.6090,26.0484,0.161,24.913
2021-10-08,25.8861,26.2204,25.8479,26.0007,0.094,24.916
2021-10-11,26.0675,26.1058,25.4180,25.4276,0.157,24.910
2021-10-12,25.4323,25.7905,25.2174,25.6759,0.114,24.908
2021-10-13,25.7428,25.7428,24.9309,25.2461,0.149,24.883
2021-10-14,25.5899,25.8861,25.3464,25.8001,0.143,24.876
2021-10-15,26.2586,26.2586,25.8001,25.8192,0.250,24.867
2021-10-18,25.7237,26.0293,25.5995,25.6282,0.108,24.836
2021-10-19,25.8001,25.8483,25.3607,25.7332,0.131,24.814
2021-10-20,25.6186,26.2204,25.5708,26.2013,0.185,24.794
2021-10-21,25.8383,26.8986,25.6950,26.5069,0.439,24.790
2021-10-22,27.0610,27.3571,26.6407,27.0896,0.277,24.809
2021-10-25,27.3475,27.3666,26.6407,26.9654,0.261,24.838
2021-10-26,26.9272,26.9941,26.4210,26.4783,0.179,24.864
2021-10-27,26.3159,26.3828,25.5804,25.6090,0.220,24.881
2021-10-28,25.8287,26.2299,25.8287,26.2108,0.137,24.917
2021-10-29,26.1726,26.3923,25.8670,25.9338,0.267,24.957
2021-11-01,26.2586,27.1278,26.1822,27.1183,0.299,25.009
2021-11-02,27.1278,27.2711,26.2586,26.3541,0.182,25.040
2021-11-03,26.2681,27.1660,26.1440,26.9463,0.179,25.083
2021-11-04,26.8604,26.8604,25.8861,26.6693,0.206,25.127
2021-11-05,26.9559,27.3380,26.7935,27.2807,0.221,25.197
2021-11-08,27.5577,27.7392,27.0371,27.2711,0.122,25.255
2021-11-09,27.0229,27.1188,26.6392,26.9941,0.146,25.319
2021-11-10,27.0517,27.2339,26.7159,26.7639,0.140,25.365
2021-11-11,26.9749,27.0708,26.5528,26.9941,0.143,25.421
2021-11-12,27.0708,27.1284,26.1787,26.4569,0.211,25.469
2021-11-15,26.4857,26.7735,26.3562,26.5720,0.192,25.518
2021-11-16,26.4377,27.0325,26.1595,27.0229,0.257,25.569
2021-11-17,26.9845,27.0229,26.5528,26.9365,0.202,25.635
2021-11-18,26.9078,27.3107,26.7159,27.2435,0.203,25.712
2021-11-19,26.8118,27.2147,26.3993,27.0996,0.255,25.792
2021-11-22,27.3394,27.9726,27.1668,27.2051,0.315,25.866
2021-11-23,27.4929,27.7423,27.1955,27.6272,0.167,25.960
2021-11-24,27.4162,27.6752,27.2243,27.4833,0.134,26.045
2021-11-26,26.4377,26.7255,25.4784,26.7159,0.375,26.121
2021-11-29,27.1955,27.3586,26.2842,26.2938,0.355,26.174
2021-11-30,25.8621,26.2459,25.5552,25.6223,0.366,26.225
2021-12-01,26.2938,26.8022,25.2866,25.3058,0.215,26.265
2021-12-02,25.6127,26.6871,25.5408,26.2842,0.291,26.317
2021-12-03,26.4857,26.4857,25.8430,26.1403,0.312,26.347
2021-12-06,26.6008,27.5121,26.5720,26.7639,0.292,26.379
2021-12-07,26.9845,26.9845,26.2938,26.4953,0.231,26.386
2021-12-08,26.4857,26.7495,26.1212,26.3610,0.141,26.393
2021-12-09,26.0924,26.4569,25.7998,26.2938,0.145,26.397
2021-12-10,26.5432,26.5816,26.0252,26.5240,0.147,26.412
2021-12-13,26.2459,26.5912,25.7183,26.0060,0.340,26.415
2021-12-14,26.0252,26.9078,25.8717,26.4569,0.365,26.431
2021-12-15,26.5145,27.4641,26.1787,26.8694,0.807,26.448
2021-12-16,27.1476,27.6368,26.7639,27.1188,0.420,26.473
2021-12-17,26.8886,26.8886,25.9389,26.7351,1.432,26.487
2021-12-20,26.1979,26.2363,25.3154,25.9101,0.277,26.485
2021-12-21,26.2363,26.8118,26.2363,26.7639,0.163,26.512
2021-12-22,26.7735,27.1955,26.6104,27.1955,0.119,26.542
2021-12-23,27.3682,27.4833,27.1284,27.2147,0.106,26.582
2021-12-27,27.2243,27.5601,26.9365,27.5505,0.105,26.617
2021-12-28,27.4450,27.6944,27.3203,27.5025,0.141,26.650
2021-12-29,27.6368,27.6512,27.1955,27.4162,0.118,26.686
2021-12-30,27.3682,27.6368,27.1620,27.3394,0.204,26.718
2021-12-31,27.3011,27.4641,26.9749,27.2723,0.120,26.740
2022-01-03,27.5313,28.3083,27.5313,27.9438,0.164,26.768
2022-01-04,28.1165,28.7879,28.1165,28.2412,0.198,26.791
2022-01-05,28.5961,28.7784,27.9917,28.0493,0.225,26.813
2022-01-06,28.4138,29.3731,28.3862,29.1333,0.179,26.866
2022-01-07,29.0949,29.3443,28.8647,29.2676,0.127,26.939
2022-01-10,29.5458,29.7184,28.8935,29.4690,0.227,27.005
2022-01-11,29.4403,29.6225,29.0182,29.4498,0.152,27.075
2022-01-12,29.6609,29.6993,29.2580,29.5266,0.210,27.123
2022-01-13,29.7376,29.9775,29.3156,29.4786,0.152,27.186
2022-01-14,28.9606,30.0254,28.8743,30.0158,0.160,27.247
2022-01-18,29.9775,30.1693,29.3827,29.4594,0.188,27.303
2022-01-19,29.5554,29.5554,28.4810,28.4906,0.176,27.327
2022-01-20,28.7975,30.4859,28.4906,29.1333,0.421,27.364
2022-01-21,29.0949,29.9775,28.3467,28.3467,0.549,27.391
2022-01-24,28.2124,28.8695,27.6757,28.6536,0.400,27.429
2022-01-25,28.3946,28.9798,27.8095,28.5098,0.281,27.459
2022-01-26,28.7784,29.0086,27.6848,28.1356,0.412,27.493
2022-01-27,28.6345,29.0182,27.5121,27.9630,0.477,27.521
2022-01-28,27.7711,27.8431,26.8598,27.7423,0.314,27.535
2022-01-31,27.4545,28.3946,27.3298,28.3850,0.332,27.564
2022-02-01,28.2699,28.7879,28.0397,28.7304,0.274,27.594
2022-02-02,28.6057,29.1141,28.3083,29.0182,0.347,27.632
2022-02-03,29.1333,29.5074,28.7905,28.8743,0.334,27.666
2022-02-04,28.8839,29.3060,28.6057,29.1717,0.202,27.696
2022-02-07,29.0565,29.2474,28.7879,29.2004,0.200,27.731
2022-02-08,29.4211,29.8806,29.2964,29.7376,0.229,27.791
2022-02-09,29.6530,29.8359,28.9981,29.2292,0.181,27.850
2022-02-10,29.0077,29.5856,28.8942,29.4507,0.318,27.927
2022-02-11,29.3159,29.8937,29.1714,29.4122,0.214,28.009
2022-02-14,29.5567,29.8552,28.9884,29.1618,0.225,28.066
2022-02-15,29.4700,30.1056,29.4700,29.9997,0.204,28.143
2022-02-16,29.9034,30.2982,29.9034,30.1056,0.196,28.210
2022-02-17,29.7685,29.9997,29.2196,29.9900,0.334,28.280
2022-02-18,29.7011,30.4042,29.7011,29.9515,0.217,28.352
2022-02-22,30.0093,30.1827,29.4026,29.5952,0.230,28.418
2022-02-23,29.8937,30.1152,28.9114,28.9499,0.174,28.466
2022-02-24,28.1987,28.6417,27.6979,28.5551,0.306,28.517
2022-02-25,28.8536,29.7974,28.7573,29.6626,0.275,28.582
2022-02-28,29.0366,30.1056,28.6610,29.9515,0.347,28.643
2022-03-01,29.6433,29.6819,28.1121,28.4973,0.387,28.671
2022-03-02,28.6706,29.6337,28.6706,29.4507,0.327,28.725
2022-03-03,29.5759,29.7685,29.1136,29.5759,0.285,28.798
2022-03-04,29.0270,29.0655,28.5358,28.8921,0.295,28.841
2022-03-07,28.7092,29.2388,28.0832,28.1121,0.293,28.859
2022-03-08,28.3721,28.9981,28.1409,28.1602,0.366,28.878
2022-03-09,28.9210,29.3255,28.7477,28.7862,0.284,28.903
2022-03-10,28.3913,28.9596,28.2469,28.4877,0.269,28.923
2022-03-11,28.7092,29.1618,28.6032,28.6803,0.188,28.948
2022-03-14,29.1329,29.2918,28.4877,28.7477,0.397,28.976
2022-03-15,29.0559,29.0559,28.5262,28.9403,0.256,29.009
2022-03-16,29.2774,29.6048,28.9210,29.2870,0.268,29.036
2022-03-17,28.9114,28.9114,28.4010,28.8151,0.204,29.048
2022-03-18,28.7958,28.8970,28.1216,28.7284,0.692,29.061
2022-03-21,29.0270,29.1136,28.1698,28.4684,0.186,29.048
2022-03-22,28.7862,29.1618,28.7284,28.9884,0.260,29.042
2022-03-23,28.6995,28.7669,27.5920,27.6594,0.357,29.006
2022-03-24,27.9580,28.1121,27.5053,28.1121,0.240,28.980
2022-03-25,28.2180,28.7766,28.0687,28.7573,0.302,28.964
2022-03-28,28.6225,28.6225,28.0928,28.4491,0.235,28.944
2022-03-29,28.8921,29.2677,28.6032,29.0270,0.301,28.924
2022-03-30,29.0751,29.0751,27.7653,27.9676,0.532,28.894
2022-03-31,27.9580,28.3721,27.8809,27.9002,0.398,28.882
2022-04-01,28.1313,28.3336,27.3705,27.7557,0.355,28.855
2022-04-04,27.7076,27.7846,27.1297,27.5631,0.280,28.839
2022-04-05,27.6787,27.9676,27.0623,27.1490,0.384,28.809
2022-04-06,27.1682,27.2934,26.7541,26.8793,0.358,28.776
2022-04-07,26.8023,26.9178,26.4652,26.6097,0.420,28.746
2022-04-08,26.5808,26.8215,26.2533,26.3593,0.321,28.714
2022-04-11,26.2052,27.0142,26.2052,26.4652,0.331,28.688
2022-04-12,26.3785,27.0334,26.3785,26.6771,0.384,28.654
2022-04-13,26.4845,27.1971,26.4845,27.0912,0.255,28.621
2022-04-14,26.9853,27.4379,26.7830,26.9178,0.299,28.579
2022-04-18,26.6386,26.9371,26.6000,26.8023,0.265,28.538
2022-04-19,27.0430,27.8713,27.0430,27.6979,0.394,28.508
2022-04-20,27.8713,28.4780,27.5535,27.5535,0.338,28.475
2022-04-21,27.2934,27.4572,25.6370,26.0414,0.601,28.401
2022-04-22,25.8296,26.2206,25.3866,25.4251,0.399,28.325
2022-04-25,25.2036,25.3673,24.7124,25.2228,0.517,28.241
2022-04-26,24.9724,25.1939,24.5005,24.5872,0.477,28.144
2022-04-27,24.4620,24.5679,24.0768,24.1442,0.357,28.044
2022-04-28,24.4716,24.5583,24.0094,24.2887,0.311,27.930
2022-04-29,24.1635,24.4331,23.7686,23.8264,0.303,27.804
2022-05-02,23.7493,24.1442,23.3593,23.8456,0.380,27.681
2022-05-03,23.9420,24.3561,23.6049,24.0768,0.320,27.564
2022-05-04,24.1442,25.0158,24.1153,24.9532,0.256,27.471
2022-05-05,24.7317,24.7317,23.9516,24.4235,0.259,27.380
2022-05-06,24.2212,24.5005,23.9131,24.4524,0.317,27.298
2022-05-09,24.1153,24.6257,23.9997,24.2983,0.257,27.191
2022-05-10,24.5102,24.7702,23.7927,24.2020,0.302,27.076
2022-05-11,24.3383,24.5996,23.9512,24.0286,0.259,26.987
2022-05-12,24.0770,24.2028,23.5883,24.1157,0.274,26.880
2022-05-13,24.4254,24.5996,23.8738,23.9706,0.288,26.768
2022-05-16,23.8738,24.5802,23.8061,24.4254,1.599,26.678
2022-05-17,24.8318,25.3738,24.8318,25.3738,0.337,26.624
2022-05-18,25.2867,25.3544,24.6286,24.7447,0.361,26.555
2022-05-19,24.3480,24.6673,24.1060,24.1254,0.353,26.462
2022-05-20,24.2609,24.5415,23.7673,24.3673,0.287,26.380
2022-05-23,24.8512,25.1028,24.5609,24.7254,0.277,26.301
2022-05-24,24.7351,24.8802,24.1544,24.7060,0.275,26.220
2022-05-25,24.6867,25.1028,24.4351,24.5996,0.234,26.133
2022-05-26,24.8706,25.2286,24.8512,25.0738,0.265,26.049
2022-05-27,25.1705,25.4125,25.0641,25.3834,0.150,25.980
2022-05-31,25.0738,25.3931,24.8706,25.2673,0.272,25.911
2022-06-01,25.3447,25.4125,24.7738,25.1609,0.200,25.845
2022-06-02,25.3060,25.7125,24.9093,25.6641,0.237,25.778
2022-06-03,25.6931,25.6931,25.2093,25.3157,0.149,25.731
2022-06-06,25.4705,25.6157,25.3060,25.5480,0.232,25.680
2022-06-07,25.2480,25.6931,25.2286,25.5383,0.163,25.616
2022-06-08,25.3157,25.4609,25.0835,25.2189,0.161,25.551
2022-06-09,25.0641,25.2093,24.5899,24.5899,0.244,25.462
2022-06-10,24.0867,24.3189,23.9028,24.0383,0.191,25.384
2022-06-13,23.5835,24.1254,23.4867,23.6028,0.228,25.298
2022-06-14,23.6415,24.0190,23.5641,23.8351,0.185,25.219
2022-06-15,24.0964,24.2609,23.7190,23.8641,0.274,25.145
2022-06-16,23.5544,23.6773,23.0996,23.3222,0.295,25.069
2022-06-17,23.6512,23.8593,23.3551,23.3996,0.652,24.999
2022-06-21,23.8738,24.1254,23.5738,24.0577,0.255,24.948
2022-06-22,23.7770,24.0867,23.6899,23.9802,0.164,24.901
2022-06-23,23.8061,23.9125,23.3125,23.5157,0.244,24.842
2022-06-24,23.6609,24.5996,23.6609,24.5222,0.845,24.799
2022-06-27,24.7254,24.9189,24.1254,24.4641,0.240,24.746
2022-06-28,24.6577,24.7931,24.2899,24.3673,0.251,24.695
2022-06-29,24.5415,24.5415,24.0286,24.0867,0.225,24.641
2022-06-30,23.8254,24.2319,23.6222,23.9706,0.278,24.566
2022-07-01,23.8254,24.5028,23.7383,24.3964,0.207,24.503
2022-07-05,23.9222,24.3867,23.4480,24.3770,0.318,24.470
2022-07-06,24.2222,24.3577,23.8641,24.2802,0.239,24.447
2022-07-07,24.4738,24.7157,24.2899,24.3189,0.204,24.429
2022-07-08,24.4544,24.4544,24.0190,24.3577,0.215,24.424
2022-07-11,24.1641,24.3160,23.9899,24.1157,0.108,24.424
2022-07-12,23.9125,24.4544,23.9125,24.0383,0.206,24.419
2022-07-13,23.8931,23.8931,23.3706,23.4577,0.206,24.411
2022-07-14,22.9835,23.2738,22.8577,23.2641,0.191,24.400
2022-07-15,23.6899,24.0480,23.3706,23.9415,0.202,24.397
2022-07-18,24.1544,24.4544,23.9512,24.0383,0.168,24.379
2022-07-19,24.3286,24.9576,24.1544,24.8415,0.215,24.387
2022-07-20,24.8996,26.3308,24.5028,26.2641,0.425,24.423
2022-07-21,26.5931,26.9028,26.1867,26.4867,0.322,24.467
2022-07-22,26.4383,26.5931,25.8673,26.0318,0.242,24.504
2022-07-25,26.2157,26.4867,25.8480,25.9834,0.417,24.543
2022-07-26,25.9834,26.2157,25.9254,26.1867,0.305,24.584
2022-07-27,26.2931,26.9995,26.2544,26.8544,0.291,24.642
2022-07-28,26.8641,26.9850,26.5060,26.8447,0.324,24.690
2022-07-29,26.7866,27.3576,26.7866,27.2608,0.357,24.728
2022-08-01,26.9995,27.7834,26.9125,27.4931,0.470,24.783
2022-08-02,27.3092,27.6092,27.1254,27.3866,0.356,24.848
2022-08-03,27.5415,27.9770,27.2221,27.9189,0.265,24.919
2022-08-04,27.8028,27.9479,27.6479,27.7641,0.329,24.980
2022-08-05,27.8318,28.2044,27.7834,28.0640,0.261,25.047
2022-08-08,28.1995,28.3447,28.0447,28.1511,0.368,25.118
2022-08-09,28.2382,28.2382,27.7834,28.0157,0.242,25.177
2022-08-10,28.3828,28.7520,28.1787,28.5382,0.258,25.240
2022-08-11,28.9658,28.9852,28.6840,28.7617,0.198,25.310
2022-08-12,28.8589,29.2767,28.7909,29.2767,0.222,25.392
2022-08-15,29.0727,29.4419,29.0241,29.3642,0.268,25.466
2022-08-16,29.2864,29.6168,29.1795,29.4710,0.202,25.549
2022-08-17,29.2184,29.3544,29.0435,29.1407,0.242,25.621
2022-08-18,29.1504,29.2476,28.9463,29.2087,0.204,25.695
2022-08-19,29.1310,29.1795,28.4896,28.7326,0.656,25.765
2022-08-22,28.2467,28.2467,27.8386,27.9066,0.227,25.831
2022-08-23,27.8969,28.2273,27.7269,27.7706,0.136,25.906
2022-08-24,27.5471,28.0038,27.4208,27.9552,0.230,25.993
2022-08-25,28.0135,28.3925,27.9164,28.3342,0.229,26.083
2022-08-26,28.3925,28.4216,27.8513,27.9358,0.233,26.164
2022-08-29,27.6443,27.7415,27.4402,27.4500,0.163,26.247
2022-08-30,27.4888,27.5374,27.0953,27.4985,0.184,26.329
2022-08-31,27.5374,27.5763,27.2653,27.4111,0.248,26.396
2022-09-01,27.4208,27.4208,26.9787,27.2265,0.223,26.461
2022-09-02,27.5277,27.7220,27.0030,27.1584,0.242,26.534
2022-09-06,27.2265,27.3479,26.4394,26.7115,0.313,26.577
2022-09-07,26.5269,27.0710,26.5269,26.9738,0.369,26.628
2022-09-08,26.8378,27.7317,26.6823,27.7317,0.247,26.695
2022-09-09,27.7609,28.2079,27.7609,28.1301,0.202,26.776
2022-09-12,28.2370,28.4508,28.0330,28.2759,0.280,26.862
2022-09-13,28.0427,28.1787,27.1584,27.4402,0.308,26.923
2022-09-14,27.4791,27.7123,27.2362,27.6832,0.308,26.989
2022-09-15,27.7609,28.4508,27.7609,28.3147,0.308,27.070
2022-09-16,28.0718,28.7034,27.7123,28.6743,1.174,27.157
2022-09-19,28.3925,28.9075,28.3828,28.5577,0.446,27.241
2022-09-20,28.3147,28.8783,28.2564,28.8395,0.304,27.335
2022-09-21,29.0046,29.0727,28.5091,28.5577,0.226,27.426
2022-09-22,28.4994,28.4994,27.8386,27.9261,0.176,27.515
2022-09-23,27.5763,27.6443,27.2070,27.5957,0.249,27.602
2022-09-26,27.4694,27.8289,27.3042,27.5277,0.224,27.673
2022-09-27,27.7220,27.7900,26.9350,27.1779,0.204,27.736
2022-09-28,27.2653,27.6491,27.0467,27.3722,0.284,27.787
2022-09-29,27.0613,27.2070,26.6143,26.8864,0.164,27.799
2022-09-30,26.9544,27.1973,26.4491,26.5269,0.313,27.800
2022-10-03,26.7698,27.0516,26.4200,26.8378,0.226,27.816
2022-10-04,27.1390,27.8581,27.0418,27.8289,0.219,27.853
2022-10-05,27.5083,27.6346,27.1487,27.5180,0.146,27.880
2022-10-06,27.5374,27.6443,27.2945,27.5471,0.143,27.893
2022-10-07,27.4694,27.4742,26.8961,27.0516,0.220,27.898
2022-10-10,27.2653,27.5083,27.0321,27.1584,0.191,27.896
2022-10-11,27.1779,27.5083,26.9933,27.1876,0.193,27.889
2022-10-12,27.1196,27.5957,26.7503,27.3528,0.347,27.889
2022-10-13,27.0321,28.9658,26.8767,28.6451,0.322,27.903
2022-10-14,27.4208,27.9504,26.5074,27.2070,0.941,27.892
2022-10-17,27.6929,28.0621,27.3431,27.6443,0.395,27.884
2022-10-18,28.1787,28.2370,27.5957,27.9164,0.403,27.879
2022-10-19,27.7512,27.9941,27.4014,27.8386,0.333,27.876
2022-10-20,27.4500,27.9649,26.5074,26.6143,0.466,27.837
2022-10-21,26.8669,27.7220,26.6629,27.4985,0.446,27.812
2022-10-24,27.6832,28.0621,27.4111,27.8483,0.515,27.783
2022-10-25,27.8095,28.5091,27.6443,28.1981,0.459,27.760
2022-10-26,28.3245,28.3828,27.8192,27.8289,0.403,27.727
2022-10-27,28.1107,28.3245,27.7317,27.9941,0.357,27.704
2022-10-28,28.1690,28.4994,27.8483,28.4411,0.417,27.689
2022-10-31,28.1787,28.6257,28.0427,28.4216,0.340,27.683
2022-11-01,28.5285,28.5285,28.1593,28.1593,0.210,27.688
2022-11-02,28.0038,28.3147,27.3625,27.4111,0.272,27.680
2022-11-03,27.1779,27.1779,26.6240,26.6629,0.218,27.655
2022-11-04,27.3528,27.6540,26.9835,27.6540,0.352,27.641
2022-11-07,27.8289,28.5382,27.7900,28.4799,0.274,27.652
2022-11-08,28.3925,28.5285,27.8969,28.1301,0.191,27.665
2022-11-09,27.8775,28.3828,27.8289,27.9066,0.204,27.674
2022-11-10,28.6451,29.5876,28.6451,29.5196,0.346,27.716
2022-11-11,29.5391,29.8694,29.1310,29.8500,0.351,27.768
2022-11-14,29.8500,30.0541,29.5293,29.5391,0.189,27.816
2022-11-15,29.8889,30.2095,29.3836,29.8986,0.348,27.880
2022-11-16,29.7251,29.8033,29.4368,29.4808,0.218,27.930
2022-11-17,29.0311,29.5785,28.9725,29.4123,0.256,27.963
2022-11-18,29.8815,29.8815,29.3928,29.6078,0.238,27.993
2022-11-21,29.5590,30.0086,29.5590,29.9890,0.188,28.027
2022-11-22,30.0868,30.2970,29.9695,30.1650,0.202,28.082
2022-11-23,30.2627,30.2921,29.9402,30.1454,0.159,28.131
2022-11-25,30.2432,30.5658,30.2432,30.5658,0.092,28.176
2022-11-28,30.3409,30.3409,29.7251,29.8424,0.159,28.199
2022-11-29,29.8229,30.0086,29.6372,29.8718,0.164,28.226
2022-11-30,29.7056,30.5364,29.1924,30.4778,0.351,28.258
2022-12-01,30.5951,30.9177,30.2139,30.8101,0.284,28.303
2022-12-02,30.5462,30.9079,30.5071,30.8590,0.183,28.362
2022-12-05,30.6440,30.6440,28.9529,29.1289,0.270,28.393
2022-12-06,29.2950,29.3732,29.0262,29.3635,0.228,28.429
2022-12-07,29.3244,29.7447,29.2462,29.4514,0.180,28.475
2022-12-08,29.6372,30.0966,29.4612,29.9500,0.190,28.526
2022-12-09,29.9109,30.0379,29.6763,29.8033,0.204,28.585
2022-12-12,29.7545,29.8082,29.2657,29.2755,0.292,28.640
2022-12-13,29.8815,30.0379,28.9334,29.1191,0.316,28.685
2022-12-14,29.1289,29.2755,28.2491,28.2589,0.316,28.694
2022-12-15,27.8581,28.2540,27.8581,27.9461,0.496,28.703
2022-12-16,27.6529,27.9070,27.4574,27.9070,1.672,28.710
2022-12-19,28.0341,28.3762,27.9266,28.3567,0.424,28.736
2022-12-20,28.4837,28.9627,28.4544,28.7868,0.340,28.768
2022-12-21,29.0409,29.2745,28.7868,28.8943,0.261,28.803
2022-12-22,28.7379,28.8454,28.2020,28.7574,0.233,28.831
2022-12-23,28.6792,29.0409,28.6695,28.9138,0.106,28.836
2022-12-27,28.9725,29.1484,28.8356,29.0995,0.192,28.874
2022-12-28,29.0995,29.2364,28.8356,28.8356,0.197,28.898
2022-12-29,29.0898,29.3341,28.9040,29.2657,0.166,28.925
2022-12-30,29.1973,29.3146,29.0898,29.2266,0.165,28.952
2023-01-03,29.4123,29.4710,28.7379,29.0995,0.507,29.002
2023-01-04,29.3341,29.8913,29.1289,29.6665,0.283,29.046
2023-01-05,29.4710,29.4710,29.0800,29.3732,0.167,29.076
2023-01-06,29.6860,30.1259,29.5687,30.0966,0.219,29.114
2023-01-09,30.2530,30.3018,29.4319,29.5785,0.182,29.149
2023-01-10,29.6763,29.9988,29.4417,29.8620,0.169,29.186
2023-01-11,29.9500,30.0672,29.7936,30.0379,0.214,29.218
2023-01-12,30.0477,30.4094,30.0281,30.2627,0.178,29.255
2023-01-13,29.9988,30.2823,29.7642,30.0966,0.383,29.294
2023-01-17,30.0868,30.1063,29.5492,29.5590,0.186,29.337
2023-01-18,29.4123,29.4123,27.8875,27.9363,0.284,29.362
2023-01-19,27.8190,27.9461,27.3694,27.4378,0.250,29.358
2023-01-20,27.7017,27.9168,27.3171,27.8190,0.289,29.345
2023-01-23,27.9461,28.1514,27.8581,27.9559,0.196,29.341
2023-01-24,27.8581,28.0439,27.6920,27.8972,0.242,29.341
2023-01-25,27.8093,27.8190,27.3499,27.4672,0.680,29.300
2023-01-26,29.7154,30.4973,28.8552,30.3018,1.142,29.309
2023-01-27,30.5658,30.5658,29.5101,29.5492,0.286,29.309
2023-01-30,29.5199,30.0868,29.4808,29.6763,0.289,29.305
2023-01-31,29.8620,30.3703,29.8473,30.3507,0.401,29.322
2023-02-01,30.0770,30.0770,28.6792,29.4514,0.474,29.323
2023-02-02,29.4221,30.2530,29.4221,30.2041,0.335,29.335
2023-02-03,30.0672,30.8101,30.0379,30.6928,0.309,29.349
2023-02-06,30.4778,30.6928,29.9109,30.1161,0.424,29.348
2023-02-07,29.9304,30.5706,29.8815,30.4485,0.183,29.354
2023-02-08,30.0868,30.3449,30.0379,30.1845,0.134,29.346
2023-02-09,30.3214,30.3849,30.0281,30.1259,0.345,29.352
2023-02-10,30.1357,30.2041,29.8327,30.0672,0.181,29.356
2023-02-13,30.0184,30.2041,29.9988,30.1845,0.130,29.350
2023-02-14,29.9988,30.1748,29.5492,29.5785,0.164,29.326
2023-02-15,29.3395,30.1753,29.3199,30.0868,0.162,29.310
2023-02-16,29.8017,30.1360,29.5657,29.8902,0.152,29.325
2023-02-17,29.9590,30.0081,29.7230,29.8017,0.239,29.334
2023-02-21,29.6148,29.7869,28.9954,29.0249,0.211,29.326
2023-02-22,29.1036,29.3100,28.8184,29.0347,0.307,29.307
2023-02-23,29.1626,29.3395,28.9561,29.0446,0.135,29.292
2023-02-24,28.7496,28.9069,28.5628,28.8774,0.215,29.284
2023-02-27,29.0642,29.1921,28.6415,28.8479,0.185,29.279
2023-02-28,28.8873,29.0642,28.5726,28.5726,0.243,29.285
2023-03-01,28.4841,28.7398,28.2973,28.6513,0.216,29.299
2023-03-02,28.4055,28.4546,27.9434,28.1007,0.217,29.303
2023-03-03,28.2285,28.2482,27.8352,28.1892,0.181,29.300
2023-03-06,28.1990,28.2285,27.4911,27.6582,0.277,29.277
2023-03-07,27.5599,27.5599,26.7733,26.9896,0.238,29.239
2023-03-08,27.0585,27.1076,26.7831,27.1076,0.238,29.206
2023-03-09,26.8716,26.8716,25.4951,25.5639,0.355,29.139
2023-03-10,24.8954,25.9572,24.1874,25.1412,0.661,29.060
2023-03-13,23.7941,24.8954,22.6536,23.9515,0.818,28.962
2023-03-14,25.5050,25.9277,24.5807,24.7774,0.610,28.872
2023-03-15,23.5975,25.1313,23.2534,24.7282,0.588,28.782
2023-03-16,24.3349,26.3259,24.1088,25.5050,0.628,28.710
2023-03-17,24.8167,24.9052,23.8138,24.0104,1.182,28.597
2023-03-20,24.6692,25.1510,23.9121,23.9220,0.431,28.488
2023-03-21,24.7872,25.5541,24.7184,24.8659,0.313,28.384
2023-03-22,24.9150,25.4558,24.5021,24.5611,0.668,28.283
2023-03-23,24.6495,24.8855,24.0006,24.2661,0.859,28.171
2023-03-24,23.7351,24.8855,23.6860,24.6790,0.330,28.064
2023-03-27,25.0625,25.2985,24.7577,25.1313,0.433,27.962
2023-03-28,25.0822,25.2985,24.9248,25.2198,0.235,27.864
2023-03-29,25.6131,25.6131,24.8708,25.1215,0.299,27.775
2023-03-30,25.1215,25.1903,24.3939,24.6200,0.594,27.709
2023-03-31,24.8855,24.9150,24.4431,24.6397,0.287,27.653
2023-04-03,24.6987,24.7970,24.1579,24.3546,0.401,27.584
2023-04-04,24.3546,24.3546,23.4893,23.8826,0.274,27.502
2023-04-05,23.4992,23.7351,23.4107,23.5287,0.374,27.415
2023-04-06,23.4303,23.6958,23.3713,23.6663,0.292,27.339
2023-04-10,23.5483,23.9465,23.5188,23.6270,0.220,27.205
2023-04-11,23.6172,23.7253,23.3124,23.3124,0.171,27.081
2023-04-12,23.4992,23.5090,22.8994,23.0469,0.175,26.948
2023-04-13,22.9486,23.2435,22.6438,23.0567,0.220,26.802
2023-04-14,23.2534,23.8925,22.5946,22.7716,0.209,26.669
2023-04-17,22.6831,23.1255,22.3291,22.9584,0.350,26.524
2023-04-18,22.9781,22.9781,22.2111,22.3193,0.377,26.356
2023-04-19,22.2800,23.1747,22.0637,22.9682,0.328,26.213
2023-04-20,22.7126,23.1452,22.4668,22.7224,0.330,26.059
2023-04-21,22.5454,22.5454,21.5229,21.5917,0.323,25.887
2023-04-24,21.4934,21.7589,21.3361,21.3459,0.321,25.711
2023-04-25,21.0313,21.1198,20.2348,20.2348,0.377,25.515
2023-04-26,20.2152,20.5741,20.0952,20.3233,0.352,25.317
2023-04-27,20.4020,20.7760,20.4020,20.7461,0.284,25.141
2023-04-28,20.6970,21.2967,20.6970,20.9133,0.265,24.957
2023-05-01,20.9231,21.1591,20.4020,20.4905,0.241,24.769
2023-05-02,20.3922,20.3922,18.9272,18.9960,0.364,24.553
2023-05-03,19.0451,19.9300,19.0451,19.1435,0.485,24.356
2023-05-04,18.7010,18.8977,17.7669,18.6224,0.353,24.147
2023-05-05,19.3106,19.8317,19.1287,19.6547,0.364,23.960
2023-05-08,19.9202,19.9202,18.9763,18.9861,0.295,23.762
2023-05-09,18.8780,19.1533,18.7698,18.8878,0.255,23.562
2023-05-10,19.2221,19.2221,18.6430,18.8092,0.248,23.367
2023-05-11,18.4257,18.6322,18.2487,18.5240,0.211,23.165
2023-05-12,18.6912,18.6912,18.3765,18.6617,0.144,22.976
2023-05-15,18.6813,19.2909,18.6813,19.1533,0.198,22.795
2023-05-16,19.1533,19.3844,18.9665,18.9665,0.187,22.621
2023-05-17,19.3592,20.6882,19.3592,20.5691,0.323,22.493
2023-05-18,20.5295,20.8568,20.4204,20.7774,0.223,22.366
2023-05-19,21.0452,21.0849,20.1427,20.3311,0.284,22.262
2023-05-22,20.4501,20.9956,20.2121,20.9956,0.294,22.179
2023-05-23,21.0551,22.1659,21.0055,21.6998,0.374,22.134
2023-05-24,21.6502,21.6502,21.0749,21.2832,0.301,22.064
2023-05-25,21.1344,21.4617,21.0154,21.1344,0.290,21.992
2023-05-26,21.0650,21.4121,20.9039,21.3824,0.220,21.910
2023-05-30,21.3824,21.4518,20.8568,21.0452,0.276,21.850
2023-05-31,20.9163,20.9857,20.2716,20.2815,0.356,21.777
2023-06-01,20.5196,20.9113,20.1625,20.6584,0.295,21.693
2023-06-02,21.0254,22.3246,21.0055,22.1956,0.330,21.646
2023-06-05,21.9179,22.0463,21.0452,21.4518,0.271,21.590
2023-06-06,21.3824,22.9295,21.3824,22.4237,0.245,21.545
2023-06-07,22.7411,23.6535,22.5328,23.3163,0.288,21.508
2023-06-08,23.2072,23.2072,22.6221,22.9791,0.165,21.463
2023-06-09,23.0089,23.0238,22.5328,22.7114,0.116,21.415
2023-06-12,22.6320,23.1428,22.4138,22.5428,0.190,21.374
2023-06-13,22.6122,23.1477,22.3940,22.9791,0.219,21.340
2023-06-14,22.9990,23.0684,22.0766,22.1262,0.230,21.296
2023-06-15,21.9774,22.6419,21.9774,22.5527,0.195,21.269
2023-06-16,22.7709,22.7709,22.0766,22.3642,0.618,21.246
2023-06-20,22.3642,22.3642,21.7741,21.9179,0.184,21.211
2023-06-21,21.8188,21.8584,21.4716,21.4716,0.164,21.168
2023-06-22,21.3626,21.3626,20.6088,20.8171,0.186,21.118
2023-06-23,20.4997,20.9559,20.2617,20.4501,0.287,21.066
2023-06-26,20.3609,20.9758,20.3609,20.6584,0.263,21.018
2023-06-27,20.7377,21.1344,20.5047,20.7377,0.193,20.977
2023-06-28,20.6584,20.7477,20.3807,20.7377,0.239,20.933
2023-06-29,20.9758,21.3626,20.8568,20.8865,0.169,20.904
2023-06-30,21.1146,21.1146,20.5146,20.5592,0.170,20.856
2023-07-03,20.5493,20.9857,20.5096,20.9857,0.109,20.821
2023-07-05,20.8072,20.9658,20.4402,20.5096,0.242,20.800
2023-07-06,20.2716,20.4601,19.8651,20.4402,0.232,20.782
2023-07-07,20.4501,21.0154,20.4501,20.7972,0.184,20.793
2023-07-10,20.7080,21.3328,20.7080,20.9857,0.224,20.806
2023-07-11,20.9956,21.1840,20.8286,21.1146,0.144,20.814
2023-07-12,21.6402,22.2254,21.5212,22.0469,0.397,20.836
2023-07-13,22.2254,22.5428,22.0766,22.4535,0.173,20.876
2023-07-14,22.5725,22.5725,21.8188,22.0667,0.157,20.937
2023-07-17,22.0965,22.6915,22.0965,22.4733,0.158,21.004
2023-07-18,22.4832,23.3362,22.4832,22.9890,0.226,21.091
2023-07-19,23.2667,23.7626,22.9990,23.6932,0.279,21.172
2023-07-20,21.3328,22.9890,21.3328,22.0667,0.332,21.233
2023-07-21,22.1659,22.1758,21.4022,21.6105,0.249,21.288
2023-07-24,21.6105,22.3742,21.6105,22.2254,0.239,21.356
2023-07-25,22.1758,22.3742,21.7791,21.9179,0.214,21.424
2023-07-26,22.4337,22.9692,22.3345,22.8403,0.316,21.507
2023-07-27,22.8799,22.9890,22.1262,22.3444,0.224,21.571
2023-07-28,22.7312,22.7808,22.4237,22.6023,0.141,21.644
2023-07-31,22.4832,22.8254,22.4832,22.6221,0.184,21.685
2023-08-01,22.6320,22.6320,22.1609,22.4337,0.146,21.718
2023-08-02,22.1460,22.5874,21.9874,22.4733,0.285,21.761
2023-08-03,22.3841,22.6717,22.0965,22.5328,0.126,21.792
2023-08-04,22.4138,22.7510,22.4138,22.5824,0.074,21.809
2023-08-07,22.5626,23.0287,22.4644,23.0287,0.157,21.844
2023-08-08,22.5725,22.8304,22.0072,22.7411,0.166,21.876
2023-08-09,22.6221,22.8006,22.4039,22.7312,0.152,21.903
2023-08-10,22.9295,23.1973,22.4684,22.4932,0.128,21.932
2023-08-11,22.3940,22.7907,22.3940,22.7114,0.148,21.981
2023-08-14,22.5527,22.5527,22.2651,22.5031,0.184,22.018
2023-08-15,22.2056,22.2056,21.8436,21.8684,0.204,22.011
2023-08-16,21.8100,22.1300,21.6200,21.6700,0.135,22.016
2023-08-17,21.7600,22.0000,21.6900,21.7500,0.137,22.002
2023-08-18,21.5400,22.0700,21.5400,21.9300,0.325,21.975
2023-08-21,22.0100,22.2100,21.4800,21.6400,0.172,21.948
2023-08-22,21.6600,21.9400,21.0700,21.1000,0.184,21.916
2023-08-23,21.0800,21.1800,20.8800,20.9100,0.212,21.883
2023-08-24,20.8700,21.3150,20.8650,21.2200,0.220,21.848
2023-08-25,21.2900,21.4900,20.7600,20.8400,0.209,21.822
2023-08-28,20.9800,21.3350,20.9700,21.1600,0.166,21.794
2023-08-29,21.1600,21.3500,20.9900,21.2700,0.150,21.772
2023-08-30,21.2100,21.2900,20.8200,20.8900,0.144,21.752
2023-08-31,20.9200,21.1600,20.8100,20.9000,0.260,21.740
2023-09-01,21.1100,21.7900,21.1100,21.7800,0.196,21.759
2023-09-05,21.5300,21.6550,20.8500,20.9700,0.238,21.770
2023-09-06,20.9100,21.1600,20.4600,20.5300,0.183,21.767
2023-09-07,20.3500,20.5600,20.2000,20.3000,0.198,21.759
2023-09-08,20.3900,20.3900,20.1400,20.2000,0.172,21.748
2023-09-11,20.3400,20.5200,20.1500,20.2000,0.167,21.734
2023-09-12,19.6500,20.0900,19.6100,19.9700,0.216,21.722
2023-09-13,20.0800,20.0800,19.7250,19.7500,0.220,21.698
2023-09-14,20.0200,20.5600,19.9300,20.5400,0.288,21.698
2023-09-15,20.3400,20.5500,20.0600,20.1300,1.063,21.692
2023-09-18,20.1500,20.1500,19.6500,19.6600,0.176,21.669
2023-09-19,19.6600,19.8400,19.4600,19.4700,0.167,21.639
2023-09-20,19.5300,19.9500,19.4600,19.4900,0.240,21.606
2023-09-21,19.4800,19.9500,19.4300,19.8400,0.213,21.562
2023-09-22,19.8800,20.0100,19.6400,19.6700,0.151,21.507
2023-09-25,19.5800,19.8400,19.4300,19.7700,0.126,21.461
2023-09-26,19.5900,20.0200,19.5300,19.5400,0.263,21.402
2023-09-27,19.6300,19.9650,19.6100,19.7000,0.210,21.336
2023-09-28,19.6700,20.1100,19.6700,19.9000,0.268,21.260
2023-09-29,20.0500,20.2500,19.9500,20.0500,0.207,21.220
2023-10-02,20.0300,20.3290,19.9300,20.1100,0.242,21.190
2023-10-03,19.9700,20.0300,19.7900,19.9100,0.187,21.144
2023-10-04,19.9000,20.1600,19.6900,20.0200,0.191,21.106
2023-10-05,19.9700,20.3600,19.9700,20.3200,0.173,21.055
2023-10-06,20.0000,20.5800,19.8750,20.3700,0.286,21.016
2023-10-09,20.1800,20.5900,20.1800,20.4500,0.093,20.973
2023-10-10,20.5700,20.8700,20.5700,20.8100,0.176,20.937
