DATE,OPEN,HIGH,LOW,CLOSE,VOLUME,MA50
2013-10-04,5.1881,5.3844,5.0647,5.1881,5.533,
2013-10-07,5.1068,5.2161,5.0198,5.0759,0.527,
2013-10-08,5.0759,5.0984,4.8796,4.9245,0.713,
2013-10-09,4.8796,4.9747,4.8656,4.8852,0.103,
2013-10-10,4.8993,4.9666,4.8852,4.9245,0.401,
2013-10-11,4.9301,5.1152,4.9301,5.0647,0.281,
2013-10-14,5.0647,5.0984,5.0479,5.0900,0.044,
2013-10-15,5.0759,5.0871,4.9918,5.0619,0.084,
2013-10-16,5.0479,5.0535,5.0058,5.0479,0.053,
2013-10-17,5.0395,5.0479,4.9497,5.0114,0.069,
2013-10-18,4.9806,5.0114,4.9581,5.0058,0.076,
2013-10-21,4.9806,5.0002,4.9105,4.9974,0.054,
2013-10-22,4.9974,5.0170,4.9974,5.0002,0.058,
2013-10-23,5.0114,5.0198,4.9918,5.0058,0.032,
2013-10-24,5.0086,5.0871,4.9974,5.0731,0.050,
2013-10-25,5.0114,5.1040,5.0058,5.1040,0.035,
2013-10-28,5.0900,5.1124,5.0058,5.0339,0.012,
2013-10-29,5.1040,5.1040,5.0058,5.0086,0.043,
2013-10-30,5.0451,5.0451,5.0058,5.0058,0.022,
2013-10-31,5.0058,5.0339,5.0058,5.0339,0.192,
2013-11-01,5.0479,5.0619,4.9918,5.0142,0.069,
2013-11-04,5.0142,5.0339,4.9694,5.0058,0.036,
2013-11-05,5.0142,5.0198,4.9638,5.0030,0.025,
2013-11-06,5.0142,5.0198,4.8908,4.9497,0.096,
2013-11-07,4.9553,4.9609,4.8824,4.9245,0.041,
2013-11-08,4.9357,4.9469,4.8656,4.8936,0.031,
2013-11-11,4.9357,4.9666,4.8045,4.9469,0.081,
2013-11-12,4.9666,5.0198,4.8376,5.0198,0.062,
2013-11-13,5.0198,5.0283,4.9357,4.9666,0.042,
2013-11-14,4.9666,4.9694,4.8572,4.9694,0.089,
2013-11-15,4.9385,4.9722,4.9077,4.9581,0.039,
2013-11-18,4.9525,4.9631,4.9396,4.9441,0.003,
2013-11-19,4.9385,4.9385,4.9077,4.9301,0.049,
2013-11-20,4.9161,4.9301,4.8796,4.9133,0.041,
2013-11-21,4.9077,4.9441,4.8796,4.9385,0.069,
2013-11-22,4.9357,4.9553,4.9217,4.9245,0.041,
2013-11-25,4.9315,4.9694,4.9133,4.9217,0.040,
2013-11-26,4.8936,4.9217,4.8936,4.9077,0.079,
2013-11-27,4.9357,4.9638,4.9021,4.9217,0.036,
2013-11-29,4.9581,4.9778,4.9105,4.9497,0.011,
2013-12-02,4.9301,4.9413,4.8684,4.9077,0.039,
2013-12-03,4.9105,4.9273,4.8796,4.9189,0.053,
2013-12-04,4.9055,4.9147,4.8936,4.9077,0.027,
2013-12-05,4.9105,4.9301,4.8936,4.9217,0.052,
2013-12-06,4.9329,4.9652,4.9161,4.9469,0.043,
2013-12-09,4.9413,4.9413,4.8796,4.9077,0.115,
2013-12-10,4.8824,4.8993,4.8067,4.8993,0.185,
2013-12-11,4.8488,4.9666,4.8376,4.8936,0.055,
2013-12-12,4.9133,4.9228,4.8628,4.8796,0.179,
2013-12-13,4.8993,4.9413,4.8656,4.9413,0.184,4.973
2013-12-16,4.9497,4.9778,4.9329,4.9666,0.099,4.969
2013-12-17,4.9497,5.1460,4.9189,5.0843,0.065,4.969
2013-12-18,5.0900,5.1741,5.0535,5.1068,0.119,4.973
2013-12-19,5.1348,5.1853,5.0675,5.1460,0.280,4.978
2013-12-20,5.1236,5.1825,5.0563,5.1040,0.248,4.982
2013-12-23,5.0843,5.1769,5.0479,5.1320,0.044,4.983
2013-12-24,5.1049,5.2055,5.1049,5.1825,0.075,4.985
2013-12-26,5.1739,5.2227,5.1336,5.1854,0.048,4.987
2013-12-27,5.1739,5.1926,5.1020,5.1566,0.052,4.989
2013-12-30,5.1710,5.1710,5.0302,5.0618,0.069,4.990
2013-12-31,5.0589,5.1566,5.0213,5.1164,0.073,4.993
2014-01-02,5.1279,5.3320,5.1279,5.3176,0.070,4.999
2014-01-03,5.3377,5.3955,5.3176,5.3463,0.049,5.006
2014-01-06,5.3837,5.4268,5.3205,5.3435,0.062,5.013
2014-01-07,5.3463,5.3952,5.3032,5.3205,0.184,5.018
2014-01-08,5.3205,5.3578,5.3032,5.3176,0.085,5.022
2014-01-09,5.3463,5.3492,5.2888,5.3032,0.056,5.027
2014-01-10,5.3176,5.3320,5.2515,5.3061,0.026,5.033
2014-01-13,5.3147,5.3320,5.3032,5.3205,0.082,5.040
2014-01-14,5.3601,5.4872,5.3176,5.4412,0.366,5.048
2014-01-15,5.4153,5.4642,5.4124,5.4469,0.130,5.056
2014-01-16,5.4613,5.4786,5.4038,5.4786,0.102,5.066
2014-01-17,5.4527,5.4843,5.3866,5.4268,0.037,5.074
2014-01-21,5.4354,5.4699,5.3751,5.4268,0.037,5.084
2014-01-22,5.4124,5.4630,5.3895,5.4038,0.014,5.093
2014-01-23,5.3895,5.4320,5.3176,5.3578,0.023,5.103
2014-01-24,5.3578,5.4326,5.2572,5.2888,0.036,5.110
2014-01-27,5.2888,5.3032,5.0819,5.2112,0.031,5.113
2014-01-28,5.1825,5.2314,5.1394,5.2112,0.036,5.118
2014-01-29,5.2112,5.2227,5.1480,5.1796,0.032,5.122
2014-01-30,5.2084,5.2314,5.1595,5.1911,0.021,5.127
2014-01-31,5.1796,5.2256,5.1739,5.1882,0.010,5.132
2014-02-03,5.1882,5.2630,5.1882,5.2371,0.049,5.138
2014-02-04,5.2601,5.3090,5.2112,5.2285,0.044,5.144
2014-02-05,5.2572,5.2946,5.1882,5.2227,0.048,5.150
2014-02-06,5.2285,5.3607,5.2256,5.2659,0.035,5.157
2014-02-07,5.2975,5.3636,5.2601,5.2802,0.027,5.164
2014-02-10,5.2831,5.3147,5.2601,5.2630,0.006,5.171
2014-02-11,5.2888,5.3463,5.2745,5.3320,0.022,5.179
2014-02-12,5.3463,5.3693,5.2831,5.3377,0.044,5.187
2014-02-13,5.3711,5.3866,5.2860,5.2888,0.012,5.195
2014-02-14,5.3032,5.3720,5.3032,5.3291,0.009,5.203
2014-02-18,5.3665,5.3895,5.3032,5.3435,0.041,5.212
2014-02-19,5.3578,5.3808,5.3147,5.3205,0.038,5.220
2014-02-20,5.3167,5.3440,5.2515,5.2716,0.033,5.226
2014-02-21,5.2745,5.3118,5.1681,5.2170,0.023,5.232
2014-02-24,5.2199,5.2429,5.2141,5.2429,0.019,5.239
2014-02-25,5.2486,5.3003,5.2084,5.2227,0.027,5.246
2014-02-26,5.2285,5.3435,5.2199,5.2831,0.051,5.254
2014-02-27,5.2575,5.2802,5.2316,5.2687,0.012,5.260
2014-02-28,5.2802,5.2802,5.2170,5.2256,0.008,5.266
2014-03-03,5.2256,5.2400,5.1451,5.1509,0.027,5.267
2014-03-04,5.1969,5.2400,5.1724,5.2400,0.062,5.270
2014-03-05,5.2400,5.3147,5.2400,5.2400,0.025,5.272
2014-03-06,5.2429,5.2572,5.1940,5.2400,0.018,5.274
2014-03-07,5.2544,5.2544,5.0876,5.1451,0.098,5.275
2014-03-10,5.1164,5.3233,5.1164,5.2917,0.099,5.277
2014-03-11,5.3032,5.3492,5.2486,5.2745,0.139,5.278
2014-03-12,5.2745,5.2745,5.2457,5.2745,0.036,5.281
2014-03-13,5.2888,5.3003,5.2316,5.2687,0.069,5.285
2014-03-14,5.2888,5.2949,5.2486,5.2601,0.053,5.288
2014-03-17,5.3061,5.3320,5.1882,5.2457,0.080,5.286
2014-03-18,5.2385,5.2569,5.1940,5.2515,0.044,5.285
2014-03-19,5.2888,5.3233,5.2745,5.2773,0.100,5.283
2014-03-20,5.2601,5.3003,5.2601,5.2888,0.041,5.283
2014-03-21,5.2917,5.3578,5.2572,5.2601,0.087,5.281
2014-03-24,5.2831,5.3474,5.2659,5.2888,0.051,5.281
2014-03-25,5.3147,5.3722,5.2975,5.3722,0.054,5.282
2014-03-26,5.3923,5.5533,5.3837,5.4498,0.249,5.285
2014-03-27,5.4527,5.5044,5.4297,5.4901,0.093,5.286
2014-03-28,5.5907,5.5907,5.4872,5.4987,0.108,5.287
2014-03-31,5.5332,5.6040,5.4889,5.5332,0.093,5.288
2014-04-01,5.5597,5.5774,5.5037,5.5479,0.099,5.291
2014-04-02,5.5155,5.6217,5.5155,5.5922,0.194,5.294
2014-04-03,5.5804,5.6601,5.5346,5.5892,0.101,5.298
2014-04-04,5.6689,5.6689,5.5420,5.5479,0.071,5.301
2014-04-07,5.5243,5.5774,5.5155,5.5302,0.052,5.306
2014-04-08,5.5214,5.5332,5.4623,5.4919,0.041,5.312
2014-04-09,5.5037,5.5332,5.4948,5.5125,0.037,5.318
2014-04-10,5.5125,5.5184,5.4092,5.4712,0.081,5.324
2014-04-11,5.4446,5.5302,5.4284,5.5155,0.025,5.330
2014-04-14,5.5302,5.5302,5.4712,5.4741,0.024,5.336
2014-04-15,5.5007,5.5007,5.3561,5.4623,0.029,5.340
2014-04-16,5.4830,5.5774,5.4505,5.5715,0.099,5.347
2014-04-17,5.5627,5.6040,5.5627,5.6010,0.014,5.355
2014-04-21,5.6306,5.7043,5.6158,5.6424,0.065,5.362
2014-04-22,5.6807,5.7456,5.6483,5.7073,0.038,5.371
2014-04-23,5.7338,5.8106,5.6789,5.7220,0.029,5.380
2014-04-24,5.7781,5.7781,5.7105,5.7456,0.016,5.388
2014-04-25,5.7545,5.7574,5.6984,5.7250,0.021,5.396
2014-04-28,5.7279,5.8106,5.7132,5.7279,0.073,5.405
2014-04-29,5.7574,5.7645,5.6247,5.6306,0.040,5.411
2014-04-30,5.6453,5.6689,5.5774,5.6010,0.019,5.416
2014-05-01,5.5922,5.7604,5.5922,5.7250,0.024,5.424
2014-05-02,5.7250,5.7427,5.6512,5.6955,0.021,5.433
2014-05-05,5.6925,5.7397,5.6866,5.6955,0.018,5.442
2014-05-06,5.6955,5.7043,5.6069,5.6276,0.029,5.450
2014-05-07,5.6276,5.6984,5.6069,5.6689,0.013,5.459
2014-05-08,5.7217,5.7217,5.6630,5.6630,0.009,5.466
2014-05-09,5.6984,5.8047,5.6335,5.7073,0.034,5.475
2014-05-12,5.7486,5.7560,5.7102,5.7397,0.043,5.485
2014-05-13,5.7102,5.7693,5.6453,5.7368,0.048,5.497
2014-05-14,5.7132,5.7132,5.6306,5.6601,0.028,5.506
2014-05-15,5.6276,5.6748,5.5361,5.5686,0.030,5.512
2014-05-16,5.6276,5.6276,5.5332,5.6010,0.046,5.519
2014-05-19,5.6276,5.7043,5.6040,5.6837,0.036,5.530
2014-05-20,5.6630,5.6660,5.6453,5.6601,0.014,5.538
2014-05-21,5.6571,5.6571,5.6158,5.6247,0.013,5.545
2014-05-22,5.6424,5.6542,5.5656,5.6099,0.024,5.551
2014-05-23,5.6453,5.6660,5.6365,5.6542,0.015,5.559
2014-05-27,5.6660,5.7427,5.6306,5.6748,0.042,5.567
2014-05-28,5.6807,5.7397,5.6689,5.7014,0.022,5.576
2014-05-29,5.7279,5.7516,5.7014,5.7397,0.150,5.586
2014-05-30,5.7397,5.8135,5.7105,5.7250,0.110,5.595
2014-06-02,5.7663,5.7987,5.7250,5.7309,0.039,5.604
2014-06-03,5.7250,5.7309,5.6825,5.6896,0.018,5.613
2014-06-04,5.7102,5.7265,5.6925,5.7102,0.033,5.621
2014-06-05,5.7279,5.7309,5.6925,5.7102,0.048,5.628
2014-06-06,5.7427,5.7545,5.6955,5.7427,0.023,5.634
2014-06-09,5.7427,5.7427,5.6925,5.7102,0.033,5.638
2014-06-10,5.7102,5.7191,5.7014,5.7043,0.037,5.642
2014-06-11,5.7220,5.7368,5.6810,5.7102,0.034,5.646
2014-06-12,5.7250,5.7545,5.7117,5.7427,0.054,5.649
2014-06-13,5.7545,5.7740,5.6660,5.7014,0.058,5.652
2014-06-16,5.8076,5.8076,5.7279,5.7545,0.108,5.655
2014-06-17,5.7545,5.8098,5.7486,5.7840,0.066,5.660
2014-06-18,5.7840,5.8165,5.7693,5.8106,0.036,5.665
2014-06-19,5.8578,5.8696,5.7997,5.8519,0.064,5.673
2014-06-20,5.8784,5.8784,5.8430,5.8696,0.047,5.680
2014-06-23,5.8902,5.9345,5.8696,5.8961,0.090,5.688
2014-06-24,5.9257,6.0673,5.9020,6.0201,0.208,5.698
2014-06-25,6.0496,6.0496,5.9168,5.9493,0.061,5.708
2014-06-26,5.9894,6.0529,5.9288,6.0378,0.057,5.719
2014-06-27,6.0529,6.1740,5.9985,6.1044,0.064,5.730
2014-06-30,6.1135,6.1135,5.9924,6.0681,0.047,5.739
2014-07-01,6.1165,6.1740,5.9924,6.0650,0.132,5.748
2014-07-02,6.0862,6.1074,6.0136,6.0862,0.050,5.755
2014-07-03,6.1135,6.1195,5.9349,5.9863,0.072,5.761
2014-07-07,5.9985,5.9985,5.9077,5.9924,0.114,5.766
2014-07-08,6.0317,6.0317,5.9537,5.9985,0.052,5.771
2014-07-09,6.0469,6.0469,5.9470,6.0106,0.024,5.777
2014-07-10,6.0136,6.0560,5.9652,6.0227,0.036,5.784
2014-07-11,6.0499,6.0499,5.9349,5.9682,0.038,5.792
2014-07-14,6.0196,6.0196,5.9440,5.9803,0.025,5.797
2014-07-15,6.0045,6.0650,5.9727,6.0499,0.032,5.804
2014-07-16,6.0953,6.1173,6.0530,6.1104,0.020,5.812
2014-07-17,6.1225,6.1225,6.0650,6.0983,0.045,5.822
2014-07-18,6.1225,6.1558,6.0711,6.0802,0.011,5.830
2014-07-21,6.0983,6.1044,6.0287,6.0983,0.028,5.839
2014-07-22,6.0953,6.1013,5.9985,6.0771,0.038,5.846
2014-07-23,6.0953,6.1346,6.0771,6.0983,0.021,5.853
2014-07-24,6.1135,6.1710,6.0735,6.1377,0.022,5.861
2014-07-25,6.1498,6.1542,6.0923,6.1135,0.014,5.870
2014-07-28,6.1044,6.1195,6.0859,6.1104,0.031,5.881
2014-07-29,6.1619,6.1619,6.0650,6.0802,0.027,5.891
2014-07-30,6.0892,6.0892,6.0136,6.0227,0.020,5.898
2014-07-31,6.0499,6.0499,5.9319,5.9712,0.049,5.904
2014-08-01,5.9591,6.0075,5.9349,5.9773,0.055,5.911
2014-08-04,6.0136,6.0469,5.9440,6.0438,0.026,5.919
2014-08-05,6.0348,6.0590,5.9452,5.9652,0.021,5.926
2014-08-06,5.9682,6.0227,5.9228,5.9470,0.045,5.931
2014-08-07,5.9712,5.9911,5.8623,5.9288,0.052,5.936
2014-08-08,5.9258,5.9652,5.8532,5.9379,0.049,5.940
2014-08-11,5.9137,5.9546,5.9137,5.9379,0.027,5.944
2014-08-12,5.9470,5.9470,5.9046,5.9198,0.024,5.948
2014-08-13,5.9531,5.9591,5.9016,5.9288,0.071,5.952
2014-08-14,5.9531,5.9531,5.9077,5.9167,0.069,5.957
2014-08-15,5.9561,5.9561,5.8804,5.8804,0.038,5.960
2014-08-18,5.8925,5.9440,5.8683,5.9228,0.038,5.964
2014-08-19,5.9531,5.9803,5.9319,5.9621,0.024,5.969
2014-08-20,5.9833,5.9833,5.9137,5.9561,0.067,5.974
2014-08-21,5.9682,6.0166,5.9349,5.9985,0.039,5.979
2014-08-22,6.0075,6.0075,5.9470,5.9742,0.044,5.984
2014-08-25,5.9924,6.0590,5.9833,6.0257,0.037,5.991
2014-08-26,6.0681,6.1013,6.0317,6.0923,0.050,5.997
2014-08-27,6.1135,6.1135,6.0587,6.0711,0.015,6.003
2014-08-28,6.0590,6.0862,5.9894,6.0650,0.039,6.008
2014-08-29,6.1135,6.1135,6.0257,6.0499,0.027,6.012
2014-09-02,6.0862,6.0862,6.0015,6.0106,0.061,6.015
2014-09-03,6.0438,6.0832,5.9773,6.0075,0.063,6.017
2014-09-04,6.0408,6.0408,5.9621,5.9954,0.043,6.017
2014-09-05,6.0196,6.0499,5.9652,6.0469,0.061,6.019
2014-09-08,6.0529,6.0590,6.0003,6.0317,0.021,6.018
2014-09-09,6.0529,6.0529,6.0196,6.0287,0.026,6.017
2014-09-10,6.0438,6.0438,5.9712,6.0136,0.031,6.016
2014-09-11,5.9863,6.0590,5.9773,6.0287,0.018,6.015
2014-09-12,6.0529,6.0529,5.9621,5.9621,0.023,6.013
2014-09-15,5.9440,5.9531,5.9046,5.9288,0.016,6.012
2014-09-16,5.9107,5.9319,5.7957,5.9077,0.191,6.010
2014-09-17,5.8865,5.9046,5.8502,5.8956,0.022,6.008
2014-09-18,5.8774,5.8895,5.8454,5.8713,0.026,6.005
2014-09-19,5.8713,5.9954,5.8532,5.9349,0.097,6.003
2014-09-22,5.9077,5.9288,5.8471,5.8532,0.047,6.001
2014-09-23,5.8653,5.8653,5.8108,5.8290,0.027,5.998
2014-09-24,5.8138,5.8623,5.8138,5.8562,0.044,5.994
2014-09-25,5.8471,5.8925,5.8229,5.8834,0.027,5.989
2014-09-26,5.9530,5.9592,5.8100,5.8411,0.045,5.984
2014-09-29,5.8038,5.8753,5.8038,5.8753,0.022,5.980
2014-09-30,5.8411,5.8504,5.8038,5.8131,0.052,5.975
2014-10-01,5.7820,5.8193,5.7082,5.7727,0.043,5.968
2014-10-02,5.7447,5.7634,5.6390,5.7261,0.056,5.961
2014-10-03,5.7292,5.7571,5.6950,5.7136,0.022,5.953
2014-10-06,5.6950,5.7509,5.6919,5.7012,0.071,5.944
2014-10-07,5.7105,5.7820,5.6971,5.7261,0.044,5.937
2014-10-08,5.7385,5.7509,5.7043,5.7478,0.037,5.930
2014-10-09,5.7634,5.7696,5.7167,5.7167,0.045,5.924
2014-10-10,5.7136,5.7323,5.6359,5.6359,0.061,5.917
2014-10-13,5.6266,5.6577,5.5302,5.5333,0.080,5.908
2014-10-14,5.5675,5.6173,5.5318,5.5489,0.058,5.898
2014-10-15,5.5022,5.5489,5.3748,5.4649,0.044,5.888
2014-10-16,5.4090,5.4836,5.3623,5.4680,0.067,5.879
2014-10-17,5.5178,5.5551,5.4929,5.5147,0.040,5.870
2014-10-20,5.4805,5.5831,5.4805,5.5800,0.030,5.863
2014-10-21,5.5675,5.7596,5.5675,5.7385,0.106,5.859
2014-10-22,5.7727,5.8411,5.7136,5.7665,0.065,5.856
2014-10-23,5.7976,5.8335,5.7758,5.7976,0.019,5.854
2014-10-24,5.8286,5.8535,5.7976,5.8100,0.017,5.852
2014-10-27,5.8286,5.8317,5.7789,5.8007,0.031,5.850
2014-10-28,5.8100,5.8131,5.7820,5.8069,0.015,5.848
2014-10-29,5.8007,5.8100,5.7571,5.7820,0.020,5.844
2014-10-30,5.7447,5.8970,5.7198,5.8100,0.054,5.841
2014-10-31,5.8286,5.8380,5.7478,5.7882,0.017,5.837
2014-11-03,5.8224,5.8815,5.7820,5.8628,0.037,5.835
2014-11-04,5.8728,5.8728,5.7851,5.8691,0.066,5.832
2014-11-05,5.8722,5.8830,5.8162,5.8442,0.042,5.827
2014-11-06,5.8597,5.8597,5.8131,5.8193,0.008,5.822
2014-11-07,5.8473,5.8535,5.8007,5.8286,0.009,5.817
2014-11-10,5.8473,5.8722,5.8038,5.8349,0.021,5.812
2014-11-11,5.8442,5.8722,5.8076,5.8442,0.034,5.809
2014-11-12,5.8131,5.8659,5.8131,5.8224,0.010,5.805
2014-11-13,5.7696,5.7820,5.4836,5.5520,0.212,5.797
2014-11-14,5.5706,5.7229,5.5706,5.6732,0.055,5.789
2014-11-17,5.6856,5.7976,5.6856,5.7789,0.059,5.784
2014-11-18,5.8038,5.8193,5.7727,5.8038,0.021,5.780
2014-11-19,5.8162,5.8255,5.7727,5.8193,0.029,5.776
2014-11-20,5.8131,5.8442,5.8131,5.8286,0.015,5.772
2014-11-21,5.8411,5.8908,5.8100,5.8628,0.039,5.770
2014-11-24,5.8753,5.8939,5.8349,5.8784,0.024,5.769
2014-11-25,5.8970,5.9126,5.8691,5.8815,0.018,5.768
2014-11-26,5.9032,5.9343,5.8908,5.9250,0.012,5.769
2014-11-28,5.9157,5.9250,5.8504,5.8753,0.004,5.769
2014-12-01,5.8504,5.8535,5.7976,5.8380,0.030,5.767
2014-12-02,5.8131,5.8815,5.8007,5.8815,0.037,5.767
2014-12-03,5.9093,5.9093,5.7571,5.8286,0.066,5.767
2014-12-04,5.8286,5.8317,5.7603,5.7696,0.017,5.766
2014-12-05,5.7758,5.8007,5.7665,5.7913,0.026,5.764
2014-12-08,5.7820,5.8162,5.6825,5.7043,0.026,5.761
2014-12-09,5.6141,5.8007,5.6141,5.7727,0.016,5.759
2014-12-10,5.7727,5.8162,5.7571,5.7665,0.027,5.758
2014-12-11,5.7882,5.8659,5.7509,5.8566,0.034,5.760
2014-12-12,5.8411,5.8411,5.7074,5.7292,0.022,5.760
2014-12-15,5.7851,5.7851,5.6297,5.7261,0.035,5.760
2014-12-16,5.7292,5.7789,5.6783,5.7385,0.029,5.761
2014-12-17,5.7758,5.8038,5.6794,5.8038,0.033,5.762
2014-12-18,5.8007,5.8255,5.7245,5.8069,0.030,5.764
2014-12-19,5.7851,5.8753,5.7354,5.7354,0.089,5.764
2014-12-22,5.7571,5.8100,5.7416,5.7913,0.035,5.767
2014-12-23,5.7354,5.8543,5.7167,5.7913,0.030,5.772
2014-12-24,5.8162,5.8162,5.7509,5.8038,0.017,5.777
2014-12-26,5.8243,5.8722,5.7828,5.8691,0.016,5.785
2014-12-29,5.8307,5.9489,5.8307,5.9042,0.020,5.794
2014-12-30,5.8818,5.8882,5.7988,5.8595,0.018,5.801
2014-12-31,5.8914,5.9074,5.8020,5.9074,0.050,5.808
2015-01-02,5.8850,5.8946,5.8467,5.8818,0.026,5.810
2015-01-05,5.8914,5.8946,5.8435,5.8914,0.038,5.813
2015-01-06,5.8914,5.8914,5.7572,5.7956,0.026,5.813
2015-01-07,5.8052,5.8083,5.7508,5.7860,0.020,5.812
2015-01-08,5.7796,5.7860,5.7508,5.7764,0.016,5.812
2015-01-09,5.7732,5.7924,5.7508,5.7700,0.017,5.811
2015-01-12,5.7508,5.7828,5.7508,5.7732,0.018,5.811
2015-01-13,5.7541,5.7860,5.6837,5.6933,0.064,5.809
2015-01-14,5.6933,5.6965,5.5544,5.5943,0.067,5.805
2015-01-15,5.5751,5.5879,5.3898,5.4697,0.174,5.797
2015-01-16,5.4345,5.4760,5.4058,5.4218,0.080,5.788
2015-01-20,5.5016,5.5016,5.3805,5.3994,0.065,5.779
2015-01-21,5.4154,5.4313,5.3994,5.4313,0.050,5.771
2015-01-22,5.5016,5.5016,5.3866,5.4345,0.109,5.763
2015-01-23,5.4090,5.4569,5.4090,5.4377,0.039,5.756
2015-01-26,5.4889,5.4889,5.4010,5.4345,0.121,5.747
2015-01-27,5.4441,5.4793,5.3994,5.4313,0.045,5.740
2015-01-28,5.4345,5.4537,5.3547,5.4282,0.044,5.737
2015-01-29,5.4282,5.4282,5.3195,5.4218,0.040,5.732
2015-01-30,5.3930,5.4313,5.3770,5.4058,0.026,5.725
2015-02-02,5.3962,5.3962,5.3131,5.3483,0.022,5.715
2015-02-03,5.4058,5.4058,5.3323,5.3483,0.062,5.706
2015-02-04,5.3706,5.4090,5.3387,5.3738,0.030,5.697
2015-02-05,5.4250,5.4313,5.3706,5.4282,0.021,5.688
2015-02-06,5.4857,5.4857,5.4154,5.4665,0.033,5.680
2015-02-09,5.4857,5.4857,5.3547,5.3706,0.050,5.670
2015-02-10,5.3483,5.4473,5.3483,5.3643,0.047,5.659
2015-02-11,5.4313,5.5112,5.3812,5.4345,0.048,5.650
2015-02-12,5.4345,5.5591,5.4345,5.5528,0.017,5.644
2015-02-13,5.5336,5.5687,5.4377,5.4633,0.046,5.636
2015-02-17,5.4633,5.5400,5.4633,5.5208,0.024,5.630
2015-02-18,5.5016,5.5432,5.4633,5.5432,0.022,5.625
2015-02-19,5.5783,5.5879,5.5347,5.5783,0.023,5.621
2015-02-20,5.5783,5.6326,5.5655,5.6103,0.027,5.619
2015-02-23,5.6294,5.6710,5.6103,5.6486,0.019,5.616
2015-02-24,5.6390,5.6486,5.6039,5.6326,0.033,5.614
2015-02-25,5.6901,5.6997,5.6071,5.6518,0.045,5.610
2015-02-26,5.6358,5.6518,5.6071,5.6454,0.036,5.608
2015-02-27,5.6678,5.6742,5.6294,5.6550,0.025,5.607
2015-03-02,5.6358,5.6550,5.6230,5.6294,0.016,5.604
2015-03-03,5.6294,5.7189,5.6103,5.7061,0.024,5.602
2015-03-04,5.6646,5.7604,5.6582,5.7604,0.022,5.601
2015-03-05,5.7508,5.7988,5.7381,5.7668,0.031,5.602
2015-03-06,5.7732,5.8147,5.6877,5.7444,0.024,5.601
2015-03-09,5.7924,5.7924,5.7061,5.7604,0.034,5.601
2015-03-10,5.7796,5.7796,5.6656,5.7061,0.024,5.599
2015-03-11,5.5943,5.6582,5.5623,5.6071,0.060,5.593
2015-03-12,5.6230,5.6390,5.5719,5.6358,0.024,5.588
2015-03-13,5.5975,5.6262,5.5975,5.6135,0.036,5.583
2015-03-16,5.6135,5.6646,5.6135,5.6454,0.029,5.578
2015-03-17,5.6550,5.7413,5.6550,5.7285,0.025,5.575
2015-03-18,5.6837,5.8275,5.6837,5.8211,0.043,5.573
2015-03-19,5.7860,5.8531,5.7700,5.7700,0.035,5.573
2015-03-20,5.8147,5.8499,5.7796,5.7796,0.025,5.573
2015-03-23,5.8147,5.9074,5.8147,5.8691,0.039,5.575
2015-03-24,5.8691,5.9042,5.8211,5.8691,0.021,5.577
2015-03-25,5.8722,5.8914,5.8211,5.8467,0.027,5.578
2015-03-26,5.8052,5.8595,5.8020,5.8499,0.018,5.581
2015-03-27,5.8464,5.8774,5.8004,5.8563,0.021,5.586
2015-03-30,5.8497,5.8628,5.7675,5.8234,0.028,5.593
2015-03-31,5.7577,5.8232,5.7577,5.7938,0.014,5.601
2015-04-01,5.7873,5.8628,5.7511,5.8563,0.049,5.610
2015-04-02,5.8366,5.9154,5.7905,5.8398,0.012,5.618
2015-04-06,5.8464,5.8497,5.7840,5.7873,0.033,5.625
2015-04-07,5.7840,5.8333,5.7840,5.8168,0.011,5.633
2015-04-08,5.8333,5.8333,5.7840,5.8201,0.029,5.641
2015-04-09,5.7905,5.8099,5.7741,5.7938,0.021,5.648
2015-04-10,5.8103,5.8201,5.7577,5.7971,0.019,5.655
2015-04-13,5.8004,5.8333,5.8004,5.8037,0.018,5.663
2015-04-14,5.8004,5.8234,5.8004,5.8168,0.004,5.671
2015-04-15,5.7938,5.8299,5.7774,5.8037,0.015,5.680
2015-04-16,5.8267,5.8267,5.7544,5.7544,0.016,5.688
2015-04-17,5.7511,5.7873,5.7478,5.7478,0.012,5.696
2015-04-20,5.7643,5.7868,5.7380,5.7429,0.013,5.702
2015-04-21,5.7314,5.7807,5.7314,5.7445,0.017,5.708
2015-04-22,5.7610,5.7610,5.6920,5.7117,0.026,5.714
2015-04-23,5.7248,5.7511,5.7215,5.7478,0.012,5.722
2015-04-24,5.7412,5.8004,5.7314,5.7771,0.029,5.729
2015-04-27,5.7840,5.7874,5.7511,5.7544,0.007,5.733
2015-04-28,5.7774,5.8201,5.7248,5.7314,0.011,5.738
2015-04-29,5.7150,5.7675,5.7018,5.7412,0.016,5.743
2015-04-30,5.7643,5.8037,5.7380,5.7807,0.017,5.747
2015-05-01,5.7708,5.8300,5.7708,5.8267,0.023,5.752
2015-05-04,5.8168,5.8234,5.8070,5.8075,0.009,5.756
2015-05-05,5.8004,5.8333,5.7511,5.7511,0.027,5.758
2015-05-06,5.7807,5.8004,5.7347,5.7741,0.015,5.761
2015-05-07,5.8070,5.8135,5.7741,5.7971,0.005,5.764
2015-05-08,5.8201,5.8201,5.7577,5.7840,0.011,5.767
2015-05-11,5.7840,5.7840,5.7347,5.7511,0.025,5.769
2015-05-12,5.7248,5.8431,5.7248,5.8431,0.016,5.773
2015-05-13,5.8333,5.8596,5.8267,5.8530,0.009,5.776
2015-05-14,5.8530,5.9089,5.7905,5.8300,0.017,5.777
2015-05-15,5.8464,5.8859,5.8300,5.8727,0.008,5.780
2015-05-18,5.8924,5.8924,5.8497,5.8497,0.007,5.782
2015-05-19,5.8497,5.8826,5.8497,5.8628,0.014,5.784
2015-05-20,5.8694,5.8826,5.8530,5.8596,0.005,5.787
2015-05-21,5.8727,5.8760,5.8168,5.8234,0.011,5.791
2015-05-22,5.7873,5.8333,5.7324,5.8234,0.017,5.795
2015-05-26,5.8234,5.8267,5.7577,5.7840,0.016,5.798
2015-05-27,5.8070,5.8070,5.7445,5.7445,0.048,5.800
2015-05-28,5.7248,5.7544,5.6985,5.7084,0.025,5.800
2015-05-29,5.7314,5.7347,5.6755,5.6887,0.019,5.797
2015-06-01,5.6690,5.7412,5.6492,5.7084,0.012,5.796
2015-06-02,5.7609,5.7609,5.7173,5.7182,0.005,5.795
2015-06-03,5.7182,5.7314,5.6887,5.7051,0.163,5.792
2015-06-04,5.6920,5.7314,5.6755,5.7281,0.084,5.789
2015-06-05,5.7018,5.7314,5.7018,5.7182,0.090,5.786
2015-06-08,5.7248,5.7445,5.6985,5.7182,0.040,5.783
2015-06-09,5.7314,5.7478,5.7182,5.7182,0.015,5.781
2015-06-10,5.7182,5.7840,5.7182,5.7511,0.011,5.779
2015-06-11,5.7248,5.7971,5.7215,5.7544,0.007,5.778
2015-06-12,5.7215,5.7601,5.7215,5.7314,0.011,5.776
2015-06-15,5.7182,5.7511,5.7182,5.7248,0.011,5.774
2015-06-16,5.7182,5.7511,5.7182,5.7215,0.010,5.772
2015-06-17,5.7182,5.7445,5.7182,5.7182,0.009,5.770
2015-06-18,5.7182,5.7347,5.7182,5.7347,0.011,5.769
2015-06-19,5.7215,5.7478,5.6229,5.7347,0.073,5.768
2015-06-22,5.8431,5.8431,5.6854,5.6854,0.044,5.765
2015-06-23,5.6624,5.7051,5.6591,5.6690,0.031,5.763
2015-06-24,5.6641,5.7182,5.6394,5.6394,0.008,5.759
2015-06-25,5.6459,5.6574,5.5868,5.5934,0.061,5.755
2015-06-26,5.7490,5.7490,5.6171,5.7084,0.062,5.754
2015-06-29,5.6441,5.6441,5.4345,5.4750,0.039,5.748
2015-06-30,5.4886,5.5596,5.4683,5.4852,0.035,5.743
2015-07-01,5.4784,5.5528,5.4615,5.5461,0.022,5.739
2015-07-02,5.4615,5.5496,5.4615,5.5122,0.033,5.735
2015-07-06,5.4649,5.5427,5.4649,5.5393,0.008,5.731
2015-07-07,5.5325,5.5833,5.5292,5.5765,0.031,5.727
2015-07-08,5.5461,5.5866,5.5461,5.5461,0.014,5.723
2015-07-09,5.5461,5.5664,5.4930,5.5122,0.028,5.719
2015-07-10,5.4987,5.5596,5.4953,5.5494,0.010,5.715
2015-07-13,5.5427,5.5731,5.5139,5.5258,0.012,5.710
2015-07-14,5.5122,5.8369,5.5122,5.5731,0.033,5.705
2015-07-15,5.5325,5.5765,5.5258,5.5325,0.010,5.699
2015-07-16,5.5190,5.5797,5.5190,5.5427,0.009,5.695
2015-07-17,5.5359,5.5833,5.5292,5.5731,0.018,5.691
2015-07-20,5.5562,5.5900,5.5326,5.5528,0.020,5.686
2015-07-21,5.5325,5.5596,5.5325,5.5562,0.005,5.681
2015-07-22,5.5325,5.6340,5.5325,5.6069,0.021,5.679
2015-07-23,5.6137,5.6543,5.5461,5.5900,0.010,5.674
2015-07-24,5.5596,5.5596,5.4784,5.5122,0.047,5.667
2015-07-27,5.4953,5.5528,5.4886,5.5258,0.010,5.661
2015-07-28,5.5021,5.5697,5.5021,5.5427,0.013,5.654
2015-07-29,5.5325,5.6205,5.5055,5.5664,0.013,5.648
2015-07-30,5.5461,5.5799,5.5089,5.5427,0.009,5.642
2015-07-31,5.5190,5.5511,5.4987,5.5021,0.010,5.635
2015-08-03,5.5055,5.5494,5.5055,5.5156,0.013,5.629
2015-08-04,5.5393,5.5393,5.5055,5.5055,0.011,5.622
2015-08-05,5.5055,5.5258,5.5055,5.5190,0.007,5.617
2015-08-06,5.5393,5.5393,5.4953,5.5089,0.011,5.612
2015-08-07,5.4987,5.5122,5.4953,5.4987,0.013,5.608
2015-08-10,5.4953,5.5094,5.4615,5.4818,0.028,5.604
2015-08-11,5.4446,5.5055,5.4446,5.4953,0.028,5.600
2015-08-12,5.4649,5.5190,5.4649,5.4784,0.014,5.595
2015-08-13,5.4784,5.5359,5.4784,5.5258,0.008,5.591
2015-08-14,5.4987,5.5190,5.4683,5.5122,0.044,5.587
2015-08-17,5.4953,5.6780,5.4953,5.6780,0.013,5.586
2015-08-18,5.6441,5.7135,5.5528,5.6847,0.016,5.586
2015-08-19,5.6441,5.7828,5.6441,5.7016,0.012,5.585
2015-08-20,5.6847,5.7118,5.6566,5.6858,0.015,5.584
2015-08-21,5.7016,5.7016,5.5224,5.5224,0.025,5.579
2015-08-24,5.2924,5.4615,5.2924,5.3804,0.122,5.572
2015-08-25,5.5122,5.5122,5.4006,5.4108,0.017,5.566
2015-08-26,5.3939,5.4683,5.3939,5.4243,0.036,5.560
2015-08-27,5.4378,5.4818,5.3939,5.4412,0.028,5.554
2015-08-28,5.4852,5.5359,5.4040,5.4649,0.010,5.549
2015-08-31,5.4548,5.5021,5.3963,5.4649,0.016,5.544
2015-09-01,5.4176,5.4548,5.3939,5.4040,0.016,5.538
2015-09-02,5.4277,5.4683,5.3973,5.4243,0.006,5.533
2015-09-03,5.4209,5.4649,5.4108,5.4108,0.010,5.529
2015-09-04,5.4108,5.4108,5.3973,5.4074,0.017,5.525
2015-09-08,5.4277,5.4277,5.3939,5.4040,0.015,5.519
2015-09-09,5.4040,5.4209,5.3093,5.3432,0.027,5.516
2015-09-10,5.3060,5.3229,5.2688,5.2755,0.035,5.512
2015-09-11,5.2755,5.3601,5.2755,5.3499,0.008,5.508
2015-09-14,5.3770,5.4108,5.3770,5.3939,0.007,5.506
2015-09-15,5.3905,5.4006,5.3871,5.3871,0.005,5.503
2015-09-16,5.4412,5.6103,5.4412,5.5461,0.076,5.502
2015-09-17,5.5325,5.5934,5.4927,5.5393,0.011,5.502
2015-09-18,5.5156,5.6982,5.4886,5.6982,0.016,5.506
2015-09-21,5.7118,5.7151,5.5866,5.6002,0.008,5.507
2015-09-22,5.5833,5.6137,5.5833,5.6036,0.006,5.508
2015-09-23,5.5802,5.6036,5.5461,5.5731,0.006,5.508
2015-09-24,5.5664,5.5968,5.5190,5.5968,0.007,5.509
2015-09-25,5.5968,5.5968,5.4852,5.4852,0.015,5.508
2015-09-28,5.5654,5.5828,5.3386,5.3770,0.031,5.504
2015-09-29,5.3735,5.3955,5.2688,5.2793,0.021,5.499
2015-09-30,5.2897,5.3543,5.2130,5.3142,0.031,5.494
2015-10-01,5.2967,5.3526,5.2374,5.2653,0.017,5.487
2015-10-02,5.2444,5.2793,5.2374,5.2444,0.016,5.480
2015-10-05,5.2479,5.3630,5.2479,5.2967,0.009,5.476
2015-10-06,5.3421,5.3526,5.3072,5.3107,0.011,5.472
2015-10-07,5.3351,5.3909,5.3351,5.3735,0.004,5.468
2015-10-08,5.3944,5.3944,5.3665,5.3805,0.006,5.465
2015-10-09,5.4014,5.4607,5.4014,5.4188,0.006,5.462
2015-10-12,5.4119,5.4607,5.4119,5.4154,0.003,5.460
2015-10-13,5.4223,5.4572,5.4049,5.4398,0.006,5.459
2015-10-14,5.4328,5.4502,5.3874,5.3944,0.007,5.457
2015-10-15,5.3774,5.4468,5.3774,5.4398,0.004,5.455
2015-10-16,5.4202,5.4398,5.4119,5.4293,0.003,5.453
2015-10-19,5.3944,5.4188,5.3456,5.3665,0.009,5.451
2015-10-20,5.3665,5.3665,5.3526,5.3560,0.004,5.448
2015-10-21,5.3421,5.3665,5.3037,5.3246,0.004,5.445
2015-10-22,5.3037,5.3386,5.2719,5.3037,0.013,5.441
2015-10-23,5.3043,5.3142,5.2936,5.3142,0.005,5.437
2015-10-26,5.3002,5.3142,5.2339,5.2479,0.004,5.432
2015-10-27,5.2339,5.2356,5.1153,5.1153,0.016,5.421
2015-10-28,5.1118,5.2025,5.1118,5.1920,0.036,5.411
2015-10-29,5.2200,5.3177,5.1920,5.2234,0.027,5.401
2015-10-30,5.1920,5.1920,5.1153,5.1292,0.019,5.390
2015-11-02,5.1153,5.1537,5.0595,5.0595,0.035,5.381
2015-11-03,5.1955,5.3386,5.1955,5.2060,0.052,5.377
2015-11-04,5.2234,5.2374,5.2130,5.2234,0.003,5.374
2015-11-05,5.2034,5.2034,5.1118,5.1781,0.010,5.369
2015-11-06,5.1781,5.3351,5.0664,5.1467,0.096,5.363
2015-11-09,5.1711,5.2269,5.1292,5.1467,0.023,5.356
2015-11-10,5.0106,5.1903,4.9618,5.1257,0.031,5.350
2015-11-11,5.1768,5.2234,5.1768,5.2060,0.008,5.346
2015-11-12,5.1781,5.2234,5.1467,5.1886,0.014,5.341
2015-11-13,5.2025,5.2339,5.1851,5.2165,0.013,5.337
2015-11-16,5.1851,5.2304,5.1572,5.2234,0.037,5.333
2015-11-17,5.1955,5.2269,5.1118,5.1223,0.021,5.328
2015-11-18,5.1292,5.1886,5.0909,5.1223,0.013,5.323
2015-11-19,5.1223,5.1903,5.1188,5.1223,0.012,5.320
2015-11-20,5.1083,5.1502,5.0943,5.0978,0.010,5.315
2015-11-23,5.1188,5.1223,5.0978,5.1188,0.014,5.310
2015-11-24,5.0734,5.1075,4.9827,5.0385,0.031,5.303
2015-11-25,4.9966,5.0734,4.9792,5.0001,0.089,5.292
2015-11-27,4.9862,5.1816,4.9862,5.1816,0.005,5.285
2015-11-30,5.2025,5.2165,5.1118,5.1432,0.058,5.274
2015-12-01,5.1397,5.2147,5.0978,5.1048,0.058,5.264
2015-12-02,5.0699,5.1865,5.0699,5.0909,0.008,5.253
2015-12-03,5.0769,5.1467,5.0769,5.0978,0.014,5.244
2015-12-04,5.0943,5.1572,5.0769,5.0769,0.014,5.234
2015-12-07,5.1153,5.1153,5.0385,5.0490,0.025,5.225
2015-12-08,5.0226,5.0385,4.9897,5.0071,0.025,5.217
2015-12-09,5.0455,5.1327,4.9548,4.9548,0.118,5.211
2015-12-10,4.9548,5.0211,4.9548,4.9897,0.006,5.204
2015-12-11,4.9897,5.0357,4.8850,4.8850,0.017,5.197
2015-12-14,4.8641,4.8937,4.7847,4.7873,0.019,5.188
2015-12-15,4.7873,4.8047,4.7105,4.7664,0.061,5.177
2015-12-16,4.7524,4.8150,4.6582,4.7105,0.064,5.165
2015-12-17,4.6826,4.7873,4.6233,4.6303,0.075,5.150
2015-12-18,4.6058,4.7664,4.6058,4.7280,0.030,5.137
2015-12-21,4.7733,4.7803,4.6966,4.7454,0.028,5.124
2015-12-22,4.7315,4.8606,4.7315,4.7594,0.033,5.111
2015-12-23,4.7873,4.8361,4.7559,4.7838,0.020,5.097
2015-12-24,4.7803,4.7978,4.7524,4.7524,0.016,5.085
2015-12-28,4.7768,4.7927,4.7035,4.7454,0.010,5.071
2015-12-29,4.7034,4.7644,4.6853,4.7070,0.037,5.056
2015-12-30,4.6817,4.7034,4.6419,4.6889,0.034,5.043
2015-12-31,4.6527,4.7251,4.6527,4.7070,0.022,5.030
2016-01-04,4.6600,4.7215,4.6455,4.6926,0.025,5.017
2016-01-05,4.7215,4.7577,4.6781,4.6889,0.021,5.005
2016-01-06,4.6926,4.7505,4.6926,4.7070,0.007,4.993
2016-01-07,4.6636,4.7034,4.5658,4.5912,0.013,4.979
2016-01-08,4.6310,4.6310,4.5803,4.5803,0.008,4.969
2016-01-11,4.8120,4.8120,4.5803,4.6165,0.065,4.957
2016-01-12,4.6491,4.6491,4.5803,4.5839,0.026,4.944
2016-01-13,4.5803,4.6057,4.5622,4.6057,0.087,4.934
2016-01-14,4.6238,4.9170,4.5713,4.8808,0.180,4.930
2016-01-15,4.7396,4.8692,4.6672,4.8338,0.067,4.923
2016-01-19,4.8374,4.9026,4.8157,4.8663,0.088,4.916
2016-01-20,4.8120,4.8917,4.7435,4.8519,0.052,4.909
2016-01-21,4.8410,5.1524,4.8048,4.8519,0.071,4.903
2016-01-22,4.9026,5.0691,4.9026,5.0691,0.028,4.902
2016-01-25,5.0365,5.0365,4.6889,4.7613,0.094,4.895
2016-01-26,4.8120,4.9388,4.8085,4.8519,0.011,4.888
2016-01-27,4.8446,4.9098,4.7976,4.8193,0.031,4.880
2016-01-28,4.8446,4.9134,4.8338,4.8591,0.029,4.873
2016-01-29,4.8663,4.9605,4.8084,4.9279,0.053,4.867
2016-02-01,4.8989,4.9858,4.8989,4.9532,0.012,4.864
2016-02-02,4.9062,4.9786,4.7215,4.9605,0.050,4.860
2016-02-03,4.9605,5.0691,4.9207,4.9279,0.027,4.857
2016-02-04,4.9605,4.9605,4.8682,4.9207,0.010,4.853
2016-02-05,4.9026,4.9605,4.8519,4.8591,0.023,4.848
2016-02-08,4.8084,4.8845,4.7758,4.8700,0.043,4.844
2016-02-09,4.8120,4.9007,4.7867,4.7976,0.011,4.840
2016-02-10,4.7541,4.8663,4.7541,4.8265,0.021,4.833
2016-02-11,4.7577,4.7903,4.7577,4.7686,0.014,4.826
2016-02-12,4.7762,4.8446,4.7650,4.8374,0.023,4.820
2016-02-16,4.8736,4.9460,4.8338,4.8845,0.010,4.816
2016-02-17,4.9207,5.0039,4.8772,4.8989,0.022,4.812
2016-02-18,4.8863,4.9569,4.8863,4.9098,0.014,4.809
2016-02-19,4.9062,4.9714,4.9062,4.9098,0.006,4.806
2016-02-22,4.9170,4.9750,4.9062,4.9170,0.007,4.804
2016-02-23,4.9315,4.9605,4.9062,4.9062,0.004,4.803
2016-02-24,4.9062,4.9858,4.9062,4.9388,0.009,4.802
2016-02-25,4.9822,5.0583,4.9170,5.0365,0.019,4.805
2016-02-26,5.0583,5.2031,5.0039,5.1741,0.072,4.813
2016-02-29,5.1415,5.1596,5.0764,5.1524,0.011,4.821
2016-03-01,5.1452,5.2176,5.0779,5.1922,0.025,4.831
2016-03-02,5.1812,5.2139,5.1651,5.1958,0.026,4.842
2016-03-03,5.2166,5.2465,5.1669,5.1922,0.019,4.851
2016-03-04,5.1819,5.2719,5.1814,5.2320,0.018,4.861
2016-03-07,5.2067,5.2683,5.1705,5.2103,0.006,4.870
2016-03-08,5.1307,5.2212,5.1307,5.1452,0.010,4.877
2016-03-09,5.1307,5.2610,5.1162,5.1596,0.023,4.885
2016-03-10,5.1633,5.2357,5.0691,5.1162,0.009,4.893
2016-03-11,5.1560,5.1922,5.1488,5.1922,0.005,4.902
2016-03-14,5.1560,5.2429,5.1560,5.2067,0.012,4.913
2016-03-15,5.1850,5.2158,5.1488,5.1524,0.007,4.922
2016-03-16,5.1506,5.2139,5.1415,5.1741,0.017,4.931
2016-03-17,5.1958,5.2899,5.1922,5.2393,0.020,4.942
2016-03-18,5.1814,5.2755,5.1669,5.1705,0.059,4.952
2016-03-21,5.2067,5.2842,5.1958,5.2683,0.014,4.965
2016-03-22,5.2320,5.2719,5.2176,5.2176,0.013,4.978
2016-03-23,5.2357,5.2502,5.1270,5.1307,0.019,4.988
2016-03-24,5.1415,5.2465,5.1415,5.2176,0.013,5.001
2016-03-28,5.2502,5.2972,5.1889,5.2502,0.031,5.014
2016-03-29,5.2628,5.3302,5.2628,5.3189,0.013,5.022
2016-03-30,5.3189,5.3527,5.3189,5.3339,0.011,5.032
2016-03-31,5.3489,5.3489,5.2852,5.3040,0.025,5.041
2016-04-01,5.2890,5.3377,5.2703,5.3302,0.010,5.051
2016-04-04,5.3377,5.3377,5.2740,5.3077,0.020,5.060
2016-04-05,5.2703,5.3152,5.2478,5.3115,0.009,5.065
2016-04-06,5.2756,5.3115,5.2665,5.3002,0.004,5.076
2016-04-07,5.3002,5.3264,5.2628,5.2965,0.002,5.084
2016-04-08,5.3264,5.3347,5.2628,5.2890,0.003,5.094
2016-04-11,5.3115,5.3152,5.2628,5.2890,0.016,5.102
2016-04-12,5.2890,5.3339,5.2815,5.3152,0.015,5.110
2016-04-13,5.3302,5.3377,5.3077,5.3339,0.009,5.118
2016-04-14,5.3377,5.3414,5.2703,5.2703,0.016,5.124
2016-04-15,5.2927,5.3377,5.2478,5.3339,0.023,5.132
2016-04-18,5.2927,5.3564,5.2777,5.3189,0.009,5.140
2016-04-19,5.2965,5.3489,5.2553,5.3452,0.006,5.150
2016-04-20,5.2928,5.3564,5.2928,5.3227,0.005,5.159
2016-04-21,5.3002,5.3377,5.3002,5.3302,0.004,5.169
2016-04-22,5.3189,5.3564,5.3115,5.3189,0.009,5.179
2016-04-25,5.3115,5.3377,5.3002,5.3339,0.007,5.191
2016-04-26,5.3152,5.3564,5.3115,5.3452,0.026,5.201
2016-04-27,5.3227,5.3676,5.3227,5.3452,0.016,5.210
2016-04-28,5.3152,5.3377,5.3152,5.3302,0.022,5.219
2016-04-29,5.3377,5.3414,5.3002,5.3227,0.014,5.227
2016-05-02,5.3377,5.3751,5.3264,5.3639,0.006,5.236
2016-05-03,5.3527,5.3527,5.3002,5.3152,0.009,5.244
2016-05-04,5.3115,5.3414,5.3002,5.3002,0.011,5.252
2016-05-05,5.3002,5.3770,5.3002,5.3527,0.027,5.260
2016-05-06,5.2965,5.3939,5.2965,5.3939,0.011,5.267
2016-05-09,5.3602,5.4051,5.3602,5.3901,0.012,5.272
2016-05-10,5.3930,5.4126,5.3817,5.3939,0.006,5.276
2016-05-11,5.4126,5.4463,5.3864,5.4276,0.036,5.281
2016-05-12,5.4463,5.4688,5.4388,5.4650,0.036,5.286
2016-05-13,5.4613,5.5212,5.4613,5.5212,0.035,5.293
2016-05-16,5.5325,5.6083,5.5287,5.6036,0.031,5.301
2016-05-17,5.6111,5.6561,5.5961,5.6373,0.029,5.309
2016-05-18,5.6598,5.6748,5.6373,5.6373,0.045,5.319
2016-05-19,5.6411,5.6486,5.5467,5.6111,0.026,5.328
2016-05-20,5.6373,5.6757,5.6074,5.6673,0.031,5.339
2016-05-23,5.6898,5.7235,5.6598,5.7048,0.056,5.349
2016-05-24,5.7010,5.7385,5.6823,5.6973,0.021,5.359
2016-05-25,5.6973,5.7272,5.6598,5.6973,0.032,5.370
2016-05-26,5.6785,5.7347,5.6785,5.7010,0.033,5.380
2016-05-27,5.7048,5.7684,5.7048,5.7684,0.040,5.391
2016-05-31,5.8059,5.8434,5.7984,5.8321,0.041,5.404
2016-06-01,5.8321,5.8546,5.7872,5.8359,0.024,5.416
2016-06-02,5.8359,5.9332,5.8359,5.9070,0.026,5.429
2016-06-03,5.8883,5.9108,5.7947,5.7984,0.024,5.443
2016-06-06,5.7535,5.8471,5.6977,5.8321,0.051,5.455
2016-06-07,5.7422,5.8621,5.7422,5.8621,0.014,5.467
2016-06-08,5.9126,5.9183,5.8452,5.9183,0.053,5.479
2016-06-09,5.9183,5.9183,5.8733,5.9033,0.027,5.491
2016-06-10,5.8883,5.9183,5.8786,5.8958,0.025,5.502
2016-06-13,5.8621,5.9145,5.8621,5.8696,0.020,5.513
2016-06-14,5.8883,5.9707,5.8733,5.9520,0.056,5.526
2016-06-15,5.9745,5.9745,5.9145,5.9370,0.063,5.539
2016-06-16,5.9183,5.9520,5.9183,5.9332,0.023,5.551
2016-06-17,5.9445,5.9745,5.9201,5.9670,0.081,5.565
2016-06-20,5.9670,6.0082,5.9670,6.0082,0.031,5.579
2016-06-21,5.9932,6.0269,5.9557,5.9969,0.040,5.593
2016-06-22,6.0044,6.0231,5.9782,5.9894,0.046,5.607
2016-06-23,5.9932,6.0269,5.9636,5.9969,0.049,5.620
2016-06-24,5.9370,6.0082,5.9070,5.9482,0.061,5.634
2016-06-27,5.9782,5.9894,5.9407,5.9707,0.077,5.646
2016-06-28,6.0654,6.0654,6.0036,6.0306,0.056,5.661
2016-06-29,6.0500,6.0731,6.0075,6.0190,0.059,5.674
2016-06-30,6.0345,6.0615,5.9881,6.0152,0.067,5.688
2016-07-01,6.0152,6.0577,5.9379,6.0229,0.027,5.702
2016-07-05,6.0538,6.0538,5.9456,5.9804,0.039,5.715
2016-07-06,5.9572,6.0075,5.9495,5.9804,0.054,5.728
2016-07-07,5.9959,5.9959,5.8916,5.9109,0.046,5.739
2016-07-08,5.9225,5.9843,5.8684,5.8800,0.055,5.750
2016-07-11,5.9147,5.9302,5.8761,5.8916,0.036,5.761
2016-07-12,5.9456,5.9456,5.8722,5.8916,0.074,5.773
2016-07-13,5.8916,5.9379,5.8336,5.8877,0.052,5.783
2016-07-14,5.8993,5.8993,5.8221,5.8491,0.064,5.794
2016-07-15,5.8684,5.8954,5.7722,5.7911,0.099,5.803
2016-07-18,5.8336,5.9070,5.7872,5.8220,0.121,5.813
2016-07-19,5.9031,5.9881,5.8626,5.9456,0.078,5.824
2016-07-20,5.9842,5.9881,5.9012,5.9302,0.116,5.835
2016-07-21,5.9611,5.9688,5.8940,5.9147,0.028,5.845
2016-07-22,5.9572,5.9881,5.8568,5.9341,0.139,5.855
2016-07-25,5.9766,5.9804,5.9147,5.9572,0.011,5.865
2016-07-26,5.9650,6.0190,5.9447,5.9804,0.031,5.874
2016-07-27,6.0268,6.0268,5.9341,5.9881,0.023,5.882
2016-07-28,6.0075,6.0075,5.9070,5.9572,0.014,5.888
2016-07-29,5.9843,6.0152,5.9205,5.9572,0.026,5.895
2016-08-01,5.9804,6.0538,5.9611,6.0190,0.022,5.903
2016-08-02,6.0229,6.0384,5.9881,6.0229,0.009,5.910
2016-08-03,6.0268,6.0422,5.9772,6.0345,0.016,5.917
2016-08-04,6.0152,6.0152,5.9186,5.9225,0.016,5.921
2016-08-05,5.9186,6.0152,5.9186,6.0113,0.030,5.927
2016-08-08,6.0345,6.0570,6.0036,6.0075,0.034,5.934
2016-08-09,6.0075,6.0693,5.9966,6.0422,0.041,5.939
2016-08-10,6.0654,6.1813,6.0654,6.1736,0.078,5.946
2016-08-11,6.2045,6.2045,6.1272,6.1388,0.032,5.952
2016-08-12,6.1557,6.1968,6.1311,6.1813,0.057,5.957
2016-08-15,6.1813,6.2083,6.1427,6.1774,0.046,5.965
2016-08-16,6.1813,6.2006,6.1697,6.1890,0.040,5.972
2016-08-17,6.2006,6.2006,6.1620,6.1774,0.033,5.978
2016-08-18,6.1581,6.1929,6.1581,6.1581,0.023,5.983
2016-08-19,6.1427,6.1852,6.1427,6.1659,0.020,5.988
2016-08-22,6.1774,6.2199,6.1697,6.1929,0.031,5.994
2016-08-23,6.1774,6.2238,6.1659,6.1697,0.059,6.000
2016-08-24,6.2431,6.2431,6.1697,6.1813,0.017,6.005
2016-08-25,6.2073,6.2354,6.1774,6.1890,0.030,6.010
2016-08-26,6.2199,6.2354,6.1698,6.1852,0.033,6.015
2016-08-29,6.2624,6.2740,6.2024,6.2238,0.025,6.020
2016-08-30,6.2740,6.3455,6.2315,6.3397,0.058,6.027
2016-08-31,6.4131,6.4131,6.3590,6.3822,0.034,6.035
2016-09-01,6.3822,6.4324,6.2937,6.3358,0.021,6.041
2016-09-02,6.3320,6.4324,6.3320,6.4170,0.018,6.050
2016-09-06,6.4324,6.4633,6.4189,6.4595,0.033,6.060
2016-09-07,6.4711,6.5174,6.4595,6.5136,0.036,6.071
2016-09-08,6.5329,6.5715,6.5097,6.5560,0.023,6.081
2016-09-09,6.5599,6.5599,6.4131,6.4247,0.038,6.090
2016-09-12,6.3745,6.4517,6.3049,6.4092,0.026,6.097
2016-09-13,6.4170,6.4711,6.3749,6.3938,0.012,6.105
2016-09-14,6.3745,6.4556,6.3745,6.4363,0.015,6.114
2016-09-15,6.4363,6.6063,6.4282,6.6024,0.050,6.126
2016-09-16,6.6217,6.6642,6.5483,6.5522,0.059,6.139
2016-09-19,6.5676,6.6797,6.5676,6.6565,0.035,6.155
2016-09-20,6.6642,6.6642,6.6256,6.6642,0.020,6.170
2016-09-21,6.6797,6.7183,6.6604,6.6874,0.027,6.186
2016-09-22,6.7569,6.7763,6.7368,6.7531,0.041,6.203
2016-09-23,6.7724,6.8458,6.7621,6.8188,0.043,6.223
2016-09-26,6.8188,6.9115,6.7811,6.7840,0.075,6.243
2016-09-27,6.7994,6.9617,6.7994,6.9308,0.080,6.265
2016-09-28,6.9446,6.9565,6.7777,6.8651,0.044,6.283
2016-09-29,6.8889,6.9009,6.7976,6.8174,0.015,6.301
2016-09-30,6.8492,6.8806,6.7662,6.7976,0.015,6.319
2016-10-03,6.8373,6.8373,6.7515,6.7896,0.028,6.336
2016-10-04,6.7618,6.7618,6.4401,6.5552,0.082,6.348
2016-10-05,6.5600,6.6387,6.5393,6.5473,0.029,6.359
2016-10-06,6.5473,6.5473,6.5115,6.5155,0.025,6.370
2016-10-07,6.5244,6.5632,6.5155,6.5155,0.016,6.381
2016-10-10,6.5036,6.6109,6.5036,6.5314,0.015,6.392
2016-10-11,6.5393,6.5393,6.4996,6.5076,0.029,6.402
2016-10-12,6.5274,6.5274,6.4082,6.4400,0.065,6.410
2016-10-13,6.4400,6.4797,6.4281,6.4281,0.069,6.418
2016-10-14,6.4519,6.4956,6.4043,6.4321,0.014,6.428
2016-10-17,6.4360,6.4877,6.4043,6.4241,0.021,6.437
2016-10-18,6.4321,6.4321,6.3725,6.3963,0.042,6.445
2016-10-19,6.4241,6.4321,6.3963,6.4003,0.008,6.452
2016-10-20,6.4241,6.4241,6.3963,6.3963,0.018,6.456
2016-10-21,6.4122,6.4360,6.3923,6.4360,0.010,6.462
2016-10-24,6.4360,6.4837,6.4162,6.4281,0.021,6.467
2016-10-25,6.4281,6.5155,6.4281,6.4758,0.047,6.473
2016-10-26,6.4559,6.5314,6.4539,6.4718,0.018,6.479
2016-10-27,6.4639,6.4877,6.4003,6.4122,0.014,6.483
2016-10-28,6.4003,6.4480,6.3645,6.3725,0.026,6.488
2016-10-31,6.3725,6.4480,6.3566,6.4202,0.021,6.493
2016-11-01,6.4480,6.4480,6.3765,6.3804,0.011,6.496
2016-11-02,6.3765,6.4956,6.3606,6.4281,0.043,6.502
2016-11-03,6.4122,6.5155,6.3725,6.4003,0.029,6.506
2016-11-04,6.3963,6.5036,6.3884,6.4122,0.017,6.510
2016-11-07,6.4122,6.4718,6.3825,6.3923,0.016,6.515
2016-11-08,6.3884,6.4797,6.3884,6.4797,0.012,6.520
2016-11-09,6.4480,6.5314,6.3570,6.4877,0.032,6.523
2016-11-10,6.5513,6.6466,6.4972,6.5552,0.042,6.526
2016-11-11,6.5791,6.6546,6.5393,6.6347,0.043,6.532
2016-11-14,6.6704,6.7102,6.5950,6.5950,0.048,6.536
2016-11-15,6.6347,6.6347,6.4718,6.6029,0.052,6.539
2016-11-16,6.5989,6.7857,6.5989,6.7420,0.102,6.543
2016-11-17,6.7062,6.8015,6.7062,6.7539,0.051,6.547
2016-11-18,6.8015,6.8532,6.7499,6.8373,0.043,6.555
2016-11-21,6.8373,6.9644,6.8294,6.9525,0.058,6.566
2016-11-22,6.9644,7.0518,6.9644,7.0518,0.039,6.579
2016-11-23,7.0280,7.1035,6.9664,6.9724,0.051,6.590
2016-11-25,6.9922,7.1075,6.9922,7.1075,0.040,6.600
2016-11-28,7.0717,7.1114,7.0717,7.0876,0.090,6.611
2016-11-29,7.1114,7.1849,7.0757,7.1512,0.071,6.621
2016-11-30,7.1114,7.1631,7.0359,7.0359,0.051,6.628
2016-12-01,7.0717,7.1313,7.0121,7.0836,0.066,6.636
2016-12-02,7.0797,7.1392,7.0459,7.1392,0.050,6.644
2016-12-05,7.1949,7.2505,7.1313,7.2266,0.064,6.652
2016-12-06,7.2306,7.3260,7.2068,7.3061,0.054,6.662
2016-12-07,7.2823,7.4094,7.2823,7.3657,0.082,6.671
2016-12-08,7.3657,7.4491,7.3299,7.4372,0.035,6.683
2016-12-09,7.4690,7.5167,7.4094,7.4094,0.064,6.694
2016-12-12,7.4173,7.5047,7.4134,7.4889,0.044,6.708
2016-12-13,7.4889,7.5286,7.3776,7.3935,0.038,6.720
2016-12-14,7.3736,7.4372,7.3061,7.3578,0.050,6.736
2016-12-15,7.3935,7.3935,7.2028,7.3101,0.097,6.752
2016-12-16,7.2902,7.4571,7.2902,7.3419,0.043,6.768
2016-12-19,7.3816,7.3816,7.3349,7.3458,0.055,6.785
2016-12-20,7.3498,7.3975,7.3498,7.3895,0.048,6.802
2016-12-21,7.3578,7.4134,7.3578,7.3935,0.058,6.820
2016-12-22,7.3895,7.4094,7.3498,7.4094,0.057,6.839
2016-12-23,7.4372,7.4491,7.4054,7.4491,0.042,6.859
2016-12-27,7.4134,7.4690,7.4094,7.4650,0.078,6.880
2016-12-28,7.4896,7.5101,7.4361,7.4690,0.031,6.901
2016-12-29,7.4978,7.5225,7.4484,7.5019,0.032,6.923
2016-12-30,7.5060,7.5307,7.4394,7.4813,0.035,6.945
2017-01-03,7.5307,7.5471,7.5098,7.5142,0.161,6.967
2017-01-04,7.5636,7.6705,7.5636,7.6294,0.095,6.991
2017-01-05,7.6458,7.6705,7.5225,7.5554,0.055,7.014
2017-01-06,7.5677,7.6705,7.5677,7.6129,0.036,7.036
2017-01-09,7.6664,7.7260,7.6253,7.6993,0.059,7.061
2017-01-10,7.7281,7.7528,7.6212,7.7528,0.061,7.088
2017-01-11,7.7117,7.7733,7.6541,7.7487,0.025,7.115
2017-01-12,7.7322,7.7733,7.6541,7.6582,0.019,7.140
2017-01-13,7.6582,7.6705,7.5800,7.6335,0.026,7.165
2017-01-17,7.5883,7.7199,7.5883,7.6787,0.026,7.190
2017-01-18,7.6623,7.7857,7.6088,7.6829,0.040,7.216
2017-01-19,7.7075,7.7404,7.6582,7.7117,0.018,7.242
2017-01-20,7.7129,7.7240,7.6623,7.6746,0.015,7.267
2017-01-23,7.6335,7.6746,7.5060,7.5225,0.076,7.288
2017-01-24,7.4649,7.5636,7.4484,7.4525,0.046,7.307
2017-01-25,7.4649,7.5067,7.2551,7.2633,0.137,7.322
2017-01-26,7.2963,7.5225,7.2953,7.5019,0.067,7.339
2017-01-27,7.4649,7.4649,7.3867,7.4114,0.038,7.355
2017-01-30,7.4114,7.4114,7.2963,7.3415,0.056,7.370
2017-01-31,7.3785,7.4237,7.2592,7.3621,0.051,7.382
2017-02-01,7.3621,7.4032,7.1938,7.2551,0.061,7.392
2017-02-02,7.2592,7.3744,7.2592,7.3744,0.035,7.403
2017-02-03,7.4032,7.4669,7.3640,7.4361,0.020,7.413
2017-02-06,7.4114,7.4608,7.3662,7.4608,0.042,7.421
2017-02-07,7.4073,7.4678,7.4073,7.4525,0.017,7.431
2017-02-08,7.4279,7.4608,7.3755,7.4196,0.015,7.437
2017-02-09,7.3991,7.4237,7.3703,7.3703,0.026,7.443
2017-02-10,7.3621,7.4567,7.3621,7.4279,0.036,7.448
2017-02-13,7.4525,7.5019,7.4114,7.4608,0.034,7.457
2017-02-14,7.4484,7.4772,7.3703,7.3950,0.030,7.463
2017-02-15,7.3703,7.4196,7.3415,7.3991,0.063,7.468
2017-02-16,7.4196,7.4731,7.3894,7.4361,0.044,7.472
2017-02-17,7.4690,7.5019,7.3374,7.3950,0.028,7.474
2017-02-21,7.4567,7.5718,7.4073,7.5677,0.052,7.478
2017-02-22,7.5389,7.5595,7.4299,7.5060,0.047,7.479
2017-02-23,7.5060,7.6047,7.4932,7.6047,0.030,7.483
2017-02-24,7.6047,7.6787,7.6047,7.6746,0.025,7.487
2017-02-27,7.6294,7.6664,7.5965,7.6500,0.022,7.492
2017-02-28,7.6541,7.6762,7.6088,7.6294,0.014,7.498
2017-03-01,7.5842,7.6500,7.5390,7.5471,0.031,7.502
2017-03-02,7.6043,7.6047,7.5307,7.5554,0.020,7.507
2017-03-03,7.5965,7.6006,7.5307,7.5924,0.024,7.512
2017-03-06,7.5883,7.6047,7.4937,7.5142,0.030,7.514
2017-03-07,7.5142,7.6006,7.5142,7.5348,0.014,7.517
2017-03-08,7.5554,7.5554,7.4115,7.4649,0.024,7.518
2017-03-09,7.5266,7.6253,7.4237,7.4402,0.027,7.518
2017-03-10,7.4896,7.5266,7.4484,7.4978,0.018,7.518
2017-03-13,7.5718,7.5718,7.4525,7.4525,0.035,7.518
2017-03-14,7.4896,7.4996,7.3785,7.4690,0.039,7.517
2017-03-15,7.6500,7.8145,7.6417,7.8062,0.048,7.524
2017-03-16,7.8682,7.8682,7.7373,7.8597,0.035,7.531
2017-03-17,7.8091,8.0792,7.8091,8.0750,0.089,7.540
2017-03-20,8.0159,8.0412,7.9779,8.0159,0.057,7.549
2017-03-21,8.0159,8.0159,7.8386,7.8471,0.103,7.554
2017-03-22,7.8513,7.9146,7.7035,7.7753,0.107,7.555
2017-03-23,7.3827,7.4629,7.0704,7.1463,1.106,7.543
2017-03-24,6.9480,7.1295,6.9226,6.9902,4.506,7.528
2017-03-27,7.0450,7.0704,6.9691,7.0493,0.382,7.516
2017-03-28,7.0493,7.1379,7.0113,7.1084,0.366,7.505
2017-03-29,7.0915,7.2097,7.0788,7.1548,0.225,7.495
2017-03-30,7.1759,7.2265,7.1463,7.2139,0.285,7.485
2017-03-31,7.2181,7.2350,7.1675,7.2139,0.159,7.475
2017-04-03,7.1970,7.2941,7.1928,7.2856,0.292,7.468
2017-04-04,7.2814,7.3785,7.2772,7.3785,0.344,7.465
2017-04-05,7.3321,7.3870,7.2814,7.2814,0.162,7.461
2017-04-06,7.2814,7.3447,7.2477,7.2899,0.191,7.462
2017-04-07,7.2645,7.3447,7.1759,7.1759,0.280,7.455
2017-04-10,7.1928,7.3194,7.1843,7.2899,0.165,7.453
2017-04-11,7.3110,7.3574,7.2973,7.3194,0.197,7.452
2017-04-12,7.3236,7.3405,7.2645,7.3236,0.143,7.452
2017-04-13,7.3067,7.3532,7.2899,7.3279,0.114,7.453
2017-04-17,7.3236,7.3658,7.2941,7.3405,0.139,7.452
2017-04-18,7.3447,7.3996,7.3321,7.3616,0.235,7.451
2017-04-19,7.3658,7.3954,7.3553,7.3701,0.149,7.449
2017-04-20,7.3870,7.4038,7.3067,7.3658,0.223,7.447
2017-04-21,7.3658,7.4038,7.3658,7.3743,0.126,7.447
2017-04-24,7.4249,7.4292,7.3785,7.3827,0.170,7.447
2017-04-25,7.4165,7.4245,7.3870,7.4081,0.107,7.446
2017-04-26,7.4081,7.4249,7.4017,7.4207,0.174,7.446
2017-04-27,7.4123,7.4672,7.4123,7.4587,0.173,7.447
2017-04-28,7.4629,7.4714,7.3194,7.3405,0.123,7.446
2017-05-01,7.3447,7.4756,7.3405,7.4503,0.107,7.446
2017-05-02,7.4925,7.4925,7.3912,7.4292,0.102,7.447
2017-05-03,7.4292,7.4798,7.3595,7.4207,0.310,7.444
2017-05-04,7.4038,7.4376,7.2730,7.3447,0.179,7.440
2017-05-05,7.3405,7.3870,7.2645,7.3152,0.108,7.435
2017-05-08,7.3110,7.3363,7.2392,7.2814,0.140,7.427
2017-05-09,7.2688,7.3129,6.9944,7.0197,0.387,7.414
2017-05-10,7.1126,7.3574,7.1126,7.3363,0.347,7.408
2017-05-11,7.3236,7.3785,7.2814,7.3363,0.123,7.404
2017-05-12,7.3363,7.4545,7.3359,7.3870,0.209,7.401
2017-05-15,7.3490,7.4883,7.3236,7.4883,0.206,7.399
2017-05-16,7.4925,7.5178,7.4503,7.5094,0.170,7.399
2017-05-17,7.5136,7.5305,7.4840,7.5094,0.115,7.398
2017-05-18,7.4925,7.5431,7.4821,7.5262,0.165,7.399
2017-05-19,7.5516,7.5980,7.5431,7.5727,0.346,7.402
2017-05-22,7.5769,7.6402,7.5769,7.6318,0.262,7.405
2017-05-23,7.6487,7.7035,7.6276,7.6824,0.221,7.409
2017-05-24,7.6824,7.7373,7.6824,7.7035,0.197,7.414
2017-05-25,7.7204,7.7584,7.7078,7.7457,0.161,7.413
2017-05-26,7.7542,7.7542,7.6993,7.7373,0.110,7.410
2017-05-30,7.7542,7.7542,7.6782,7.6909,0.165,7.403
2017-05-31,7.7246,7.7246,7.5853,7.6360,0.135,7.395
2017-06-01,7.6740,7.6782,7.5516,7.6191,0.127,7.390
2017-06-02,7.6149,7.6360,7.5685,7.6149,0.126,7.387
2017-06-05,7.5980,7.5980,7.4334,7.5051,0.200,7.394
2017-06-06,7.5262,7.5305,7.3954,7.5262,0.145,7.405
2017-06-07,7.5516,7.5811,7.5136,7.5347,0.140,7.415
2017-06-08,7.5347,7.5474,7.4883,7.5220,0.107,7.423
2017-06-09,7.5558,7.7331,7.5220,7.6698,0.150,7.433
2017-06-12,7.6740,7.8048,7.6740,7.7373,0.224,7.444
2017-06-13,7.7669,7.7669,7.6571,7.7457,0.236,7.454
2017-06-14,7.7457,7.7584,7.6233,7.7246,0.179,7.463
2017-06-15,7.7331,7.8006,7.7162,7.7753,0.175,7.471
2017-06-16,7.8091,7.9948,7.7825,7.9948,0.507,7.485
2017-06-19,8.0201,8.0201,7.9315,7.9610,0.244,7.499
2017-06-20,7.9315,7.9821,7.8679,7.9399,0.146,7.514
2017-06-21,7.9357,7.9948,7.7669,7.8091,0.197,7.525
2017-06-22,7.8091,7.9274,7.8048,7.8428,0.181,7.535
2017-06-23,7.8935,8.0032,7.8323,7.9610,1.527,7.548
2017-06-26,7.9695,8.0581,7.9200,8.0243,0.338,7.562
2017-06-27,8.0075,8.0581,7.9273,7.9357,0.361,7.574
2017-06-28,8.0064,8.2836,7.9155,8.2143,0.307,7.591
2017-06-29,8.2056,8.2056,7.9545,8.0497,0.225,7.604
2017-06-30,8.0714,8.0714,7.9588,7.9978,0.135,7.617
2017-07-03,7.9805,8.1363,7.9623,8.0930,0.105,7.631
2017-07-05,8.0887,8.1093,7.9675,8.0671,0.176,7.645
2017-07-06,8.0238,8.0497,7.9545,7.9891,0.165,7.657
2017-07-07,7.9588,8.0194,7.9112,8.0151,0.152,7.668
2017-07-10,8.0194,8.0930,7.9631,8.0627,0.137,7.681
2017-07-11,8.0627,8.1320,7.9978,8.1320,0.226,7.696
2017-07-12,8.1796,8.2663,8.1204,8.2143,0.269,7.712
2017-07-13,8.2143,8.2229,8.0432,8.1104,0.155,7.725
2017-07-14,8.0844,8.1970,8.0822,8.1667,0.095,7.740
2017-07-17,8.1623,8.2273,8.1320,8.1926,0.127,7.757
2017-07-18,8.1667,8.2013,8.0930,8.1320,0.163,7.773
2017-07-19,8.1667,8.1905,8.1060,8.1407,0.151,7.791
2017-07-20,8.1623,8.2879,8.1320,8.2403,0.163,7.815
2017-07-21,8.3009,8.3009,8.1667,8.2316,0.172,7.833
2017-07-24,8.2316,8.2576,8.1840,8.2229,0.147,7.851
2017-07-25,8.2619,8.2619,8.1234,8.1796,0.159,7.867
2017-07-26,8.2229,8.2316,8.1580,8.2056,0.108,7.881
2017-07-27,8.2056,8.2706,8.1840,8.2533,0.103,7.896
2017-07-28,8.2489,8.2617,8.1710,8.2100,0.071,7.910
2017-07-31,8.2100,8.3312,8.2100,8.3096,0.196,7.925
2017-08-01,8.3225,8.3702,8.2555,8.3658,0.089,7.941
2017-08-02,8.3658,8.3658,8.3139,8.3442,0.083,7.956
2017-08-03,8.3485,8.3529,8.2792,8.3009,0.083,7.968
2017-08-04,8.3485,8.3485,8.2706,8.3139,0.100,7.980
2017-08-07,8.3615,8.3658,8.2706,8.3615,0.129,7.992
2017-08-08,8.3312,8.4135,8.3269,8.3788,0.082,8.005
2017-08-09,8.2533,8.3399,8.2186,8.2359,0.158,8.016
2017-08-10,8.2403,8.2922,8.0281,8.0671,0.248,8.025
2017-08-11,8.0108,8.0326,7.7943,7.9458,0.209,8.031
2017-08-14,7.9718,8.1060,7.9242,8.1017,0.202,8.041
2017-08-15,8.1190,8.1753,8.0064,8.1493,0.148,8.054
2017-08-16,8.1883,8.2056,8.1363,8.1580,0.088,8.067
2017-08-17,8.1147,8.1840,8.0497,8.0497,0.119,8.077
2017-08-18,8.0151,8.1190,7.9447,8.0584,0.149,8.088
2017-08-21,8.0541,8.1104,8.0238,8.0584,0.089,8.095
2017-08-22,8.0801,8.1623,8.0627,8.1493,0.102,8.104
2017-08-23,8.1234,8.1623,8.0757,8.0844,0.137,8.110
2017-08-24,8.0887,8.1623,8.0887,8.1537,0.110,8.119
2017-08-25,8.1623,8.1623,8.0801,8.1277,0.077,8.126
2017-08-28,8.1147,8.1537,8.0974,8.1147,0.075,8.128
2017-08-29,8.0974,8.1051,7.9718,7.9761,0.137,8.129
2017-08-30,7.9718,8.0228,7.9480,7.9935,0.092,8.130
2017-08-31,7.9935,8.0541,7.9891,8.0021,0.075,8.134
2017-09-01,8.0194,8.0887,8.0194,8.0844,0.056,8.139
2017-09-05,8.0714,8.1190,7.8809,7.9328,0.129,8.138
2017-09-06,7.9631,7.9987,7.8462,7.9242,0.144,8.136
2017-09-07,7.9328,7.9935,7.8982,7.9848,0.093,8.137
2017-09-08,7.9805,7.9935,7.9372,7.9415,0.051,8.131
2017-09-11,7.9285,8.0021,7.8939,7.9285,0.114,8.129
2017-09-12,7.9242,8.0108,7.9242,7.9761,0.062,8.129
2017-09-13,7.9805,7.9805,7.8679,7.8679,0.132,8.124
2017-09-14,7.8332,7.8852,7.8202,7.8592,0.106,8.120
2017-09-15,7.8332,7.8902,7.8029,7.8419,0.251,8.117
2017-09-18,7.9242,7.9328,7.8679,7.8809,0.116,8.114
2017-09-19,7.8982,8.0064,7.8982,7.9545,0.087,8.112
2017-09-20,7.9761,7.9761,7.8765,7.9068,0.064,8.108
2017-09-21,7.9242,7.9761,7.8809,7.8982,0.063,8.101
2017-09-22,7.9025,8.0064,7.9025,7.9891,0.124,8.099
2017-09-25,8.0108,8.0411,7.9805,8.0324,0.155,8.096
2017-09-26,8.0497,8.0541,7.9978,8.0021,0.106,8.092
2017-09-27,8.0151,8.0541,7.9291,7.9935,0.198,8.090
2017-09-28,7.9950,8.1062,7.9461,8.1017,0.190,8.089
2017-09-29,8.1150,8.1150,7.9861,8.0483,0.095,8.085
2017-10-02,8.0039,8.0928,7.9728,8.0839,0.094,8.082
2017-10-03,8.0884,8.1150,8.0861,8.0884,0.090,8.079
2017-10-04,8.0928,8.0928,8.0439,8.0483,0.087,8.077
2017-10-05,8.0706,8.1242,8.0306,8.0706,0.105,8.074
2017-10-06,8.0661,8.0706,7.9861,8.0350,0.085,8.070
2017-10-09,8.0706,8.1417,8.0528,8.1062,0.130,8.068
2017-10-10,8.1328,8.2662,8.1196,8.1817,0.198,8.065
2017-10-11,8.2040,8.2617,8.1840,8.2395,0.097,8.063
2017-10-12,8.2307,8.2840,8.2307,8.2573,0.100,8.061
2017-10-13,8.2618,8.2707,8.2307,8.2618,0.105,8.060
2017-10-16,8.2707,8.3419,8.2618,8.2974,0.093,8.060
2017-10-17,8.2929,8.3119,8.2351,8.2707,0.110,8.058
2017-10-18,8.2618,8.3240,8.2529,8.3062,0.061,8.056
2017-10-19,8.3240,8.3596,8.2618,8.3418,0.080,8.059
2017-10-20,8.3996,8.4708,8.3196,8.4663,0.133,8.067
2017-10-23,8.4663,8.4663,8.2840,8.3196,0.102,8.074
2017-10-24,8.3418,8.3624,8.2840,8.3151,0.091,8.078
2017-10-25,8.3107,8.3107,8.1306,8.2218,0.136,8.080
2017-10-26,8.2707,8.2972,8.0750,8.1284,0.179,8.079
2017-10-27,8.0839,8.2440,8.0350,8.2307,0.211,8.083
2017-10-30,8.2618,8.2618,8.1017,8.1417,0.127,8.084
2017-10-31,8.1551,8.1551,8.0928,8.0973,0.187,8.085
2017-11-01,8.1506,8.1684,8.0859,8.1239,0.116,8.085
2017-11-02,8.1239,8.1306,8.0083,8.0661,0.119,8.084
2017-11-03,8.0661,8.0661,8.0083,8.0128,0.102,8.082
2017-11-06,8.0483,8.0483,7.8058,7.8883,0.233,8.077
2017-11-07,7.9149,8.0083,7.8705,7.9816,0.124,8.074
2017-11-08,8.0483,8.0528,7.9416,8.0128,0.124,8.075
2017-11-09,8.0128,8.0217,7.9211,8.0083,0.070,8.075
2017-11-10,7.9905,8.0528,7.9416,7.9461,0.121,8.074
2017-11-13,7.9149,7.9194,7.8127,7.8794,0.142,8.070
2017-11-14,7.8482,8.0306,7.8482,7.9772,0.082,8.071
2017-11-15,7.9194,7.9994,7.9061,7.9061,0.093,8.070
2017-11-16,7.9016,8.0128,7.9016,7.9594,0.092,8.070
2017-11-17,7.9416,8.0443,7.9327,7.9950,0.072,8.071
2017-11-20,8.0172,8.0928,8.0172,8.0839,0.078,8.074
2017-11-21,8.1195,8.2084,8.1195,8.2040,0.084,8.079
2017-11-22,8.2218,8.2751,8.2018,8.2307,0.064,8.086
2017-11-24,8.2218,8.2529,8.1595,8.1862,0.088,8.092
2017-11-27,8.1862,8.2262,8.1195,8.1195,0.113,8.098
2017-11-28,8.1729,8.2311,8.1462,8.2262,0.100,8.105
2017-11-29,8.2484,8.2929,8.1773,8.2262,0.075,8.110
2017-11-30,8.2395,8.2395,8.0706,8.1017,0.126,8.114
2017-12-01,8.0750,8.2218,8.0350,8.1995,0.104,8.120
2017-12-04,8.2395,8.3151,8.2218,8.2351,0.105,8.125
2017-12-05,8.2351,8.2929,8.1995,8.2307,0.092,8.129
2017-12-06,8.2351,8.2484,8.1729,8.1862,0.052,8.133
2017-12-07,8.1817,8.2662,8.1729,8.2040,0.065,8.137
2017-12-08,8.2351,8.2440,8.1684,8.2040,0.059,8.139
2017-12-11,8.1995,8.2618,8.1817,8.1995,0.083,8.142
2017-12-12,8.1995,8.2440,8.1995,8.2084,0.085,8.145
2017-12-13,8.2218,8.2573,8.2040,8.2129,0.151,8.147
2017-12-14,8.1817,8.2307,8.1462,8.1462,0.145,8.149
2017-12-15,8.2529,8.3374,8.1773,8.2440,0.207,8.152
2017-12-18,8.2907,8.3418,8.2084,8.2129,0.145,8.156
2017-12-19,8.1106,8.2662,8.0483,8.0483,0.163,8.155
2017-12-20,8.0706,8.1339,8.0483,8.0884,0.146,8.153
2017-12-21,8.1417,8.2551,8.0884,8.1951,0.177,8.152
2017-12-22,8.2084,8.2307,8.1462,8.1906,0.102,8.151
2017-12-26,8.1729,8.2529,8.1729,8.2173,0.099,8.150
2017-12-27,8.2484,8.2484,8.1595,8.2040,0.178,8.148
2017-12-28,8.1557,8.3429,8.1557,8.3018,0.174,8.149
2017-12-29,8.3018,8.3429,8.2105,8.2150,0.089,8.147
2018-01-02,8.2653,8.2653,8.1420,8.2196,0.220,8.144
2018-01-03,8.2059,8.2507,8.0187,8.0552,0.206,8.136
2018-01-04,8.0735,8.0917,8.0141,8.0141,0.168,8.130
2018-01-05,8.0506,8.1141,8.0232,8.0826,0.092,8.125
2018-01-08,8.0780,8.1328,8.0461,8.0872,0.110,8.123
2018-01-09,8.0917,8.1054,8.0461,8.0963,0.083,8.122
2018-01-10,8.0963,8.1283,8.0004,8.0415,0.105,8.118
2018-01-11,8.0598,8.0826,8.0141,8.0552,0.141,8.117
2018-01-12,8.0552,8.1100,8.0004,8.0461,0.116,8.116
2018-01-16,8.0826,8.1237,7.9593,7.9639,0.138,8.112
2018-01-17,7.9502,7.9958,7.9182,7.9730,0.112,8.110
2018-01-18,7.9456,7.9680,7.8543,7.8634,0.129,8.107
2018-01-19,7.8452,7.9456,7.8452,7.9045,0.086,8.108
2018-01-22,7.8771,8.0004,7.8771,7.9639,0.130,8.107
2018-01-23,7.9548,8.0415,7.9365,8.0141,0.068,8.107
2018-01-24,8.0141,8.0689,7.9730,7.9867,0.086,8.107
2018-01-25,8.0141,8.0689,8.0141,8.0461,0.159,8.109
2018-01-26,8.0643,8.0643,7.9319,8.0095,0.110,8.112
2018-01-29,7.9822,7.9822,7.8086,7.8589,0.170,8.109
2018-01-30,7.8360,7.9091,7.8315,7.8406,0.104,8.108
2018-01-31,7.8726,7.9136,7.6853,7.7447,0.124,8.104
2018-02-01,7.7401,7.8315,7.7082,7.7493,0.151,8.099
2018-02-02,7.7219,7.7401,7.6077,7.6305,0.167,8.090
2018-02-05,7.5849,7.5894,7.3383,7.4250,0.315,8.074
2018-02-06,7.3246,7.5849,7.3109,7.5346,0.165,8.060
2018-02-07,7.5575,7.6808,7.4981,7.5392,0.100,8.047
2018-02-08,7.5346,7.6397,7.5027,7.5072,0.151,8.035
2018-02-09,7.5483,7.5849,7.4205,7.4798,0.201,8.020
2018-02-12,7.5118,7.6168,7.4661,7.6031,0.097,8.008
2018-02-13,7.5803,7.6762,7.5392,7.6260,0.083,7.998
2018-02-14,7.6031,7.6808,7.5986,7.6716,0.075,7.988
2018-02-15,7.7127,7.8041,7.6716,7.8041,0.074,7.979
2018-02-16,7.7858,7.9228,7.7858,7.8223,0.099,7.971
2018-02-20,7.7538,7.8452,7.5917,7.5986,0.098,7.959
2018-02-21,7.6168,7.7721,7.5529,7.5575,0.089,7.946
2018-02-22,7.5666,7.5969,7.5255,7.5346,0.053,7.933
2018-02-23,7.5803,7.6488,7.5712,7.6305,0.050,7.921
2018-02-26,7.7310,7.7310,7.6397,7.6945,0.052,7.911
2018-02-27,7.6671,7.6990,7.4981,7.5164,0.072,7.897
2018-02-28,7.5118,7.5118,7.3611,7.3611,0.096,7.881
2018-03-01,7.3611,7.4479,7.3246,7.3611,0.130,7.864
2018-03-02,7.3200,7.4433,7.3200,7.4250,0.082,7.848
2018-03-05,7.4113,7.5529,7.4113,7.4844,0.062,7.837
2018-03-06,7.4890,7.5438,7.4433,7.5392,0.062,7.826
2018-03-07,7.5209,7.5894,7.5209,7.5575,0.052,7.813
2018-03-08,7.5757,7.6077,7.5164,7.5803,0.044,7.801
2018-03-09,7.6397,7.6534,7.5438,7.6397,0.058,7.789
2018-03-12,7.6442,7.7493,7.6442,7.7401,0.083,7.780
2018-03-13,7.7630,7.8452,7.6488,7.7447,0.095,7.769
2018-03-14,7.7401,7.8771,7.6671,7.8269,0.192,7.761
2018-03-15,7.8589,7.8589,7.6716,7.7356,0.153,7.751
2018-03-16,7.7630,8.1511,7.7630,8.0826,0.219,7.752
2018-03-19,8.0735,8.1420,7.9958,8.0780,0.134,7.753
2018-03-20,8.0643,8.0735,7.9867,7.9867,0.088,7.751
2018-03-21,7.9867,8.0826,7.9867,8.0004,0.073,7.750
2018-03-22,7.9867,8.0872,7.9822,8.0004,0.098,7.748
2018-03-23,8.0141,8.0735,7.9365,7.9411,0.074,7.746
2018-03-26,7.9456,8.0872,7.9411,8.0643,0.093,7.746
2018-03-27,8.0689,8.1694,8.0004,8.0917,0.160,7.747
2018-03-28,8.0807,8.1699,8.0483,8.1511,0.145,7.750
2018-03-29,8.1558,8.2920,8.1558,8.2356,0.207,7.756
2018-04-02,8.2262,8.2544,8.0901,8.1511,0.065,7.761
2018-04-03,8.1699,8.2215,8.1323,8.2215,0.078,7.768
2018-04-04,8.1652,8.2638,8.1652,8.2450,0.052,7.773
2018-04-05,8.2544,8.2638,8.2075,8.2403,0.052,7.778
2018-04-06,8.2450,8.2873,8.2028,8.2403,0.055,7.783
2018-04-09,8.2638,8.3061,8.2403,8.2544,0.065,7.787
2018-04-10,8.3108,8.3108,8.2544,8.2732,0.056,7.792
2018-04-11,8.2638,8.2732,8.2031,8.2544,0.039,7.800
2018-04-12,8.2544,8.2685,8.1934,8.2121,0.049,7.808
2018-04-13,8.2591,8.2591,8.1511,8.1793,0.036,7.816
2018-04-16,8.2262,8.2450,8.1607,8.2168,0.048,7.826
2018-04-17,8.2403,8.2920,8.1849,8.2638,0.059,7.838
2018-04-18,8.2873,8.3342,8.2638,8.2779,0.032,7.856
2018-04-19,8.2826,8.3201,8.2028,8.2168,0.082,7.869
2018-04-20,8.1840,8.2303,8.1840,8.1934,0.145,7.882
2018-04-23,8.2450,8.2638,8.1793,8.2497,0.039,7.897
2018-04-24,8.2544,8.3060,8.1981,8.2779,0.042,7.913
2018-04-25,8.2920,8.3108,8.1699,8.2732,0.067,7.926
2018-04-26,8.2779,8.3389,8.2403,8.2826,0.045,7.940
2018-04-27,8.2967,8.3741,8.2920,8.3577,0.069,7.953
2018-04-30,8.3765,8.3851,8.2544,8.2732,0.101,7.963
2018-05-01,8.2638,8.3201,8.2028,8.2920,0.042,7.972
2018-05-02,8.2873,8.3014,8.2215,8.2356,0.071,7.985
2018-05-03,8.2262,8.3108,8.1652,8.3108,0.087,8.000
2018-05-04,8.3248,8.3906,8.2967,8.3765,0.056,8.017
2018-05-07,8.3671,8.4892,8.3624,8.4563,0.127,8.033
2018-05-08,8.4375,8.4516,8.3812,8.4140,0.083,8.048
2018-05-09,8.4328,8.4704,8.3191,8.4328,0.098,8.066
2018-05-10,8.4751,8.6582,8.4657,8.5972,0.156,8.091
2018-05-11,8.6394,8.7286,8.6277,8.7192,0.129,8.118
2018-05-14,8.7474,8.8178,8.7192,8.7521,0.085,8.144
2018-05-15,8.7427,8.8038,8.7427,8.7756,0.046,8.170
2018-05-16,8.8038,8.8648,8.7803,8.8460,0.061,8.196
2018-05-17,8.8460,8.8648,8.8279,8.8554,0.036,8.222
2018-05-18,8.8554,8.8836,8.8272,8.8554,0.042,8.248
2018-05-21,8.8930,8.9822,8.8460,8.9352,0.097,8.274
2018-05-22,8.9446,8.9446,8.8883,8.8883,0.043,8.297
2018-05-23,8.8883,8.9681,8.8132,8.9493,0.067,8.321
2018-05-24,8.9446,8.9446,8.8413,8.8413,0.045,8.341
2018-05-25,8.8366,8.9493,8.8366,8.9352,0.042,8.365
2018-05-29,8.8977,8.9681,8.8977,8.9493,0.073,8.382
2018-05-30,8.9587,9.0151,8.9423,9.0057,0.100,8.401
2018-05-31,8.5033,8.5807,8.4187,8.4422,1.804,8.410
2018-06-01,8.4704,8.5220,8.4375,8.4422,0.506,8.419
2018-06-04,8.4704,8.4751,8.4140,8.4281,0.321,8.427
2018-06-05,8.4516,8.4704,8.3953,8.4234,0.254,8.437
2018-06-06,8.4234,8.5080,8.4089,8.4939,0.259,8.446
2018-06-07,8.4986,8.5831,8.4798,8.5033,0.274,8.454
2018-06-08,8.4939,8.7286,8.4939,8.6347,0.475,8.464
2018-06-11,8.6629,8.6812,8.6113,8.6253,0.128,8.471
2018-06-12,8.6113,8.6300,8.5408,8.5596,0.179,8.480
2018-06-13,8.5502,8.5784,8.5209,8.5314,0.159,8.486
2018-06-14,8.5878,8.6770,8.5361,8.6159,0.173,8.493
2018-06-15,8.6113,8.6535,8.5878,8.6535,0.507,8.501
2018-06-18,8.8038,8.8038,8.6582,8.7005,0.318,8.511
2018-06-19,8.7005,8.7427,8.6629,8.7427,0.239,8.520
2018-06-20,8.7192,8.7662,8.6840,8.7568,0.231,8.530
2018-06-21,8.7897,8.7897,8.6864,8.6864,0.172,8.539
2018-06-22,8.6864,8.7380,8.6441,8.6535,0.434,8.548
2018-06-25,8.6629,8.6958,8.6441,8.6629,0.154,8.557
2018-06-26,8.6723,8.7333,8.6394,8.6394,0.230,8.566
2018-06-27,8.6629,8.6629,8.5173,8.5173,0.238,8.571
2018-06-28,8.5329,8.6776,8.4611,8.6535,0.205,8.578
2018-06-29,8.6535,8.6825,8.6005,8.6149,0.147,8.586
2018-07-02,8.5812,8.7066,8.5763,8.6776,0.190,8.596
2018-07-03,8.6776,8.8006,8.6776,8.7548,0.096,8.606
2018-07-05,8.7645,8.8320,8.7307,8.8030,0.120,8.617
2018-07-06,8.7934,8.8378,8.7934,8.8030,0.092,8.627
2018-07-09,8.8030,8.8609,8.7505,8.8320,0.109,8.638
2018-07-10,8.8320,8.8320,8.7452,8.7741,0.109,8.646
2018-07-11,8.7500,8.8320,8.7500,8.7789,0.055,8.657
2018-07-12,8.7886,8.7886,8.6728,8.7017,0.128,8.665
2018-07-13,8.6873,8.7292,8.6632,8.6825,0.088,8.674
2018-07-16,8.6825,8.6825,8.6390,8.6680,0.057,8.681
2018-07-17,8.6728,8.7162,8.6535,8.6825,0.058,8.687
2018-07-18,8.6680,8.6897,8.6197,8.6728,0.071,8.691
2018-07-19,8.7355,8.7886,8.6921,8.7693,0.128,8.698
2018-07-20,8.8030,8.8561,8.7355,8.8223,0.168,8.706
2018-07-23,8.8223,8.8223,8.7548,8.7548,0.066,8.709
2018-07-24,8.7934,8.7934,8.7114,8.7452,0.102,8.710
2018-07-25,8.7789,8.8030,8.7210,8.7837,0.087,8.710
2018-07-26,8.7837,8.8609,8.7583,8.8368,0.111,8.712
2018-07-27,8.8368,8.8416,8.7645,8.7934,0.123,8.711
2018-07-30,8.7837,8.9188,8.7693,8.8850,0.166,8.711
2018-07-31,8.9188,8.9863,8.8465,8.8850,0.153,8.712
2018-08-01,8.9043,8.9043,8.7693,8.8368,0.090,8.710
2018-08-02,8.8223,8.8754,8.8127,8.8320,0.088,8.709
2018-08-03,8.8416,8.8995,8.8175,8.8320,0.063,8.706
2018-08-06,8.8175,8.8802,8.7645,8.8175,0.065,8.706
2018-08-07,8.8127,8.8127,8.7162,8.7259,0.084,8.702
2018-08-08,8.7162,8.7789,8.6873,8.7500,0.059,8.698
2018-08-09,8.6825,8.7259,8.4726,8.6776,0.167,8.691
2018-08-10,8.6487,8.7210,8.5860,8.6776,0.079,8.696
2018-08-13,8.6873,8.6873,8.6101,8.6583,0.083,8.700
2018-08-14,8.6921,8.7531,8.6680,8.7355,0.057,8.706
2018-08-15,8.7017,8.7789,8.6921,8.7645,0.074,8.713
2018-08-16,8.7645,8.8561,8.7645,8.8416,0.115,8.720
2018-08-17,8.8320,8.9092,8.8223,8.8899,0.087,8.728
2018-08-20,8.8899,8.9188,8.8465,8.8465,0.078,8.732
2018-08-21,8.8850,8.9670,8.8465,8.8995,0.085,8.738
2018-08-22,8.8850,8.9236,8.8706,8.9043,0.097,8.744
2018-08-23,8.9188,8.9188,8.8609,8.8899,0.050,8.752
2018-08-24,8.8899,8.8899,8.8368,8.8706,0.044,8.757
2018-08-27,8.8754,8.8947,8.8513,8.8850,0.082,8.761
2018-08-28,8.8850,8.9333,8.8677,8.9285,0.079,8.766
2018-08-29,8.9236,8.9592,8.8995,8.9477,0.049,8.770
2018-08-30,8.9719,9.0587,8.9285,9.0297,0.133,8.776
2018-08-31,8.9719,9.0153,8.9333,8.9719,0.145,8.781
2018-09-04,8.9960,9.0780,8.9622,8.9815,0.095,8.788
2018-09-05,8.9815,9.1021,8.9815,9.0925,0.120,8.796
2018-09-06,9.0925,9.1310,9.0780,9.0973,0.118,8.806
2018-09-07,9.0973,9.0973,8.9863,9.0490,0.095,8.816
2018-09-10,9.0683,9.1310,9.0587,9.1021,0.128,8.825
2018-09-11,9.0876,9.1310,9.0346,9.0683,0.150,8.834
2018-09-12,9.0442,9.0442,8.8609,8.9622,0.162,8.840
2018-09-13,8.9863,9.0490,8.9188,8.9719,0.131,8.844
2018-09-14,8.9912,9.0008,8.8802,8.9477,0.124,8.847
2018-09-17,8.9670,8.9815,8.9092,8.9236,0.189,8.850
2018-09-18,8.9381,8.9381,8.8561,8.9092,0.113,8.851
2018-09-19,8.9236,8.9285,8.8802,8.8947,0.116,8.853
2018-09-20,8.8995,8.9188,8.8127,8.9092,0.146,8.856
2018-09-21,8.9140,9.0008,8.8947,8.9429,0.545,8.861
2018-09-24,8.9381,8.9719,8.8561,8.9092,0.124,8.865
2018-09-25,8.9236,8.9911,8.8947,8.9092,0.158,8.870
2018-09-26,8.9236,8.9285,8.8386,8.8657,0.167,8.874
2018-09-27,8.8639,8.9828,8.8243,8.9333,0.115,8.879
2018-09-28,8.9333,8.9833,8.9234,8.9680,0.131,8.883
2018-10-01,8.9581,9.0026,8.8867,8.9382,0.114,8.885
2018-10-02,8.9481,8.9993,8.8837,8.9630,0.105,8.890
2018-10-03,8.9630,9.0175,8.9333,8.9729,0.088,8.894
2018-10-04,8.9729,8.9779,8.8198,8.8441,0.135,8.895
2018-10-05,8.8193,8.8762,8.7475,8.7846,0.105,8.894
2018-10-08,8.7945,8.8936,8.7301,8.8837,0.103,8.896
2018-10-09,8.8689,8.9581,8.8490,8.9531,0.092,8.897
2018-10-10,8.9630,9.0423,8.8243,8.8342,0.150,8.896
2018-10-11,8.8045,8.8441,8.6459,8.6756,0.139,8.893
2018-10-12,8.7202,8.7945,8.4725,8.5022,0.153,8.887
2018-10-15,8.5072,8.7549,8.5022,8.6410,0.121,8.883
2018-10-16,8.6657,8.8639,8.6459,8.8243,0.064,8.883
2018-10-17,8.8045,8.8837,8.7549,8.8689,0.078,8.886
2018-10-18,8.8689,8.9432,8.7648,8.8094,0.059,8.887
2018-10-19,8.8045,8.8639,8.7549,8.7995,0.093,8.889
2018-10-22,8.8292,8.8887,8.7351,8.7500,0.083,8.891
2018-10-23,8.6855,8.7638,8.5865,8.6955,0.083,8.892
2018-10-24,8.7004,8.7846,8.6657,8.7103,0.076,8.891
2018-10-25,8.7500,8.8689,8.6806,8.8292,0.113,8.892
2018-10-26,8.7747,8.8441,8.6756,8.7846,0.094,8.891
2018-10-29,8.8391,8.9292,8.7846,8.8342,0.058,8.890
2018-10-30,8.8689,8.9432,8.7959,8.8788,0.084,8.891
2018-10-31,8.9135,8.9234,8.8243,8.8738,0.139,8.890
2018-11-01,8.8788,8.9283,8.8144,8.8738,0.135,8.890
2018-11-02,8.9036,9.0026,8.8342,8.9135,0.128,8.890
2018-11-05,8.9283,9.0324,8.8738,8.9135,0.093,8.891
2018-11-06,8.9135,9.0373,8.8689,9.0225,0.050,8.894
2018-11-07,9.0423,9.1265,8.9630,9.1216,0.098,8.898
2018-11-08,9.1661,9.3544,9.1265,9.3544,0.298,8.906
2018-11-09,9.3544,9.4089,9.2553,9.3990,0.203,8.913
2018-11-12,9.4139,9.4387,9.2801,9.3396,0.199,8.921
2018-11-13,9.3990,9.5031,9.2999,9.4684,0.251,8.930
2018-11-14,9.4932,9.4981,9.4139,9.4585,0.162,8.938
2018-11-15,9.4387,9.4585,9.2879,9.4188,0.181,8.944
2018-11-16,9.3891,9.4287,9.3396,9.4238,0.096,8.952
2018-11-19,9.4486,9.5328,9.3941,9.4832,0.177,8.959
2018-11-20,9.4436,9.5031,9.3280,9.4040,0.140,8.966
2018-11-21,9.4535,9.5005,9.3742,9.4486,0.149,8.976
2018-11-23,9.4238,9.4882,9.3842,9.4139,0.051,8.984
2018-11-26,9.4832,9.4882,9.3842,9.4188,0.140,8.994
2018-11-27,9.4238,9.4580,9.3990,9.4188,0.115,9.004
2018-11-28,9.4139,9.5055,9.3693,9.4783,0.132,9.015
2018-11-29,9.4535,9.5080,9.4188,9.4733,0.138,9.027
2018-11-30,9.4832,9.4981,9.3396,9.4188,0.193,9.037
2018-12-03,9.5873,9.5873,9.4015,9.4139,0.190,9.046
2018-12-04,9.4188,9.4337,9.2950,9.3098,0.132,9.054
2018-12-06,9.2752,9.3544,9.2058,9.3445,0.119,9.063
2018-12-07,9.3792,9.4337,9.3197,9.3544,0.125,9.073
2018-12-10,9.3643,9.4040,9.2256,9.3148,0.156,9.080
2018-12-11,9.3544,9.3594,9.2752,9.3297,0.117,9.088
2018-12-12,9.3495,9.3544,9.2058,9.2107,0.131,9.093
2018-12-13,9.2058,9.2603,9.1959,9.2553,0.103,9.099
2018-12-14,9.2801,9.3743,9.2454,9.3148,0.109,9.106
2018-12-17,9.3396,9.3396,8.9517,8.9581,0.227,9.108
2018-12-18,9.0225,9.1017,8.9927,9.0472,0.175,9.113
2018-12-19,9.1067,9.1414,8.8887,8.9135,0.188,9.114
2018-12-20,8.9184,8.9432,8.6013,8.6410,0.253,9.108
2018-12-21,8.6459,8.9680,8.6459,8.6955,0.287,9.105
2018-12-24,8.6756,8.6756,8.4530,8.4923,0.098,9.101
2018-12-26,8.5468,8.8689,8.5270,8.8590,0.203,9.108
2018-12-27,8.8094,8.8887,8.6360,8.8788,0.209,9.113
2018-12-28,8.9130,9.1235,8.9130,9.0671,0.248,9.118
2018-12-31,9.1235,9.1235,8.9233,9.0054,0.188,9.121
2019-01-02,8.9336,9.0619,8.8103,9.0568,0.156,9.126
2019-01-03,9.0979,9.2519,9.0414,9.2313,0.189,9.134
2019-01-04,9.2776,9.4932,9.1851,9.4829,0.166,9.149
2019-01-07,9.5291,9.6393,9.3956,9.5805,0.232,9.167
2019-01-08,9.5856,9.6113,9.4367,9.5240,0.213,9.183
2019-01-09,9.5343,9.5447,9.3956,9.5189,0.138,9.197
2019-01-10,9.5086,9.5086,9.4059,9.4727,0.159,9.210
2019-01-11,9.4470,9.5086,9.4265,9.4983,0.111,9.224
2019-01-14,9.4624,9.5445,9.4367,9.4778,0.134,9.236
2019-01-15,9.4624,9.4675,9.3700,9.4110,0.112,9.247
2019-01-16,9.4265,9.5445,9.4265,9.4983,0.218,9.259
2019-01-17,9.4881,9.5497,9.4881,9.5240,0.216,9.271
2019-01-18,9.5291,9.5497,9.4829,9.5035,0.116,9.283
2019-01-22,9.5035,9.5497,9.4881,9.4983,0.152,9.293
2019-01-23,9.5343,9.5753,9.5086,9.5702,0.130,9.301
2019-01-24,9.5753,9.5753,9.5086,9.5497,0.111,9.305
2019-01-25,9.5753,9.5856,9.5548,9.5651,0.187,9.309
2019-01-28,9.5651,9.5805,9.4881,9.4983,0.220,9.312
2019-01-29,9.4983,9.5429,9.4727,9.5035,0.170,9.313
2019-01-30,9.5240,9.5317,9.4778,9.5137,0.283,9.314
2019-01-31,9.4983,9.5420,9.4573,9.4983,0.254,9.315
2019-02-01,9.4983,9.5614,9.4778,9.5445,0.398,9.318
2019-02-04,9.5548,9.5651,9.5240,9.5497,0.205,9.319
2019-02-05,9.6010,9.6729,9.5805,9.6524,0.255,9.324
2019-02-06,9.6370,9.6678,9.5753,9.6575,0.145,9.328
2019-02-07,9.6472,9.6524,9.5805,9.6164,0.128,9.332
2019-02-08,9.5856,9.6575,9.5856,9.6216,0.059,9.336
2019-02-11,9.6216,9.6472,9.5753,9.6472,0.143,9.341
2019-02-12,9.6524,9.6575,9.6010,9.6061,0.099,9.343
2019-02-13,9.6318,9.6421,9.5394,9.5907,0.099,9.346
2019-02-14,9.5907,9.5959,9.5086,9.5189,0.063,9.348
2019-02-15,9.5599,9.5599,9.5035,9.5035,0.084,9.350
2019-02-19,9.5086,9.5599,9.4983,9.5394,0.110,9.354
2019-02-20,9.5086,9.5112,9.4265,9.5035,0.126,9.357
2019-02-21,9.4983,9.5497,9.4727,9.5394,0.155,9.361
2019-02-22,9.5497,9.6267,9.5137,9.6061,0.170,9.367
2019-02-25,9.6164,9.6395,9.5753,9.5856,0.109,9.372
2019-02-26,9.5907,9.5935,9.5445,9.5651,0.154,9.379
2019-02-27,9.5497,9.5599,9.4367,9.5291,0.118,9.385
2019-02-28,9.5394,9.5394,9.4778,9.5189,0.140,9.389
2019-03-01,9.5343,9.5445,9.4316,9.4829,0.094,9.399
2019-03-04,9.4983,9.5758,9.4470,9.5086,0.127,9.408
2019-03-05,9.5086,9.5343,9.4675,9.5086,0.077,9.420
2019-03-06,9.5497,9.5596,9.4521,9.4778,0.155,9.437
2019-03-07,9.5086,9.5137,9.4470,9.4521,0.119,9.452
2019-03-08,9.4624,9.5266,9.4573,9.4881,0.138,9.472
2019-03-11,9.5343,9.6575,9.4983,9.6421,0.114,9.488
2019-03-12,9.6729,9.6729,9.5805,9.6113,0.175,9.502
2019-03-13,9.6729,9.6729,9.6061,9.6061,0.251,9.513
2019-03-14,9.6524,9.7277,9.6164,9.6729,0.356,9.526
2019-03-15,9.7273,9.7273,9.6060,9.6113,0.483,9.538
2019-03-18,9.6113,9.6693,9.5955,9.6060,0.277,9.545
2019-03-19,9.4109,9.4109,8.5937,9.1684,1.154,9.539
2019-03-20,9.1631,9.2580,9.0893,9.1210,0.372,9.530
2019-03-21,9.1262,9.2633,9.0893,9.1842,0.318,9.523
2019-03-22,9.1684,9.1871,9.0788,9.0841,0.267,9.514
2019-03-25,9.0841,9.1579,9.0208,9.0735,0.207,9.506
2019-03-26,9.0946,9.1341,9.0472,9.0841,0.167,9.498
2019-03-27,9.0893,9.1368,8.9997,9.0366,0.273,9.489
2019-03-28,9.0313,9.0577,8.9997,9.0472,0.212,9.482
2019-03-29,9.0472,9.0893,8.9892,9.0788,0.358,9.473
2019-04-01,9.0841,9.2211,9.0811,9.2106,0.259,9.467
2019-04-02,9.2211,9.2264,9.0419,9.1051,0.173,9.459
2019-04-03,9.1262,9.1579,9.0524,9.0841,0.142,9.451
2019-04-04,9.0735,9.1421,9.0419,9.0682,0.126,9.441
2019-04-05,9.0788,9.1366,9.0682,9.0893,0.135,9.432
2019-04-08,9.0788,9.1842,9.0682,9.1790,0.139,9.424
2019-04-09,9.1737,9.2211,9.1368,9.1368,0.094,9.417
2019-04-10,9.1579,9.1816,9.0946,9.1579,0.106,9.410
2019-04-11,9.1631,9.1974,9.1368,9.1790,0.090,9.403
2019-04-12,9.2053,9.2106,9.1341,9.1737,0.162,9.397
2019-04-15,9.1737,9.2211,9.1631,9.2000,0.114,9.390
2019-04-16,9.1842,9.2317,9.1737,9.2106,0.118,9.383
2019-04-17,9.2106,9.2211,9.1526,9.1579,0.136,9.373
2019-04-18,9.1473,9.1895,9.1051,9.1262,0.140,9.362
2019-04-22,9.1473,9.1948,9.1104,9.1948,0.194,9.354
2019-04-23,9.2000,9.2822,9.1948,9.2370,0.210,9.346
2019-04-24,9.2422,9.3505,9.2422,9.3055,0.161,9.339
2019-04-25,9.2949,9.2949,9.1790,9.1842,0.134,9.331
2019-04-26,9.1368,9.2791,9.1368,9.2422,0.119,9.324
2019-04-29,9.2264,9.2897,9.1684,9.1790,0.166,9.317
2019-04-30,9.1948,9.2089,9.0630,9.0999,0.187,9.309
2019-05-01,9.0999,9.1262,9.0433,9.0788,0.215,9.300
2019-05-02,9.0841,9.1473,9.0419,9.0472,0.133,9.291
2019-05-03,9.0999,9.1210,9.0155,9.0366,0.157,9.281
2019-05-06,8.9786,9.0735,8.9786,9.0419,0.093,9.269
2019-05-07,8.9944,9.0630,8.9417,8.9892,0.133,9.257
2019-05-08,9.0102,9.0102,8.9364,8.9733,0.139,9.246
2019-05-09,8.9628,9.0392,8.9259,9.0102,0.129,9.235
2019-05-10,9.0735,9.1842,9.0155,9.1631,0.274,9.228
2019-05-13,9.1104,9.1368,9.0208,9.0472,0.178,9.219
2019-05-14,9.0313,9.0788,9.0313,9.0524,0.187,9.210
2019-05-15,9.0682,9.1631,9.0682,9.1051,0.231,9.202
2019-05-16,9.1368,9.1737,9.0788,9.1368,0.204,9.195
2019-05-17,9.1157,9.1465,9.0155,9.0366,0.179,9.187
2019-05-20,9.0261,9.0841,9.0234,9.0366,0.119,9.178
2019-05-21,9.0682,9.1315,9.0313,9.1210,0.118,9.168
2019-05-22,9.1315,9.1526,8.9997,9.0208,0.139,9.156
2019-05-23,9.0155,9.0786,8.9786,9.0630,0.126,9.145
2019-05-24,9.0946,9.1842,9.0524,9.0946,0.153,9.133
2019-05-28,9.0946,9.1315,8.9523,8.9839,0.307,9.121
2019-05-29,8.9944,8.9944,8.7414,8.7783,0.315,9.104
2019-05-30,8.7888,8.7994,8.6096,8.6676,0.279,9.094
2019-05-31,8.5990,8.6570,8.5092,8.5937,0.287,9.084
2019-06-03,8.5674,8.7308,8.5516,8.7308,0.217,9.075
2019-06-04,8.7994,8.8363,8.6517,8.7150,0.175,9.067
2019-06-05,8.6992,8.7206,8.5779,8.5990,0.249,9.058
2019-06-06,8.6623,8.7625,8.6465,8.7097,0.242,9.050
2019-06-07,8.7414,8.7941,8.6306,8.6781,0.187,9.043
2019-06-10,8.6517,8.6939,8.6306,8.6834,0.190,9.036
2019-06-11,8.6676,8.6886,8.6201,8.6306,0.153,9.027
2019-06-12,8.5937,8.6992,8.5937,8.6570,0.111,9.016
2019-06-13,8.6781,8.7097,8.6359,8.6939,0.169,9.008
2019-06-14,8.7045,8.8252,8.7045,8.7730,0.205,9.001
2019-06-17,8.7994,8.8574,8.7203,8.7519,0.197,8.995
2019-06-18,8.7572,8.8257,8.7045,8.7519,0.255,8.988
2019-06-19,8.7255,8.7625,8.7045,8.7414,0.114,8.980
2019-06-20,8.7519,8.7519,8.5779,8.6306,0.308,8.969
2019-06-21,8.6201,8.6465,8.5674,8.5937,0.252,8.958
2019-06-24,8.5990,8.6623,8.5647,8.6043,0.262,8.947
2019-06-25,8.5674,8.6254,8.5514,8.5621,0.286,8.934
2019-06-26,8.5674,8.6148,8.5305,8.5885,0.391,8.922
2019-06-27,8.6577,8.6957,8.6087,8.6359,0.356,8.911
2019-06-28,8.6250,8.7283,8.6142,8.6957,0.304,8.901
2019-07-01,8.7011,8.7381,8.6305,8.6414,0.254,8.892
2019-07-02,8.6250,8.6848,8.5354,8.5816,0.298,8.880
2019-07-03,8.5653,8.6250,8.5490,8.6087,0.145,8.867
2019-07-05,8.5870,8.6087,8.5381,8.6087,0.181,8.853
2019-07-08,8.5979,8.6577,8.5979,8.6414,0.130,8.842
2019-07-09,8.6522,8.6740,8.5843,8.6196,0.134,8.830
2019-07-10,8.6196,8.6522,8.5653,8.5816,0.154,8.818
2019-07-11,8.5979,8.6299,8.5435,8.6033,0.235,8.808
2019-07-12,8.5816,8.6794,8.5816,8.6522,0.234,8.799
2019-07-15,8.6522,8.7120,8.6033,8.6957,0.122,8.792
2019-07-16,8.6957,8.7392,8.6522,8.6957,0.270,8.785
2019-07-17,8.7011,8.7120,8.6577,8.6957,0.119,8.779
2019-07-18,8.6957,8.7337,8.5979,8.6142,0.361,8.771
2019-07-19,8.6087,8.6522,8.5870,8.5924,0.110,8.763
2019-07-22,8.5870,8.6196,8.4891,8.4892,0.299,8.753
2019-07-23,8.4783,8.5075,8.2990,8.3207,0.352,8.736
2019-07-24,8.3153,8.4077,8.2500,8.3642,0.200,8.722
2019-07-25,8.3805,8.4076,8.2283,8.3044,0.315,8.708
2019-07-26,8.3316,8.4294,8.3316,8.3805,0.321,8.693
2019-07-29,8.3696,8.4620,8.3696,8.3968,0.114,8.678
2019-07-30,8.3750,8.4457,8.3479,8.4403,0.139,8.666
2019-07-31,8.4294,8.5109,8.3644,8.4185,0.201,8.654
2019-08-01,8.4022,8.4814,8.3424,8.3424,0.237,8.638
2019-08-02,8.3153,8.3479,8.2392,8.3153,0.192,8.624
2019-08-05,8.2664,8.2990,8.0164,8.1087,0.366,8.605
2019-08-06,8.1087,8.1848,8.0490,8.0761,0.200,8.585
2019-08-07,8.0435,8.0598,7.9566,7.9674,0.252,8.564
2019-08-08,7.9674,8.1278,7.8921,8.0870,0.217,8.551
2019-08-09,7.5000,7.8044,7.4511,7.7881,0.820,8.533
2019-08-12,7.7772,7.7772,7.5272,7.5653,0.627,8.512
2019-08-13,7.5435,7.6033,7.4674,7.5055,0.395,8.488
2019-08-14,7.4457,7.4511,7.2881,7.3044,0.394,8.460
2019-08-15,7.3044,7.3180,7.0707,7.1957,0.446,8.432
2019-08-16,7.1903,7.2718,7.1740,7.2229,0.228,8.402
2019-08-19,7.2283,7.2772,7.1647,7.2120,0.290,8.373
2019-08-20,7.1903,7.2120,7.0870,7.0870,0.261,8.341
2019-08-21,7.0924,7.0924,6.6740,6.7881,0.568,8.304
2019-08-22,6.7663,6.8044,6.6196,6.7283,0.320,8.265
2019-08-23,6.6957,6.6957,6.5000,6.5544,0.487,8.222
2019-08-26,6.5816,6.6631,6.5653,6.5979,0.253,8.179
2019-08-27,6.5924,6.6091,6.4348,6.4892,0.374,8.134
2019-08-28,6.4674,6.5598,6.4185,6.4946,0.271,8.089
2019-08-29,6.5055,6.5543,6.4185,6.4783,0.250,8.043
2019-08-30,6.5109,6.5816,6.5055,6.5381,0.279,8.001
2019-09-03,6.5163,6.5761,6.4892,6.5490,0.221,7.961
2019-09-04,6.5707,6.6522,6.5598,6.5707,0.187,7.920
2019-09-05,6.7066,7.0055,6.6848,6.9240,0.550,7.887
2019-09-06,6.9022,7.0109,6.8424,6.9674,0.235,7.855
2019-09-09,6.9892,7.1903,6.9566,7.1740,0.281,7.825
2019-09-10,7.1903,7.4131,7.1903,7.3968,0.317,7.800
2019-09-11,7.4457,7.4511,7.3479,7.4240,0.226,7.775
2019-09-12,7.4185,7.4457,7.3316,7.3479,0.221,7.750
2019-09-13,7.3913,7.4321,7.3479,7.4077,0.166,7.726
2019-09-16,7.4185,7.4294,7.3153,7.3859,0.171,7.702
2019-09-17,7.3696,7.4185,7.2663,7.3805,0.121,7.677
2019-09-18,7.3642,7.4403,7.3424,7.3805,0.169,7.652
2019-09-19,7.3479,7.4620,7.3479,7.3859,0.171,7.628
2019-09-20,7.3859,7.4620,7.3642,7.4022,0.277,7.604
2019-09-23,7.4240,7.4620,7.3805,7.4240,0.209,7.580
2019-09-24,7.4240,7.4783,7.3424,7.3587,0.208,7.553
2019-09-25,7.3533,7.4240,7.3533,7.4077,0.144,7.527
2019-09-26,7.3805,7.4566,7.3587,7.4131,0.300,7.501
2019-09-27,7.4217,7.4497,7.2620,7.3153,0.242,7.475
2019-09-30,7.3153,7.3657,7.2853,7.3377,0.146,7.450
2019-10-01,7.3377,7.4049,7.2312,7.2929,0.121,7.426
2019-10-02,7.2929,7.2929,7.1584,7.2368,0.202,7.405
2019-10-03,7.2256,7.3097,7.1752,7.2312,0.108,7.382
2019-10-04,7.2144,7.2312,7.0744,7.1696,0.189,7.359
2019-10-07,7.1584,7.3209,7.1248,7.2704,0.168,7.337
2019-10-08,7.2592,7.2592,7.1696,7.2032,0.148,7.313
2019-10-09,7.2424,7.2704,7.1752,7.1864,0.114,7.288
2019-10-10,7.1864,7.2592,7.1864,7.2088,0.088,7.264
2019-10-11,7.2256,7.3657,7.2256,7.2424,0.108,7.242
2019-10-14,7.1808,7.2200,7.1584,7.1864,0.084,7.219
2019-10-15,7.1808,7.2937,7.1696,7.1920,0.090,7.201
2019-10-16,7.1976,7.2480,7.1668,7.2032,0.094,7.184
2019-10-17,7.2032,7.2704,7.1864,7.2480,0.094,7.169
2019-10-18,7.2200,7.3377,7.2200,7.3041,0.092,7.154
2019-10-21,7.3321,7.4161,7.3290,7.3993,0.075,7.146
2019-10-22,7.3937,7.4889,7.3209,7.4553,0.121,7.144
2019-10-23,7.4497,7.5169,7.4249,7.5001,0.119,7.143
2019-10-24,7.5001,7.5001,7.3769,7.4441,0.122,7.146
2019-10-25,7.4497,7.4976,7.4273,7.4329,0.085,7.151
2019-10-28,7.4441,7.5337,7.4441,7.5225,0.084,7.157
2019-10-29,7.5281,7.5953,7.4889,7.5561,0.136,7.164
2019-10-30,7.5673,7.6037,7.5113,7.5561,0.123,7.173
2019-10-31,7.5505,7.5785,7.4889,7.5729,0.099,7.189
2019-11-01,7.5841,7.7494,7.5281,7.5841,0.169,7.206
2019-11-04,7.6401,7.7298,7.5897,7.7242,0.194,7.229
2019-11-05,7.7298,7.8082,7.6457,7.6625,0.144,7.251
2019-11-06,7.6569,7.7298,7.6315,7.6961,0.112,7.275
2019-11-07,7.7298,7.7634,7.6569,7.7354,0.088,7.300
2019-11-08,7.7298,7.8306,7.7073,7.7970,0.130,7.326
2019-11-11,7.7634,7.8754,7.7606,7.8530,0.166,7.352
2019-11-12,7.8754,8.1050,7.8250,8.0714,0.363,7.383
2019-11-13,7.9314,8.2535,7.9061,8.1330,0.411,7.414
2019-11-14,8.1274,8.1386,7.9650,7.9818,0.168,7.435
2019-11-15,8.0378,8.2563,7.9986,8.1330,0.342,7.459
2019-11-18,8.1162,8.1218,8.0098,8.0546,0.200,7.476
2019-11-19,8.0322,8.1891,8.0098,8.1442,0.198,7.491
2019-11-20,8.1106,8.1795,8.0210,8.1106,0.137,7.505
2019-11-21,8.0546,8.1050,8.0098,8.0434,0.112,7.519
2019-11-22,8.0602,8.1723,8.0490,8.1274,0.129,7.533
2019-11-25,8.1330,8.2619,8.0770,8.2171,0.154,7.550
2019-11-26,8.1779,8.3683,8.1779,8.2955,0.147,7.568
2019-11-27,8.2955,8.3627,8.2563,8.3179,0.136,7.587
2019-11-29,8.3179,8.4019,8.2507,8.3907,0.081,7.607
2019-12-02,8.4019,8.4019,8.3235,8.3459,0.138,7.626
2019-12-03,8.3515,8.3515,8.2115,8.3011,0.161,7.643
2019-12-04,8.3011,8.3180,8.2115,8.2339,0.111,7.661
2019-12-05,8.2227,8.2451,8.1450,8.1779,0.100,7.676
2019-12-06,8.1723,8.2675,8.1723,8.2171,0.149,7.692
2019-12-09,8.1498,8.2283,8.1498,8.2115,0.138,7.710
2019-12-10,8.2003,8.2787,8.2003,8.2451,0.071,7.728
2019-12-11,8.2283,8.2675,8.2031,8.2339,0.075,7.747
2019-12-12,8.2115,8.2675,8.1498,8.1779,0.146,7.766
2019-12-13,8.1162,8.2675,8.0770,8.2619,0.216,7.787
2019-12-16,8.2843,8.2843,8.1723,8.1723,0.153,7.807
2019-12-17,8.1947,8.2675,8.1891,8.2395,0.154,7.826
2019-12-18,8.2059,8.2508,8.1274,8.1835,0.179,7.846
2019-12-19,8.1891,8.2899,8.1835,8.2395,0.189,7.867
2019-12-20,8.2507,8.2507,8.1891,8.1891,0.202,7.886
2019-12-23,8.1891,8.2283,8.1274,8.1947,0.154,7.905
2019-12-24,8.1835,8.2731,8.1835,8.2619,0.065,7.927
2019-12-26,8.2675,8.3347,8.2675,8.2955,0.104,7.949
2019-12-27,8.2955,8.3571,8.2451,8.2731,0.218,7.970
2019-12-30,8.3191,8.3538,8.2443,8.2731,0.272,7.991
2019-12-31,8.2788,8.4228,8.2788,8.3997,0.257,8.013
2020-01-02,8.3652,8.3882,8.2788,8.3767,0.167,8.032
2020-01-03,8.3767,8.4228,8.3594,8.4055,0.188,8.051
2020-01-06,8.4055,8.4976,8.4055,8.4458,0.134,8.070
2020-01-07,8.4400,8.4919,8.3882,8.3997,0.155,8.089
2020-01-08,8.3997,8.4458,8.3709,8.3825,0.167,8.108
2020-01-09,8.3825,8.3997,8.3422,8.3479,0.140,8.125
2020-01-10,8.3479,8.3709,8.2961,8.3191,0.183,8.140
2020-01-13,8.3076,8.4170,8.3076,8.3709,0.181,8.156
2020-01-14,8.3709,8.4573,8.3537,8.3940,0.107,8.173
2020-01-15,8.3882,8.5379,8.3825,8.5264,0.141,8.192
2020-01-16,8.5437,8.5897,8.4573,8.4803,0.178,8.207
2020-01-17,8.4919,8.5149,8.4285,8.4515,0.146,8.223
2020-01-21,8.4631,8.5581,8.4343,8.5149,0.132,8.239
2020-01-22,8.4919,8.5782,8.4631,8.4631,0.159,8.254
2020-01-23,8.4515,8.5840,8.4458,8.5609,0.156,8.269
2020-01-24,8.5494,8.6358,8.5379,8.5725,0.154,8.283
2020-01-27,8.4976,8.5609,8.3479,8.3997,0.233,8.290
2020-01-28,8.4515,8.5667,8.4376,8.5609,0.120,8.298
2020-01-29,8.5609,8.6876,8.5609,8.6531,0.220,8.312
2020-01-30,8.6300,8.7970,8.6300,8.7682,0.158,8.324
2020-01-31,8.7855,8.8891,8.7567,8.8430,0.240,8.340
2020-02-03,8.8661,8.9352,8.7797,8.9006,0.146,8.355
2020-02-04,8.9467,8.9467,8.7337,8.8315,0.199,8.370
2020-02-05,8.8833,8.9553,8.7855,8.9294,0.177,8.387
2020-02-06,8.9582,9.2777,8.9236,8.9812,0.373,8.405
2020-02-07,8.9755,9.0561,8.9727,9.0100,0.126,8.420
2020-02-10,9.0042,9.1251,9.0042,9.0848,0.088,8.436
2020-02-11,9.0964,9.1424,9.0503,9.1021,0.097,8.452
2020-02-12,9.1309,9.1885,9.0733,9.1367,0.125,8.467
2020-02-13,9.1367,9.2691,9.1309,9.2633,0.110,8.485
2020-02-14,9.2748,9.3151,9.1597,9.2345,0.097,8.504
2020-02-18,9.2288,9.2979,9.1885,9.2633,0.096,8.524
2020-02-19,9.2748,9.3382,9.2470,9.2863,0.064,8.547
2020-02-20,9.2863,9.3957,9.2691,9.3900,0.118,8.570
2020-02-21,9.3842,9.4092,9.2460,9.2691,0.142,8.591
2020-02-24,9.1712,9.3785,9.0388,9.2288,0.312,8.611
2020-02-25,9.2288,9.2403,8.3825,8.6243,0.596,8.619
2020-02-26,8.6358,8.8891,8.6185,8.7221,0.257,8.630
2020-02-27,8.6473,8.7855,8.5322,8.5379,0.378,8.635
2020-02-28,8.3767,8.4458,8.0255,8.2097,0.522,8.636
2020-03-02,8.1810,8.6761,8.1637,8.6646,0.211,8.644
2020-03-03,8.6473,8.6588,8.3191,8.3652,0.265,8.648
2020-03-04,8.4458,8.5322,8.3652,8.4573,0.156,8.652
2020-03-05,8.3422,8.4112,8.2961,8.3422,0.194,8.655
2020-03-06,8.1291,8.1637,7.8298,8.0140,0.233,8.652
2020-03-09,7.7664,7.7664,7.0007,7.0065,0.295,8.627
2020-03-10,7.1274,7.2886,6.7762,7.0180,0.255,8.601
2020-03-11,6.9144,7.1735,6.8511,7.0526,0.355,8.577
2020-03-12,6.6783,6.7762,5.3139,5.5154,0.475,8.522
2020-03-13,5.7975,6.0508,5.1297,5.2045,0.642,8.458
2020-03-16,4.6173,5.3254,4.5810,4.6115,0.288,8.382
2020-03-17,4.7439,4.9109,4.3236,4.5827,0.462,8.306
2020-03-18,4.4042,4.4042,2.3720,2.7347,0.743,8.192
2020-03-19,2.7577,3.7134,2.7347,3.4486,0.473,8.093
2020-03-20,3.5004,4.1682,3.3219,3.3737,0.498,7.992
2020-03-23,3.3680,3.3737,2.6656,2.8383,0.328,7.882
2020-03-24,2.9362,3.2528,2.8901,3.0513,0.261,7.777
2020-03-25,3.1607,4.0761,3.0628,3.6098,0.507,7.682
2020-03-26,3.7537,5.2563,3.6961,4.7497,0.713,7.609
2020-03-27,4.4733,5.1527,4.2603,4.7727,0.416,7.534
2020-03-30,5.0324,5.0568,4.0869,4.0991,0.454,7.446
2020-03-31,4.0259,4.1296,3.6233,3.7819,0.437,7.353
2020-04-01,3.6904,3.7087,2.9218,2.9279,0.347,7.241
2020-04-02,2.9584,3.1841,2.4217,2.4826,0.575,7.121
2020-04-03,2.4400,2.4400,1.6836,1.7629,0.946,6.985
2020-04-06,2.0496,2.7327,2.0130,2.4948,0.796,6.864
2020-04-07,2.7449,3.5867,2.7449,2.8669,0.917,6.753
2020-04-08,3.1536,3.8155,3.1353,3.7270,0.817,6.657
2020-04-09,4.0259,4.6054,3.6599,3.9893,0.967,6.563
2020-04-13,4.3858,4.4834,3.7559,4.3431,0.701,6.475
2020-04-14,4.5017,5.2215,4.1235,4.1906,0.943,6.382
2020-04-15,3.9588,3.9588,3.6294,3.7941,0.436,6.280
2020-04-16,3.8429,3.9161,3.5745,3.7148,0.302,6.177
2020-04-17,3.9283,4.2272,3.6721,4.0198,0.519,6.079
2020-04-20,3.8185,3.9934,3.7392,3.8978,0.298,5.977
2020-04-21,3.7209,4.0625,3.7209,4.0503,0.335,5.878
2020-04-22,4.0564,4.2455,3.8673,3.9588,0.321,5.776
2020-04-23,3.9588,4.1906,3.8826,4.0198,0.272,5.674
2020-04-24,3.9771,4.0857,3.6965,3.9710,0.381,5.571
2020-04-27,4.0076,4.1967,3.8490,4.0381,0.289,5.466
2020-04-28,4.0686,4.3492,3.9527,4.2455,0.347,5.366
2020-04-29,4.4773,4.7335,4.3566,4.4529,0.484,5.270
2020-04-30,4.4834,4.4834,4.1601,4.2455,0.284,5.169
2020-05-01,4.0747,4.1662,3.8673,4.0137,0.259,5.062
2020-05-04,3.9039,4.1174,3.7514,4.0381,0.184,4.957
2020-05-05,4.0381,4.2577,3.9954,4.0930,0.266,4.855
2020-05-06,4.1174,4.2699,3.8551,3.9100,0.270,4.760
2020-05-07,3.9344,4.1906,3.9161,4.0442,0.231,4.667
2020-05-08,3.9649,4.1723,3.9405,4.0198,0.219,4.576
2020-05-11,3.9649,3.9649,3.7026,3.8307,0.383,4.489
2020-05-12,4.2150,4.4894,4.0259,4.3370,0.814,4.402
2020-05-13,4.3370,4.3462,3.8917,4.1540,0.426,4.318
2020-05-14,4.0564,4.4529,3.8362,4.3980,0.319,4.237
2020-05-15,4.3736,4.5292,4.3187,4.3980,0.251,4.158
2020-05-18,4.5444,4.7213,4.4224,4.5505,0.380,4.089
2020-05-19,4.5200,4.7213,4.4224,4.4834,0.361,4.038
2020-05-20,4.6115,5.1056,4.5383,5.0873,0.432,4.000
2020-05-21,5.2825,5.2825,4.9500,5.0385,0.432,3.959
2020-05-22,5.0385,5.2703,4.8860,5.2459,0.271,3.954
2020-05-26,5.4533,5.5326,5.3191,5.3374,0.353,3.957
2020-05-27,5.4594,5.5997,5.2215,5.5570,0.249,3.975
2020-05-28,5.6485,5.7033,5.3679,5.4167,0.225,3.992
2020-05-29,5.4106,5.4106,5.1361,5.2642,0.190,4.043
2020-06-01,5.2093,5.5631,5.2093,5.3862,0.296,4.081
2020-06-02,5.4655,5.5570,5.3160,5.3618,0.159,4.121
2020-06-03,5.3862,5.7186,5.3862,5.6729,0.297,4.178
2020-06-04,5.5936,5.9901,5.5478,5.9474,0.304,4.236
2020-06-05,6.2829,6.5269,6.0084,6.0816,0.442,4.285
2020-06-08,6.3439,6.6428,6.1883,6.6062,0.626,4.322
2020-06-09,6.5269,6.7343,6.3256,6.3744,0.362,4.354
2020-06-10,6.3683,6.3683,5.8071,5.9230,0.484,4.391
2020-06-11,5.5265,5.6662,5.1910,5.3923,0.489,4.423
2020-06-12,5.6790,5.8535,5.3831,5.7400,0.303,4.479
2020-06-15,5.3984,6.0511,5.3801,5.8559,0.281,4.547
2020-06-16,6.0999,6.2097,5.8742,5.9657,0.423,4.631
2020-06-17,6.0145,6.2097,5.7522,5.7644,0.213,4.696
2020-06-18,5.6546,5.8137,5.5936,5.5997,0.304,4.751
2020-06-19,5.6973,5.9962,5.6241,5.6241,0.483,4.789
2020-06-22,5.5387,5.6607,5.4289,5.5936,0.309,4.821
2020-06-23,5.7095,5.9487,5.6790,5.8986,0.250,4.852
2020-06-24,5.7827,5.8498,5.3862,5.6790,0.340,4.882
2020-06-25,5.5692,5.7612,5.5242,5.6668,0.195,4.919
2020-06-26,5.6058,5.6058,5.3740,5.4899,0.385,4.955
2020-06-29,5.5200,5.9156,5.2751,5.7461,0.428,4.989
2020-06-30,5.6770,5.8340,5.6143,5.6644,0.171,5.025
2020-07-01,5.6519,5.8591,5.5137,5.5263,0.276,5.054
2020-07-02,5.6707,5.7021,5.4070,5.4070,0.270,5.083
2020-07-06,5.5891,5.6770,5.4476,5.5891,0.227,5.115
2020-07-07,5.7084,5.7084,5.5137,5.5263,0.264,5.146
2020-07-08,5.5263,5.6268,5.3944,5.5514,0.280,5.176
2020-07-09,5.5012,5.5012,5.2060,5.2186,0.483,5.195
2020-07-10,5.2249,5.4635,5.1621,5.4635,0.362,5.216
2020-07-13,5.5577,5.5577,5.3065,5.3128,0.339,5.237
2020-07-14,5.2751,5.5702,5.2249,5.4886,0.196,5.266
2020-07-15,5.5200,5.8968,5.5200,5.8466,0.461,5.303
2020-07-16,5.8089,6.0726,5.7180,5.9156,0.249,5.339
2020-07-17,5.9094,5.9659,5.7524,5.8214,0.227,5.377
2020-07-20,5.7461,5.8842,5.6330,5.6958,0.266,5.410
2020-07-21,5.7461,5.9031,5.7021,5.7963,0.161,5.446
2020-07-22,5.7461,5.9282,5.6205,5.7524,0.286,5.484
2020-07-23,5.7210,5.8591,5.7210,5.7963,0.116,5.513
2020-07-24,5.7775,5.8905,5.6770,5.6833,0.122,5.544
2020-07-27,5.6519,5.7524,5.6519,5.7335,0.091,5.571
2020-07-28,5.7461,5.8214,5.6645,5.7461,0.162,5.598
2020-07-29,5.7963,5.8528,5.7021,5.8340,0.206,5.623
2020-07-30,5.7524,5.9313,5.6958,5.8717,0.161,5.651
2020-07-31,5.8089,6.0287,5.6770,5.7963,0.371,5.665
2020-08-03,5.8026,5.8591,5.7272,5.8026,0.160,5.681
2020-08-04,5.7838,5.8528,5.6205,5.6707,0.322,5.689
2020-08-05,5.7775,5.9879,5.6896,5.9722,0.317,5.702
2020-08-06,5.9722,6.2234,5.9659,6.0726,0.283,5.712
2020-08-07,6.1103,6.2736,6.0161,6.2548,0.173,5.729
2020-08-10,6.3113,6.7069,6.2610,6.3050,0.422,5.750
2020-08-11,6.4369,6.5813,6.3552,6.3615,0.363,5.769
2020-08-12,6.4934,6.4997,6.1229,6.1543,0.372,5.785
2020-08-13,6.0601,6.2234,5.9973,6.0350,0.216,5.792
2020-08-14,6.0350,6.3050,5.9847,6.2673,0.169,5.799
2020-08-17,6.2736,6.2747,6.0821,6.1166,0.168,5.799
2020-08-18,6.1166,6.2422,6.0098,6.1668,0.253,5.791
2020-08-19,6.1668,6.2171,6.0350,6.0852,0.162,5.785
2020-08-20,6.0161,6.1354,5.9973,6.0036,0.109,5.786
2020-08-21,5.9973,6.0726,5.9408,5.9408,0.162,5.797
2020-08-24,5.9659,6.1731,5.9282,6.1606,0.154,5.806
2020-08-25,6.1857,6.1857,6.0036,6.1166,0.121,5.811
2020-08-26,6.0475,6.0978,5.9784,5.9784,0.093,5.811
2020-08-27,5.9784,6.1166,5.9722,6.0161,0.085,5.816
2020-08-28,6.0852,6.1354,6.0166,6.1292,0.092,5.827
2020-08-31,6.1668,6.1668,5.9784,6.0036,0.121,5.834
2020-09-01,5.9408,6.0915,5.9282,6.0224,0.079,5.843
2020-09-02,5.9847,6.0664,5.9219,5.9533,0.123,5.844
2020-09-03,5.9470,6.1606,5.9470,5.9847,0.233,5.850
2020-09-04,6.0664,6.0726,5.7775,5.9533,0.286,5.856
2020-09-08,5.9533,6.0726,5.8654,5.9345,0.166,5.865
2020-09-09,5.9659,5.9973,5.8905,5.9470,0.091,5.869
2020-09-10,5.9408,5.9722,5.8780,5.8842,0.093,5.873
2020-09-11,5.8591,5.8591,5.7084,5.7775,0.108,5.878
2020-09-14,5.8340,6.0538,5.7963,5.9533,0.116,5.889
2020-09-15,5.9659,6.0789,5.9659,6.0098,0.138,5.898
2020-09-16,6.0475,6.0852,5.9722,6.0475,0.149,5.908
2020-09-17,5.9847,6.1417,5.9627,6.1292,0.089,5.920
2020-09-18,6.2045,6.2234,6.0789,6.1794,0.213,5.939
2020-09-21,6.1040,6.1292,5.9031,5.9847,0.139,5.949
2020-09-22,5.9910,6.1480,5.9282,6.0726,0.161,5.964
2020-09-23,6.0789,6.0978,5.8089,5.8340,0.186,5.971
2020-09-24,5.8654,5.8654,5.6079,5.7900,0.226,5.970
2020-09-25,5.7524,6.0036,5.7210,5.9282,0.144,5.971
2020-09-28,6.0036,6.1229,5.9470,5.9910,0.298,5.974
2020-09-29,5.9498,6.0469,5.8011,5.8528,0.137,5.977
2020-09-30,5.8205,5.9110,5.7688,5.8076,0.101,5.977
2020-10-01,5.8140,5.9628,5.7235,5.9563,0.135,5.981
2020-10-02,5.8787,6.0727,5.8270,6.0275,0.123,5.986
2020-10-05,6.1115,6.1115,5.9951,6.0727,0.131,5.994
2020-10-06,6.0857,6.2409,6.0469,6.0533,0.160,6.000
2020-10-07,6.1245,6.1245,5.9693,6.0857,0.101,6.007
2020-10-08,6.1180,6.3279,6.1051,6.2603,0.115,6.015
2020-10-09,6.3379,6.3379,6.1762,6.1891,0.071,6.022
2020-10-12,6.1891,6.2150,6.0986,6.1503,0.064,6.029
2020-10-13,6.1180,6.1624,6.0404,6.1245,0.089,6.035
2020-10-14,6.1374,6.1762,6.0673,6.1309,0.074,6.045
2020-10-15,6.1180,6.1245,6.0275,6.1115,0.080,6.047
2020-10-16,6.0727,6.1051,6.0081,6.0339,0.066,6.047
2020-10-19,6.0792,6.0792,5.8464,5.8464,0.089,6.038
2020-10-20,5.9175,5.9401,5.8205,5.8334,0.114,6.029
2020-10-21,5.8140,5.8625,5.7429,5.8140,0.093,6.018
2020-10-22,5.7752,5.8658,5.7558,5.8076,0.084,6.011
2020-10-23,5.8464,5.9951,5.8357,5.8981,0.060,6.008
2020-10-26,5.8464,5.8593,5.7429,5.7558,0.112,5.998
2020-10-27,5.8464,5.9046,5.7235,5.7429,0.155,5.991
2020-10-28,5.6912,6.0339,5.6588,5.9628,0.551,5.987
2020-10-29,6.0275,6.1439,5.8852,6.1245,0.308,5.987
2020-10-30,6.1374,6.1633,5.9046,5.9240,0.198,5.986
2020-11-02,6.0016,6.1439,6.0016,6.1180,0.137,5.989
2020-11-03,6.1439,6.4608,6.1439,6.4284,0.238,5.995
2020-11-04,6.4996,6.6095,6.3638,6.5125,0.165,6.003
2020-11-05,6.4996,6.6548,6.4996,6.6483,0.118,6.016
2020-11-06,6.6612,6.6742,6.3055,6.3314,0.171,6.022
2020-11-09,6.5901,6.5966,6.4026,6.4155,0.280,6.028
2020-11-10,5.9175,6.0534,5.5748,5.6071,0.936,6.020
2020-11-11,5.4777,5.5748,5.3743,5.5036,0.683,6.010
2020-11-12,5.5036,5.6168,5.4131,5.5942,0.304,6.003
2020-11-13,5.6265,5.9110,5.6071,5.8593,0.273,6.000
2020-11-16,5.9434,6.0145,5.8852,5.9822,0.222,6.001
2020-11-17,5.9369,5.9628,5.7106,5.7558,0.310,5.997
2020-11-18,5.7817,6.0016,5.7429,5.7429,0.201,5.993
2020-11-19,5.7623,5.8270,5.6265,5.8205,0.236,5.992
2020-11-20,5.7946,5.8787,5.7364,5.8399,0.165,5.993
2020-11-23,5.8528,5.9822,5.8205,5.8916,0.211,5.992
2020-11-24,5.9563,6.1115,5.9563,6.0404,0.249,5.992
2020-11-25,6.0275,6.1374,5.9369,6.0081,0.175,5.991
2020-11-27,5.9757,6.0339,5.9175,5.9951,0.084,5.989
2020-11-30,5.9498,6.0145,5.7623,5.8593,0.253,5.982
2020-12-01,5.8852,6.0017,5.8270,5.8787,0.180,5.980
2020-12-02,5.8334,5.9757,5.8334,5.9110,0.125,5.977
2020-12-03,5.8852,6.0727,5.8852,5.9951,0.180,5.980
2020-12-04,5.9951,6.1309,5.9951,6.1180,0.137,5.987
2020-12-07,6.1503,6.1503,5.9110,6.0404,0.143,5.989
2020-12-08,6.0404,6.1762,6.0404,6.1180,0.145,5.992
2020-12-09,6.2344,6.3055,6.1245,6.2344,0.222,5.999
2020-12-10,6.1697,6.2094,6.0598,6.1762,0.142,6.007
2020-12-11,6.2150,6.2344,6.0663,6.2279,0.100,6.012
2020-12-14,6.2797,6.3832,6.2085,6.2861,0.137,6.017
2020-12-15,6.2473,6.3120,6.1956,6.2215,0.206,6.020
2020-12-16,6.2085,6.3055,6.1697,6.1827,0.117,6.023
2020-12-17,6.1762,6.2603,6.1568,6.2215,0.105,6.026
2020-12-18,6.2279,6.2862,6.1180,6.1180,0.285,6.023
2020-12-21,6.0986,6.2150,6.0339,6.1374,0.222,6.022
2020-12-22,6.1827,6.1827,6.0016,6.0339,0.150,6.019
2020-12-23,6.0016,6.1309,5.9822,6.0663,0.122,6.018
2020-12-24,6.1115,6.1115,5.9822,6.0275,0.056,6.016
2020-12-28,6.1374,6.2344,6.0469,6.1568,0.212,6.017
2020-12-29,6.1697,6.1956,6.0145,6.0469,0.229,6.017
2020-12-30,6.0948,6.1748,5.9883,6.0016,0.218,6.020
2020-12-31,5.9883,6.1148,5.9350,6.0882,0.201,6.025
2021-01-04,6.0815,6.1148,5.7884,5.8684,0.271,6.027
2021-01-05,5.8417,5.9150,5.7951,5.8217,0.228,6.027
2021-01-06,5.8684,6.0615,5.8284,5.9483,0.175,6.028
2021-01-07,5.9816,6.0482,5.8950,5.9883,0.136,6.032
2021-01-08,5.9883,6.0216,5.9217,5.9949,0.143,6.038
2021-01-11,5.9483,6.0416,5.9217,5.9683,0.140,6.038
2021-01-12,5.9550,6.0216,5.9350,5.9616,0.114,6.034
2021-01-13,5.9683,5.9883,5.8993,5.9283,0.133,6.034
2021-01-14,5.9416,5.9816,5.8883,5.9283,0.173,6.031
2021-01-15,5.9017,5.9483,5.8617,5.8617,0.149,6.019
2021-01-19,5.8950,5.8950,5.8018,5.8151,0.206,6.005
2021-01-20,5.8217,6.0216,5.8084,6.0082,0.163,5.993
2021-01-21,5.9949,6.1281,5.9749,6.0749,0.156,5.987
2021-01-22,6.0615,6.1748,5.9749,6.1748,0.157,5.983
2021-01-25,6.1881,6.2214,6.0615,6.1814,0.138,5.994
2021-01-26,6.2081,6.3010,6.1415,6.2414,0.227,6.009
2021-01-27,6.1748,6.1748,5.9616,5.9883,0.261,6.017
2021-01-28,6.0615,6.0882,5.8950,5.9949,0.162,6.019
2021-01-29,5.9949,5.9949,5.8617,5.8617,0.206,6.017
2021-02-01,5.8950,5.9217,5.7618,5.8684,0.245,6.019
2021-02-02,5.9150,6.0935,5.8751,6.0549,0.157,6.026
2021-02-03,6.0682,6.1481,6.0082,6.0549,0.088,6.030
2021-02-04,6.0549,6.2281,6.0549,6.2081,0.103,6.038
2021-02-05,6.2147,6.3280,6.2081,6.2947,0.163,6.046
2021-02-08,6.2880,6.3147,6.2081,6.2547,0.197,6.050
2021-02-09,6.2547,6.2614,6.1415,6.1881,0.218,6.054
2021-02-10,6.1881,6.2880,6.1681,6.1948,0.113,6.058
2021-02-11,6.2214,6.2947,6.1814,6.2614,0.132,6.066
2021-02-12,6.2214,6.4479,6.2214,6.3879,0.125,6.076
2021-02-16,6.4479,6.5744,6.4079,6.4878,0.209,6.087
2021-02-17,6.5278,6.5278,6.3480,6.4079,0.164,6.096
2021-02-18,6.4079,6.4196,6.2347,6.2947,0.104,6.099
2021-02-19,6.2947,6.5211,6.2947,6.4612,0.114,6.107
2021-02-22,6.4212,6.5278,6.4146,6.4745,0.226,6.115
2021-02-23,6.5145,6.5145,6.3480,6.4346,0.096,6.119
2021-02-24,6.4878,6.6344,6.4745,6.6144,0.208,6.127
2021-02-25,6.6744,6.7809,6.4079,6.4146,0.183,6.131
2021-02-26,6.4745,6.6410,6.3613,6.5411,0.162,6.136
2021-03-01,6.7210,6.7809,6.5878,6.6877,0.185,6.146
2021-03-02,6.6610,6.9485,6.6211,6.7743,0.217,6.157
2021-03-03,6.7876,6.9408,6.7476,6.8276,0.188,6.170
2021-03-04,6.8542,6.9008,6.5478,6.6877,0.254,6.181
2021-03-05,6.7276,6.7276,6.3546,6.7077,0.176,6.192
2021-03-08,6.6744,7.0007,6.6211,6.9741,0.239,6.211
2021-03-09,6.9941,7.1007,6.9141,7.0674,0.170,6.231
2021-03-10,6.5278,6.9874,6.4945,6.7809,0.609,6.246
2021-03-11,6.7942,6.8409,6.7343,6.7942,0.204,6.259
2021-03-12,6.8142,6.9075,6.7210,6.7210,0.252,6.272
2021-03-15,6.7543,6.7805,6.6410,6.7077,0.286,6.287
2021-03-16,6.7543,6.7543,6.6444,6.6744,0.230,6.298
2021-03-17,6.7077,6.8076,6.6277,6.8009,0.184,6.317
2021-03-18,6.8276,6.8475,6.6810,6.7010,0.141,6.335
2021-03-19,6.6744,6.7942,6.6077,6.7343,0.327,6.350
2021-03-22,6.7276,6.7276,6.6077,6.6744,0.155,6.364
2021-03-23,6.6943,6.7476,6.6277,6.6544,0.238,6.377
2021-03-24,6.6677,6.8675,6.6077,6.6077,0.199,6.390
2021-03-25,6.5944,6.7743,6.4745,6.6677,0.249,6.404
2021-03-26,6.7276,6.7476,6.6144,6.6744,0.222,6.419
2021-03-29,6.6610,6.7210,6.6144,6.6211,0.373,6.433
2021-03-30,6.6485,6.7238,6.5184,6.6211,0.244,6.448
2021-03-31,6.6348,6.6699,6.3951,6.3951,0.484,6.460
2021-04-01,6.4430,6.5457,6.4020,6.5321,0.214,6.470
2021-04-05,6.5800,6.6005,6.4157,6.4773,0.189,6.478
2021-04-06,6.4773,6.5526,6.4704,6.5252,0.154,6.485
2021-04-07,6.5457,6.5663,6.4362,6.5047,0.199,6.492
2021-04-08,6.5115,6.5731,6.4773,6.5663,0.155,6.498
2021-04-09,6.5800,6.6348,6.5047,6.5389,0.152,6.509
2021-04-12,6.5389,6.5787,6.5321,6.5526,0.085,6.520
2021-04-13,6.5457,6.6827,6.4636,6.6827,0.215,6.537
2021-04-14,6.6758,6.6895,6.5731,6.5937,0.209,6.551
2021-04-15,6.6348,6.6348,6.4899,6.5594,0.165,6.561
2021-04-16,6.5252,6.5594,6.4773,6.5252,0.131,6.571
2021-04-19,6.5252,6.5252,6.3540,6.4157,0.260,6.575
2021-04-20,6.4773,6.4773,6.3335,6.4567,0.205,6.578
2021-04-21,6.4567,6.5321,6.4058,6.4978,0.145,6.583
2021-04-22,6.5594,6.5594,6.4191,6.4567,0.204,6.588
2021-04-23,6.5594,6.8127,6.5457,6.7375,0.438,6.599
2021-04-26,6.8402,6.9703,6.7991,6.8128,0.500,6.610
2021-04-27,6.9223,6.9908,6.8744,6.9908,0.272,6.622
2021-04-28,7.0182,7.0798,6.9771,7.0524,0.313,6.634
2021-04-29,7.1072,7.1346,6.9531,6.9703,0.285,6.645
2021-04-30,6.9703,7.0079,6.9086,6.9292,0.180,6.658
2021-05-03,6.9908,7.0867,6.9360,7.0593,0.163,6.669
2021-05-04,7.0524,7.0593,6.8812,6.9360,0.249,6.679
2021-05-05,6.9497,7.0456,6.9498,7.0387,0.084,6.691
2021-05-06,7.0113,7.0319,6.7649,6.9292,0.305,6.697
2021-05-07,6.9223,7.0107,6.9018,6.9497,0.226,6.708
2021-05-10,6.9771,6.9908,6.7717,6.7717,0.324,6.712
2021-05-11,6.6827,6.6827,6.2308,6.4157,0.684,6.707
2021-05-12,6.4362,6.4567,6.0254,6.0254,0.602,6.692
2021-05-13,6.0870,6.3609,6.0596,6.3609,0.314,6.683
2021-05-14,6.4225,6.5868,6.3438,6.5252,0.304,6.679
2021-05-17,6.5594,6.6348,6.4567,6.6142,0.178,6.678
2021-05-18,6.6142,6.7101,6.5944,6.6485,0.205,6.671
2021-05-19,6.5663,6.6895,6.4773,6.6758,0.183,6.663
2021-05-20,6.7032,6.7032,6.5800,6.6621,0.132,6.661
2021-05-21,6.6758,6.7032,6.5937,6.6348,0.163,6.658
2021-05-24,6.6348,6.6895,6.6074,6.6690,0.163,6.657
2021-05-25,6.6758,6.8470,6.6553,6.6553,0.237,6.656
2021-05-26,6.6827,6.7579,6.6485,6.7306,0.127,6.657
2021-05-27,6.7443,6.7889,6.7169,6.7306,0.116,6.655
2021-05-28,6.7649,6.7855,6.6943,6.7238,0.110,6.656
2021-06-01,6.7306,6.8676,6.7169,6.8333,0.164,6.658
2021-06-02,6.8402,6.8812,6.8265,6.8470,0.175,6.661
2021-06-03,6.8470,6.9155,6.8128,6.8812,0.113,6.666
2021-06-04,6.9360,6.9634,6.8539,6.9292,0.135,6.672
2021-06-07,6.9292,7.0867,6.9292,7.0730,0.312,6.680
2021-06-08,7.0661,7.1620,7.0661,7.1346,0.317,6.689
2021-06-09,7.1962,7.3092,7.1688,7.1757,0.352,6.700
2021-06-10,7.2236,7.2373,7.1346,7.1620,0.187,6.711
2021-06-11,7.1894,7.1962,7.0935,7.1551,0.199,6.727
2021-06-14,7.1894,7.2510,7.0935,7.1757,0.184,6.739
2021-06-15,7.2441,7.2441,7.0319,7.0593,0.390,6.751
2021-06-16,7.0182,7.1483,6.9915,7.1140,0.268,6.763
2021-06-17,7.1551,7.1757,6.8881,6.9771,0.236,6.772
2021-06-18,6.9086,6.9360,6.7854,6.9360,0.425,6.780
2021-06-21,6.9429,7.1209,6.9429,7.0867,0.267,6.791
2021-06-22,7.1004,7.1483,7.0182,7.1414,0.208,6.802
2021-06-23,7.1551,7.2031,7.0901,7.1072,0.256,6.811
2021-06-24,7.1414,7.2578,7.1004,7.2304,0.267,6.824
2021-06-25,7.2510,7.2681,7.1894,7.2031,2.406,6.836
2021-06-28,7.2373,7.2647,7.0113,7.0387,0.390,6.847
2021-06-29,6.8451,6.9999,6.8451,6.9155,0.331,6.857
2021-06-30,6.9014,6.9507,6.8592,6.9366,0.206,6.866
2021-07-01,6.9718,7.0210,6.9577,6.9718,0.149,6.876
2021-07-02,6.9788,6.9929,6.8698,6.8803,0.214,6.884
2021-07-06,6.9084,6.9084,6.7396,6.8170,0.276,6.886
2021-07-07,6.8100,6.8521,6.6974,6.7537,0.180,6.885
2021-07-08,6.6974,6.7185,6.4793,6.6693,0.253,6.878
2021-07-09,6.7115,6.8873,6.6974,6.8592,0.218,6.874
2021-07-12,6.8662,6.9366,6.8381,6.9014,0.180,6.873
2021-07-13,6.9296,6.9296,6.6270,6.6341,0.259,6.867
2021-07-14,6.6763,6.7096,6.5356,6.5778,0.190,6.857
2021-07-15,6.5778,6.6693,6.5075,6.6059,0.158,6.851
2021-07-16,6.6411,6.7150,6.5286,6.5989,0.254,6.842
2021-07-19,6.4793,6.5286,6.3316,6.4793,0.456,6.833
2021-07-20,6.5004,6.5989,6.4371,6.5145,0.192,6.824
2021-07-21,6.5567,6.6974,6.5567,6.5989,0.152,6.821
2021-07-22,6.5919,6.5919,6.4723,6.4934,0.126,6.822
2021-07-23,6.5637,6.5637,6.4723,6.4863,0.106,6.832
2021-07-26,6.4582,6.6054,6.4582,6.5848,0.124,6.836
2021-07-27,6.5778,6.7009,6.5004,6.6200,0.172,6.838
2021-07-28,6.4512,6.5919,6.4512,6.5637,0.338,6.837
2021-07-29,6.6130,6.7017,6.5426,6.5637,0.105,6.835
2021-07-30,6.5637,6.6477,6.4512,6.4793,0.173,6.831
2021-08-02,6.5145,6.6130,6.4723,6.4793,0.119,6.828
2021-08-03,6.5356,6.5919,6.3667,6.4512,0.225,6.824
2021-08-04,6.3879,6.4721,6.3527,6.4090,0.184,6.819
2021-08-05,6.3597,6.5075,6.3597,6.4934,0.164,6.816
2021-08-06,6.5075,6.5356,6.4441,6.4582,0.114,6.810
2021-08-09,6.4441,6.5075,6.4160,6.4441,0.227,6.805
2021-08-10,6.2612,6.4863,6.1768,6.3667,0.571,6.797
2021-08-11,6.2331,6.3399,6.2049,6.3105,0.233,6.787
2021-08-12,6.3245,6.3597,6.2612,6.3386,0.140,6.777
2021-08-13,6.3527,6.4230,6.3175,6.4090,0.145,6.767
2021-08-16,6.4090,6.4582,6.3175,6.3808,0.186,6.756
2021-08-17,6.3527,6.3731,6.3075,6.3245,0.125,6.741
2021-08-18,6.3105,6.3950,6.2823,6.3175,0.092,6.725
2021-08-19,6.2753,6.3316,6.1838,6.2331,0.212,6.706
2021-08-20,6.2331,6.2964,6.1979,6.2260,0.225,6.687
2021-08-23,6.2401,6.3245,6.2401,6.2683,0.163,6.670
2021-08-24,6.2753,6.4019,6.2753,6.3738,0.295,6.654
2021-08-25,6.4019,6.4582,6.3527,6.3527,0.190,6.640
2021-08-26,6.3597,6.3808,6.3034,6.3175,0.079,6.624
2021-08-27,6.3386,6.3738,6.3105,6.3105,0.109,6.610
2021-08-30,6.4019,6.4019,6.3175,6.3456,0.148,6.598
2021-08-31,6.3667,6.4406,6.3597,6.4160,0.143,6.585
2021-09-01,6.4019,6.4652,6.3879,6.3879,0.127,6.570
2021-09-02,6.4160,6.4371,6.3773,6.4371,0.103,6.557
2021-09-03,6.4441,6.4441,6.3527,6.4090,0.112,6.540
2021-09-07,6.4371,6.4512,6.3527,6.3808,0.170,6.524
2021-09-08,6.3597,6.3784,6.2823,6.3316,0.178,6.510
2021-09-09,6.3034,6.3879,6.2964,6.3245,0.093,6.498
2021-09-10,6.3316,6.3738,6.2894,6.3316,0.178,6.486
2021-09-13,6.3667,6.4090,6.3034,6.3879,0.128,6.474
2021-09-14,6.4090,6.4160,6.3668,6.3879,0.111,6.464
2021-09-15,6.3808,6.4054,6.2612,6.3808,0.478,6.455
2021-09-16,6.4441,6.4441,6.3738,6.3879,0.115,6.448
2021-09-17,6.3843,6.4863,6.3316,6.4863,0.178,6.444
2021-09-20,6.4160,6.4828,6.3562,6.3949,0.329,6.435
2021-09-21,6.4019,6.4934,6.4019,6.4863,0.137,6.427
2021-09-22,6.5075,6.5778,6.5075,6.5426,0.218,6.425
2021-09-23,6.5426,6.6622,6.5426,6.5848,0.300,6.425
2021-09-24,6.5989,6.6693,6.5849,6.6270,0.208,6.426
2021-09-27,6.6763,6.7185,6.6552,6.6693,0.274,6.427
2021-09-28,6.6904,6.7115,6.5004,6.5004,0.363,6.427
2021-09-29,6.4642,6.5506,6.4642,6.5004,0.251,6.427
2021-09-30,6.4714,6.5004,6.4279,6.4352,0.241,6.424
2021-10-01,6.4424,6.4642,6.3700,6.4279,0.632,6.423
2021-10-04,6.4279,6.5838,6.4279,6.4569,0.224,6.422
2021-10-05,6.5004,6.5584,6.4543,6.5584,0.152,6.421
2021-10-06,6.5222,6.5508,6.4569,6.5077,0.147,6.419
2021-10-07,6.5366,6.5941,6.5222,6.5222,0.074,6.418
2021-10-08,6.5584,6.5946,6.5584,6.5801,0.058,6.419
2021-10-11,6.5946,6.6598,6.5801,6.6164,0.099,6.421
2021-10-12,6.6164,6.6526,6.5946,6.6236,0.085,6.424
2021-10-13,6.6381,6.6598,6.5946,6.6454,0.058,6.428
2021-10-14,6.6671,6.6961,6.6236,6.6671,0.086,6.433
2021-10-15,6.6671,6.6889,6.5801,6.5801,0.095,6.435
2021-10-18,6.5294,6.5874,6.5294,6.5656,0.096,6.437
2021-10-19,6.6236,6.6381,6.5801,6.6019,0.085,6.440
2021-10-20,6.5946,6.6454,6.5802,6.6164,0.070,6.445
2021-10-21,6.5946,6.7033,6.5946,6.6671,0.096,6.452
2021-10-22,6.6743,6.7033,6.6381,6.6526,0.063,6.459
2021-10-25,6.6598,6.6961,6.6236,6.6598,0.099,6.464
2021-10-26,6.6816,6.6816,6.6019,6.6309,0.141,6.469
2021-10-27,6.6309,6.6961,6.6105,6.6454,0.120,6.475
2021-10-28,6.6598,6.6743,6.5946,6.6164,0.092,6.481
2021-10-29,6.5946,6.6526,6.5656,6.6091,0.086,6.489
2021-11-01,6.6091,6.6707,6.5946,6.6598,0.132,6.497
2021-11-02,6.6309,6.6345,6.5584,6.5874,0.115,6.504
2021-11-03,6.5656,6.6526,6.5656,6.6381,0.152,6.509
2021-11-04,6.5946,6.6525,6.5656,6.5656,0.107,6.513
2021-11-05,6.5656,6.6526,6.5656,6.6381,0.143,6.520
2021-11-08,6.6381,6.6635,6.6091,6.6381,0.100,6.526
2021-11-09,6.6526,6.6888,6.6309,6.6598,0.104,6.533
2021-11-10,6.5656,6.6200,6.5294,6.5366,0.289,6.535
2021-11-11,6.5511,6.5628,6.5366,6.5511,0.060,6.538
2021-11-12,6.5294,6.6091,6.5185,6.5874,0.172,6.541
2021-11-15,6.5946,6.6236,6.5294,6.5294,0.099,6.544
2021-11-16,6.5584,6.5729,6.5077,6.5656,0.152,6.547
2021-11-17,6.5366,6.5366,6.4859,6.5222,0.199,6.551
2021-11-18,6.5222,6.5439,6.4859,6.5149,0.147,6.555
2021-11-19,6.4932,6.5040,6.4569,6.4714,0.203,6.558
2021-11-22,6.4787,6.4859,6.4424,6.4497,0.202,6.559
2021-11-23,6.4497,6.4642,6.4352,6.4424,0.128,6.560
2021-11-24,6.4497,6.5149,6.4352,6.4714,0.139,6.562
2021-11-26,6.4352,6.4424,6.3555,6.4207,0.270,6.563
2021-11-29,6.4497,6.4714,6.3482,6.3700,0.199,6.560
2021-11-30,6.3700,6.3700,6.1163,6.1960,0.350,6.556
2021-12-01,6.2975,6.2975,6.1091,6.1091,0.257,6.549
2021-12-02,6.1091,6.2613,6.0946,6.2540,0.145,6.543
2021-12-03,6.2540,6.2540,6.1453,6.1671,0.132,6.535
2021-12-06,6.2105,6.3120,6.1454,6.2178,0.193,6.526
2021-12-07,6.2395,6.3917,6.2323,6.3265,0.150,6.520
2021-12-08,6.3555,6.4135,6.3265,6.3990,0.141,6.518
2021-12-09,6.3845,6.4134,6.3120,6.3627,0.129,6.515
2021-12-10,6.3845,6.4497,6.2685,6.2975,0.239,6.512
2021-12-13,6.2685,6.2975,5.8699,5.8989,0.663,6.501
2021-12-14,5.8917,6.0076,5.8627,5.9134,0.328,6.491
2021-12-15,5.9424,6.0366,5.8554,6.0221,0.259,6.480
2021-12-16,6.0149,6.1163,5.8917,5.8917,0.223,6.468
2021-12-17,5.8989,5.9505,5.8047,5.8482,0.360,6.454
2021-12-20,5.8627,5.9279,5.6743,5.8699,0.372,6.440
2021-12-21,5.9352,6.1381,5.9315,6.0801,0.235,6.429
2021-12-22,6.0511,6.2613,6.0511,6.1743,0.214,6.420
2021-12-23,6.2250,6.3337,6.1816,6.2613,0.188,6.412
2021-12-27,6.3120,6.3700,6.1960,6.3265,0.600,6.406
2021-12-28,6.3265,6.3772,6.3048,6.3555,0.260,6.401
2021-12-29,6.3482,6.3627,6.2685,6.3192,0.412,6.396
2021-12-30,6.2613,6.3585,6.2185,6.2613,0.371,6.389
2021-12-31,6.2313,6.2687,6.1416,6.1865,0.225,6.381
2022-01-03,6.1865,6.3361,6.1790,6.2837,0.158,6.373
2022-01-04,6.2837,6.3361,6.2463,6.2613,0.193,6.365
2022-01-05,6.2613,6.3585,6.1939,6.2014,0.118,6.356
2022-01-06,6.2089,6.2987,6.1715,6.2613,0.080,6.349
2022-01-07,6.2687,6.3361,6.2388,6.2987,0.101,6.342
2022-01-10,6.2837,6.3062,6.2613,6.2762,0.079,6.335
2022-01-11,6.3211,6.3884,6.2762,6.3510,0.105,6.330
2022-01-12,6.3884,6.3884,6.2837,6.2837,0.086,6.322
2022-01-13,6.3436,6.3735,6.2687,6.2837,0.114,6.316
2022-01-14,6.2388,6.3136,6.2014,6.2463,0.169,6.308
2022-01-18,6.2313,6.2762,6.1902,6.2313,0.153,6.302
2022-01-19,6.2613,6.2613,6.1715,6.1790,0.092,6.293
2022-01-20,6.1715,6.1754,6.0518,6.0668,0.261,6.281
2022-01-21,6.0369,6.0967,5.9546,6.0593,0.404,6.269
2022-01-24,5.9471,5.9471,5.5731,5.9172,0.553,6.257
2022-01-25,5.9321,6.0518,5.8424,6.0144,0.229,6.246
2022-01-26,6.1042,6.2089,5.9246,5.9546,0.208,6.233
2022-01-27,5.9920,6.0593,5.8174,5.8424,0.149,6.220
2022-01-28,5.8798,5.8947,5.7376,5.8947,0.140,6.206
2022-01-31,5.8648,6.0668,5.8648,6.0668,0.108,6.197
2022-02-01,6.0518,6.1341,5.9695,6.0369,0.111,6.187
2022-02-02,6.0593,6.1042,5.9923,6.0817,0.099,6.180
2022-02-03,6.0369,6.0705,5.8798,5.8798,0.277,6.168
2022-02-04,5.9321,5.9321,5.7675,5.8498,0.137,6.156
2022-02-07,5.8498,5.9546,5.8349,5.8798,0.076,6.145
2022-02-08,5.9022,5.9396,5.8498,5.8573,0.062,6.133
2022-02-09,5.8872,5.9241,5.8050,5.8199,0.101,6.122
2022-02-10,5.7975,5.9171,5.7601,5.7675,0.110,6.114
2022-02-11,5.7675,5.9097,5.7675,5.8124,0.177,6.108
2022-02-14,5.7675,5.7900,5.6927,5.6927,0.162,6.097
2022-02-15,5.7301,5.7975,5.7227,5.7825,0.102,6.089
2022-02-16,5.8124,5.8947,5.7975,5.8872,0.078,6.082
2022-02-17,5.8573,5.8573,5.7451,5.7900,0.099,6.072
2022-02-18,5.7900,5.8723,5.7768,5.8723,0.090,6.061
2022-02-22,5.8274,5.8274,5.6553,5.6778,0.246,6.047
2022-02-23,5.6778,5.6778,5.3374,5.3786,0.582,6.029
2022-02-24,5.2364,5.5880,5.1841,5.5431,0.180,6.022
2022-02-25,5.6030,5.6478,5.5357,5.5880,0.121,6.015
2022-02-28,5.5805,5.6479,5.5207,5.6254,0.151,6.007
2022-03-01,5.6105,5.6179,5.4945,5.5431,0.122,6.000
2022-03-02,5.6030,5.6927,5.5731,5.6628,0.060,5.997
2022-03-03,5.6853,5.6853,5.5918,5.6778,0.085,5.993
2022-03-04,5.6553,5.7022,5.6156,5.6778,0.074,5.985
2022-03-07,5.6778,5.7002,5.6112,5.6778,0.091,5.975
2022-03-08,5.6105,5.7900,5.6105,5.7227,0.136,5.964
2022-03-09,5.7900,5.7975,5.7227,5.7301,0.108,5.952
2022-03-10,5.7301,5.7824,5.6815,5.7526,0.095,5.940
2022-03-11,5.7601,5.7900,5.6950,5.7601,0.095,5.929
2022-03-14,5.8199,5.8498,5.7750,5.7975,0.228,5.920
2022-03-15,5.8349,5.9022,5.7675,5.7750,0.291,5.911
2022-03-16,5.9097,5.9097,5.7227,5.7601,0.337,5.901
2022-03-17,5.8573,5.8723,5.7376,5.8723,0.190,5.893
2022-03-18,5.8573,5.9246,5.8573,5.8723,0.181,5.887
2022-03-21,5.9172,5.9172,5.8510,5.8723,0.246,5.879
2022-03-22,5.9471,6.1042,5.9471,6.1042,0.369,5.875
2022-03-23,6.1341,6.1416,6.0443,6.0668,0.264,5.871
2022-03-24,6.0892,6.1266,6.0369,6.1117,0.284,5.866
2022-03-25,6.1266,6.1528,6.0817,6.1266,0.271,5.863
2022-03-28,6.1341,6.2164,6.1117,6.1191,0.399,5.860
2022-03-29,6.1715,6.2312,6.1191,6.1266,0.541,5.857
2022-03-30,6.1001,6.1063,5.9530,5.9994,0.442,5.853
2022-03-31,5.9607,6.0149,5.8833,5.9762,0.316,5.848
2022-04-01,5.9994,6.0227,5.8911,5.9220,0.233,5.846
2022-04-04,5.9530,5.9530,5.8059,5.8291,0.418,5.841
2022-04-05,5.8291,5.8601,5.7601,5.7904,0.256,5.838
2022-04-06,5.7982,5.7982,5.7130,5.7285,0.335,5.833
2022-04-07,5.7440,5.7595,5.5737,5.6821,0.406,5.827
2022-04-08,5.6588,5.7285,5.6201,5.6898,0.091,5.824
2022-04-11,5.6975,5.7362,5.6666,5.6975,0.142,5.820
2022-04-12,5.7130,5.7595,5.6124,5.6124,0.121,5.811
2022-04-13,5.6124,5.6279,5.5659,5.5969,0.200,5.802
2022-04-14,5.5969,5.6742,5.5969,5.6279,0.121,5.793
2022-04-18,5.6356,5.6937,5.6294,5.6743,0.123,5.789
2022-04-19,5.6898,5.6898,5.4421,5.4498,0.377,5.781
2022-04-20,5.4498,5.6511,5.4305,5.5272,0.241,5.774
2022-04-21,5.5737,5.6511,5.5118,5.5118,0.195,5.767
2022-04-22,5.4963,5.5001,5.3756,5.4343,0.185,5.760
2022-04-25,5.3724,5.4150,5.2795,5.4034,0.246,5.752
2022-04-26,5.4421,5.4808,5.2298,5.2485,0.270,5.741
2022-04-27,5.2021,5.2873,5.1595,5.2021,0.294,5.731
2022-04-28,5.2021,5.3182,5.1169,5.2408,0.220,5.720
2022-04-29,5.2640,5.2834,5.0705,5.0705,0.175,5.704
2022-05-02,5.0782,5.1054,4.9312,5.0473,0.220,5.689
2022-05-03,5.0705,5.2176,5.0705,5.2098,0.223,5.676
2022-05-04,5.2253,5.3414,5.1905,5.3260,0.298,5.669
2022-05-05,5.3260,5.3260,5.1863,5.2331,0.165,5.666
2022-05-06,5.2176,5.2911,5.1711,5.2253,0.086,5.660
2022-05-09,5.2021,5.2144,5.0008,5.0163,0.218,5.648
2022-05-10,5.4034,5.4421,5.1711,5.2718,0.327,5.641
2022-05-11,5.3027,5.4429,5.2563,5.3182,0.153,5.637
2022-05-12,5.2408,5.2950,5.1248,5.2640,0.170,5.629
2022-05-13,5.3105,5.3536,5.2253,5.2873,0.236,5.621
2022-05-16,5.3027,5.3569,5.2563,5.2640,0.168,5.613
2022-05-17,5.2563,5.3879,5.2563,5.3879,0.138,5.607
2022-05-18,5.3337,5.3569,5.2640,5.3337,0.220,5.599
2022-05-19,5.3182,5.3492,5.2640,5.2950,0.108,5.590
2022-05-20,5.3724,5.3724,5.2563,5.3569,0.126,5.582
2022-05-23,5.3647,5.3956,5.2873,5.3105,0.249,5.573
2022-05-24,5.3414,5.3414,5.2021,5.2873,0.205,5.563
2022-05-25,5.3105,5.3492,5.2640,5.3105,0.205,5.554
2022-05-26,5.3337,5.3820,5.3143,5.3337,0.222,5.545
2022-05-27,5.3105,5.4343,5.3105,5.3956,0.192,5.536
2022-05-31,5.3802,5.4189,5.3414,5.3724,0.155,5.526
2022-06-01,5.3956,5.4189,5.3105,5.3956,0.222,5.516
2022-06-02,5.3647,5.3802,5.3260,5.3414,0.169,5.501
2022-06-03,5.3414,5.4266,5.3260,5.3879,0.220,5.487
2022-06-06,5.3956,5.4266,5.3492,5.3879,0.225,5.473
2022-06-07,5.3802,5.4266,5.3569,5.3879,0.153,5.458
2022-06-08,5.4034,5.4034,5.3414,5.3956,0.180,5.444
2022-06-09,5.3956,5.4421,5.3414,5.3569,0.133,5.428
2022-06-10,5.3414,5.3636,5.2253,5.3105,0.285,5.415
2022-06-13,5.2253,5.2524,4.8770,4.8925,0.345,5.393
2022-06-14,4.9312,4.9544,4.7687,4.8615,0.403,5.372
2022-06-15,4.8925,5.0318,4.8305,5.0086,0.334,5.355
2022-06-16,4.8692,4.8698,4.6912,4.8615,0.479,5.337
2022-06-17,4.8615,4.9931,4.7996,4.9389,0.672,5.321
2022-06-21,5.0163,5.2331,5.0163,5.2253,0.284,5.312
2022-06-22,5.2253,5.2873,5.1634,5.2485,0.256,5.303
2022-06-23,5.2640,5.2873,5.1866,5.2563,0.224,5.294
2022-06-24,5.2718,5.3569,5.2485,5.2795,0.225,5.287
2022-06-27,5.3879,5.3879,5.2718,5.3182,0.384,5.282
2022-06-28,5.3260,5.3337,5.2221,5.2718,0.411,5.275
2022-06-29,5.1512,5.1722,5.0060,5.0705,0.321,5.263
2022-06-30,5.0624,5.2169,5.0342,5.1674,0.181,5.257
2022-07-01,5.1674,5.2966,5.1512,5.2562,0.152,5.252
2022-07-05,5.2239,5.3289,5.1593,5.3208,0.142,5.248
2022-07-06,5.3289,5.4015,5.2320,5.2724,0.094,5.245
2022-07-07,5.3127,5.4096,5.3127,5.3854,0.163,5.244
2022-07-08,5.4096,5.4096,5.3127,5.3773,0.147,5.247
2022-07-11,5.3612,5.3927,5.3046,5.3289,0.100,5.249
2022-07-12,5.3046,5.3935,5.3046,5.3369,0.065,5.251
2022-07-13,5.3450,5.4177,5.3208,5.4015,0.120,5.258
2022-07-14,5.3612,5.3612,5.2522,5.2885,0.107,5.263
2022-07-15,5.3208,5.3854,5.2643,5.3773,0.142,5.266
2022-07-18,5.3773,5.3854,5.3046,5.3531,0.152,5.267
2022-07-19,5.3935,5.5145,5.3932,5.4742,0.148,5.271
2022-07-20,5.4904,5.5630,5.4500,5.4500,0.153,5.276
2022-07-21,5.4500,5.4904,5.3935,5.4823,0.093,5.285
2022-07-22,5.4177,5.4823,5.4096,5.4258,0.140,5.288
2022-07-25,5.5065,5.5065,5.4258,5.4984,0.125,5.292
2022-07-26,5.4904,5.5065,5.4419,5.4742,0.181,5.296
2022-07-27,5.4904,5.5549,5.4512,5.5549,0.263,5.301
2022-07-28,5.5711,5.6438,5.5146,5.6357,0.256,5.309
2022-07-29,5.6518,5.7810,5.6518,5.7406,0.227,5.316
2022-08-01,5.7810,5.9264,5.7003,5.8941,0.233,5.327
2022-08-02,5.9183,5.9183,5.7245,5.7568,0.234,5.336
2022-08-03,5.7245,5.8214,5.7245,5.8052,0.178,5.345
2022-08-04,5.6518,5.7683,5.5388,5.5630,0.300,5.350
2022-08-05,5.4984,5.6115,5.4984,5.5388,0.241,5.355
2022-08-08,5.5792,5.6115,5.5469,5.5711,0.174,5.361
2022-08-09,5.5953,5.5953,5.5146,5.5792,0.157,5.365
2022-08-10,5.6518,5.6518,5.5469,5.5630,0.194,5.369
2022-08-11,5.6034,5.6115,5.5307,5.5549,0.175,5.372
2022-08-12,5.5872,5.6195,5.5630,5.5792,0.152,5.376
2022-08-15,5.6034,5.6115,5.5388,5.6115,0.255,5.382
2022-08-16,5.6276,5.6276,5.5307,5.5711,0.237,5.385
2022-08-17,5.5711,5.5711,5.4581,5.5065,0.190,5.388
2022-08-18,5.5388,5.5388,5.4742,5.4742,0.120,5.389
2022-08-19,5.4742,5.4823,5.3773,5.4015,0.122,5.389
2022-08-22,5.3531,5.3612,5.2522,5.2966,0.227,5.388
2022-08-23,5.3289,5.3289,5.2643,5.2966,0.319,5.388
2022-08-24,5.2643,5.3208,5.2562,5.2804,0.118,5.396
2022-08-25,5.2804,5.3329,5.2724,5.2724,0.119,5.404
2022-08-26,5.3289,5.3289,5.2576,5.2885,0.158,5.410
2022-08-29,5.2885,5.2966,5.2481,5.2481,0.150,5.417
2022-08-30,5.2885,5.2885,5.1432,5.1593,0.166,5.422
2022-08-31,5.1755,5.2239,5.1432,5.2239,0.141,5.422
2022-09-01,5.2078,5.2481,5.0947,5.1028,0.194,5.419
2022-09-02,5.1432,5.1835,5.0866,5.1028,0.114,5.416
2022-09-06,5.1028,5.1674,5.0544,5.0544,0.249,5.411
2022-09-07,5.0544,5.1189,4.9898,5.1028,0.187,5.407
2022-09-08,5.0624,5.1028,5.0301,5.1028,0.130,5.403
2022-09-09,5.1028,5.1593,5.0947,5.1512,0.133,5.405
2022-09-12,5.1997,5.2401,5.1351,5.1593,0.149,5.405
2022-09-13,5.0947,5.1593,5.0947,5.1028,0.229,5.402
2022-09-14,5.1351,5.1835,5.1028,5.1189,0.211,5.398
2022-09-15,5.1270,5.1916,5.0866,5.0866,0.156,5.394
2022-09-16,5.0866,5.1432,5.0301,5.1109,0.205,5.389
2022-09-19,5.0947,5.1674,5.0665,5.1432,0.211,5.384
2022-09-20,5.1593,5.1714,5.1028,5.1432,0.170,5.380
2022-09-21,5.1674,5.1916,5.0866,5.1028,0.210,5.376
2022-09-22,5.0866,5.1028,5.0221,5.0705,0.275,5.369
2022-09-23,5.0544,5.0544,4.9009,4.9817,0.301,5.363
2022-09-26,4.9494,4.9736,4.5780,4.6910,0.710,5.349
2022-09-27,4.7556,4.7879,4.5780,4.6103,0.481,5.334
2022-09-28,4.6587,4.7960,4.6103,4.7395,0.340,5.320
2022-09-29,4.7179,4.7179,4.2758,4.3438,0.584,5.297
2022-09-30,4.2503,4.3863,4.1653,4.1738,0.297,5.271
2022-10-03,4.1738,4.3013,3.9188,4.1823,0.350,5.246
2022-10-04,4.1738,4.7349,4.1738,4.7179,0.349,5.231
2022-10-05,4.6839,4.6839,4.2673,4.2928,0.224,5.207
2022-10-06,4.2673,4.3353,4.0888,4.1908,0.272,5.180
2022-10-07,4.1738,4.1993,4.0166,4.0293,0.200,5.148
2022-10-10,4.0463,4.0888,3.8933,4.0038,0.274,5.113
2022-10-11,4.0038,4.2401,3.9103,4.1993,0.141,5.079
2022-10-12,4.2078,4.2673,4.1058,4.1908,0.112,5.048
2022-10-13,4.1313,4.2758,4.1101,4.2503,0.151,5.017
2022-10-14,4.2588,4.4033,4.2248,4.2248,0.210,4.990
2022-10-17,4.2248,4.3608,4.2248,4.2928,0.147,4.965
2022-10-18,4.3523,4.4458,4.3268,4.3523,0.087,4.941
2022-10-19,4.3098,4.3353,4.2503,4.3098,0.110,4.915
2022-10-20,4.2588,4.3863,4.2333,4.2588,0.248,4.889
2022-10-21,4.2758,4.4033,4.2461,4.3863,0.146,4.866
2022-10-24,4.4033,4.4118,4.3183,4.3608,0.102,4.841
2022-10-25,4.4288,4.5734,4.3778,4.5479,0.313,4.820
2022-10-26,4.5139,4.5649,4.5139,4.5139,0.287,4.799
2022-10-27,4.5139,4.5734,4.4569,4.4713,0.221,4.778
2022-10-28,4.5053,4.6669,4.4968,4.6584,0.397,4.762
2022-10-31,4.6754,4.7434,4.6074,4.6159,0.203,4.746
2022-11-01,4.6924,4.7434,4.6499,4.7094,0.142,4.734
2022-11-02,4.7349,4.8114,4.6414,4.6669,0.222,4.722
2022-11-03,4.6754,4.8369,4.4968,4.8114,0.283,4.713
2022-11-04,4.8454,4.9261,4.8369,4.9049,0.229,4.705
2022-11-07,4.9729,4.9729,4.8114,4.9389,0.296,4.698
2022-11-08,4.9559,4.9729,4.8539,4.9134,0.223,4.691
2022-11-09,4.9049,4.9389,4.8199,4.8454,0.188,4.685
2022-11-10,4.9644,5.1259,4.8624,5.0664,0.638,4.682
2022-11-11,5.1004,5.3299,5.0834,5.2704,0.254,4.685
2022-11-14,5.2704,5.2704,5.1174,5.1429,0.247,4.686
2022-11-15,5.2619,5.2619,5.1216,5.1854,0.212,4.689
2022-11-16,5.1854,5.1854,5.0409,5.0749,0.220,4.688
2022-11-17,5.0409,5.0834,4.9304,5.0579,0.263,4.687
2022-11-18,5.1259,5.1557,4.9899,5.0069,0.199,4.684
2022-11-21,5.0409,5.0494,4.9899,5.0494,0.220,4.682
2022-11-22,5.0324,5.0565,4.9644,4.9814,0.188,4.680
2022-11-23,4.9814,5.0095,4.9474,4.9984,0.188,4.677
2022-11-25,5.0154,5.0834,5.0154,5.0749,0.105,4.677
2022-11-28,5.1174,5.1344,4.9984,5.0409,0.269,4.676
2022-11-29,5.0579,5.1004,4.9984,5.0239,0.187,4.673
2022-11-30,5.0069,5.0834,4.9559,5.0239,0.258,4.671
2022-12-01,5.0324,5.1004,5.0154,5.0494,0.278,4.670
2022-12-02,5.0409,5.0749,4.9899,5.0494,0.310,4.670
2022-12-05,5.0579,5.0652,4.9474,4.9559,0.258,4.669
2022-12-06,4.9304,4.9474,4.8326,4.8624,0.223,4.672
2022-12-07,4.8709,4.9345,4.8284,4.8879,0.144,4.678
2022-12-08,4.8794,4.9644,4.8794,4.9304,0.197,4.682
2022-12-09,4.8964,5.0069,4.8624,4.9899,0.132,4.695
2022-12-12,5.0579,5.0579,4.8624,4.9049,0.359,4.709
2022-12-13,5.0154,5.0919,4.9219,4.9559,0.235,4.725
2022-12-14,4.9644,5.0154,4.9389,4.9559,0.243,4.730
2022-12-15,4.9304,4.9771,4.8624,4.9474,0.245,4.743
2022-12-16,4.9049,4.9312,4.7604,4.7774,0.288,4.754
2022-12-19,4.8029,5.0069,4.8029,4.9474,0.436,4.773
2022-12-20,4.9644,5.0706,4.8723,4.9814,0.434,4.792
2022-12-21,5.0069,5.1004,5.0069,5.0749,0.332,4.810
2022-12-22,5.0749,5.1513,5.0409,5.1174,0.500,4.828
2022-12-23,5.1259,5.2449,5.1004,5.2449,0.410,4.848
2022-12-27,5.2789,5.2874,5.1854,5.2704,0.575,4.869
2022-12-28,5.2874,5.2874,5.1684,5.2024,0.765,4.887
2022-12-29,5.2040,5.2663,5.1417,5.1684,0.429,4.904
2022-12-30,5.1595,5.1684,5.0883,5.1595,0.436,4.921
2023-01-03,5.2307,5.2929,5.1595,5.2485,0.370,4.940
2023-01-04,5.2840,5.2840,5.1951,5.2129,0.285,4.957
2023-01-05,5.1862,5.2485,5.1506,5.2307,0.235,4.974
2023-01-06,5.2396,5.2751,5.1951,5.2751,0.450,4.989
2023-01-09,5.2751,5.3285,5.2485,5.2840,0.537,5.004
2023-01-10,5.2929,5.4086,5.2574,5.3908,0.393,5.023
2023-01-11,5.4175,5.5865,5.4175,5.5420,0.732,5.040
2023-01-12,5.5687,5.7511,5.5153,5.7110,0.797,5.062
2023-01-13,5.6755,5.8178,5.6399,5.7644,0.394,5.083
2023-01-17,5.7955,5.8445,5.7288,5.7466,0.779,5.105
2023-01-18,5.7555,5.8178,5.6873,5.7288,0.397,5.123
2023-01-19,5.7110,5.8267,5.6934,5.7555,0.337,5.140
2023-01-20,5.8000,5.9423,5.7733,5.9423,0.375,5.160
2023-01-23,5.9601,6.0917,5.9601,6.0313,0.354,5.183
2023-01-24,6.0669,6.1113,5.9557,5.9779,0.280,5.205
2023-01-25,5.9601,6.0223,5.9244,6.0046,0.179,5.224
2023-01-26,6.1024,6.1024,5.9868,6.0936,0.243,5.241
2023-01-27,6.0936,6.2323,6.0936,6.2270,0.379,5.262
2023-01-30,6.1380,6.1558,6.0090,6.0224,0.348,5.279
2023-01-31,6.0847,6.2270,6.0847,6.2181,0.348,5.302
2023-02-01,6.2003,6.3514,6.1647,6.3159,0.399,5.327
2023-02-02,6.3782,6.3782,6.2627,6.3159,0.345,5.353
2023-02-03,6.3248,6.3248,6.2003,6.2982,0.181,5.378
2023-02-06,6.3071,6.3071,6.1380,6.1558,0.350,5.402
2023-02-07,6.1469,6.3071,6.0936,6.3071,0.200,5.428
2023-02-08,6.2893,6.3026,6.2003,6.2804,0.161,5.452
2023-02-09,6.3159,6.4405,6.1202,6.1380,0.363,5.474
2023-02-10,6.1202,6.2181,6.1202,6.2181,0.152,5.498
2023-02-13,6.2448,6.2626,6.1825,6.2181,0.221,5.522
2023-02-14,6.1914,6.2092,6.0841,6.1736,0.284,5.544
2023-02-15,6.1291,6.1291,6.0669,6.1113,0.157,5.565
2023-02-16,6.0402,6.1603,6.0224,6.0847,0.214,5.588
2023-02-17,6.0758,6.1017,5.9690,6.0135,0.289,5.611
2023-02-21,5.9957,6.0001,5.8089,5.8356,0.314,5.630
2023-02-22,5.8623,5.9779,5.8356,5.9512,0.334,5.650
2023-02-23,5.9779,6.0669,5.9245,6.0491,0.297,5.672
2023-02-24,6.0046,6.0847,5.9512,6.0402,0.306,5.694
2023-02-27,6.0936,6.1469,6.0224,6.0580,0.243,5.716
2023-02-28,6.0669,6.1558,6.0491,6.0491,0.317,5.738
2023-03-01,6.0758,6.0758,5.8978,5.9601,0.347,5.759
2023-03-02,5.9067,5.9557,5.8178,5.9156,0.242,5.781
2023-03-03,5.9868,6.0135,5.9337,5.9957,0.240,5.802
2023-03-06,6.0046,6.0224,5.8623,5.9245,0.413,5.821
2023-03-07,5.9156,5.9512,5.8356,5.8712,0.387,5.837
2023-03-08,5.6488,5.6488,4.9994,5.1328,2.367,5.837
2023-03-09,5.1328,5.2129,5.0083,5.0350,0.749,5.833
2023-03-10,5.0350,5.1595,4.9371,4.9371,0.685,5.826
2023-03-13,4.8926,4.9193,4.6802,4.7414,0.824,5.817
2023-03-14,4.8837,5.0350,4.8037,4.8837,0.561,5.812
2023-03-15,4.7948,4.8037,4.6169,4.7414,0.332,5.803
2023-03-16,4.7503,4.8215,4.5825,4.7681,0.979,5.794
2023-03-17,4.7681,4.9193,4.6969,4.8748,0.540,5.787
2023-03-20,4.9460,5.0883,4.9282,4.9727,0.643,5.782
2023-03-21,5.0883,5.1239,5.0172,5.0794,0.535,5.778
2023-03-22,5.0972,5.1061,4.9727,4.9816,0.504,5.772
2023-03-23,5.0261,5.1061,4.9104,4.9549,0.315,5.763
2023-03-24,4.9371,5.2129,4.9015,5.0972,0.816,5.754
2023-03-27,5.1951,5.2264,4.9816,5.1150,1.148,5.742
2023-03-28,5.1328,5.1684,5.0350,5.1417,0.751,5.730
2023-03-29,5.1595,5.2663,5.1239,5.1773,1.050,5.718
2023-03-30,5.2608,5.3168,5.0276,5.1862,0.605,5.707
2023-03-31,5.2142,5.2142,5.0416,5.1489,0.654,5.695
2023-04-03,5.0369,5.1022,4.9717,5.0090,0.725,5.677
2023-04-04,4.9996,5.0696,4.9717,5.0090,0.393,5.656
2023-04-05,4.9903,5.1675,4.9903,5.1396,0.548,5.639
2023-04-06,5.1675,5.1815,5.0743,5.0929,0.217,5.621
2023-04-10,5.0836,5.1022,4.8317,4.9064,0.418,5.597
2023-04-11,4.9250,5.0323,4.9064,4.9903,0.246,5.573
2023-04-12,5.0369,5.0743,4.9390,4.9903,0.233,5.552
2023-04-13,4.9903,5.0276,4.9250,5.0183,0.198,5.528
2023-04-14,5.0556,5.0836,4.9623,5.0369,0.280,5.503
2023-04-17,5.0369,5.1675,4.9997,5.1489,0.331,5.479
2023-04-18,5.1769,5.2235,5.0743,5.1116,0.169,5.455
2023-04-19,5.0556,5.1768,5.0556,5.1396,0.207,5.435
2023-04-20,5.1209,5.1396,5.0276,5.0836,0.218,5.411
2023-04-21,5.1396,5.1396,5.0463,5.1116,0.235,5.387
2023-04-24,5.0929,5.1116,4.9810,5.1116,0.247,5.367
2023-04-25,5.0836,5.0929,4.9996,5.0183,0.348,5.343
2023-04-26,5.0183,5.1116,4.9996,5.0929,0.223,5.320
2023-04-27,5.1582,5.2048,5.0743,5.1582,0.228,5.300
2023-04-28,5.1862,5.2188,5.1022,5.1582,0.352,5.281
2023-05-01,5.1675,5.2375,5.0556,5.0836,0.497,5.261
2023-05-02,5.0556,5.0929,4.8084,4.8970,0.356,5.239
2023-05-03,4.9157,5.0089,4.8876,4.8877,0.240,5.220
2023-05-04,4.8877,4.8877,4.7385,4.7758,0.286,5.196
2023-05-05,4.8504,4.9437,4.8224,4.9157,0.236,5.173
2023-05-08,4.9530,5.0276,4.9204,4.9623,0.343,5.152
2023-05-09,4.7944,4.8038,4.5892,4.6732,0.857,5.124
2023-05-10,4.7198,4.7758,4.6826,4.7198,0.284,5.098
2023-05-11,4.7105,4.7664,4.6638,4.7571,0.223,5.074
2023-05-12,4.7571,4.7571,4.7058,4.7198,0.185,5.050
2023-05-15,4.7198,4.7571,4.6918,4.7198,0.289,5.024
2023-05-16,4.7385,4.7385,4.6219,4.6265,0.292,4.998
2023-05-17,4.6452,4.7385,4.6452,4.7198,0.206,4.975
2023-05-18,4.7198,4.7571,4.7012,4.7291,0.269,4.967
2023-05-19,4.7571,4.7944,4.6872,4.6918,0.277,4.960
2023-05-22,4.7012,4.7385,4.6592,4.7012,0.362,4.955
2023-05-23,4.7105,4.7666,4.5892,4.5985,0.567,4.953
2023-05-24,4.5892,4.6079,4.5379,4.5706,0.397,4.946
2023-05-25,4.5706,4.5706,4.4213,4.4680,0.407,4.941
2023-05-26,4.4773,4.6079,4.4487,4.5799,0.354,4.937
2023-05-30,4.6265,4.7105,4.6172,4.7012,0.338,4.934
2023-05-31,4.6732,4.7012,4.5799,4.5799,0.291,4.926
2023-06-01,4.6172,4.6638,4.5612,4.6452,0.278,4.917
2023-06-02,4.7012,4.7385,4.6732,4.6732,0.389,4.911
2023-06-05,4.6359,4.6732,4.5892,4.6545,0.294,4.905
2023-06-06,4.6265,4.7198,4.5985,4.6825,0.237,4.897
2023-06-07,4.7105,4.7557,4.6825,4.7198,0.484,4.889
2023-06-08,4.7291,4.7571,4.6895,4.7198,0.256,4.880
2023-06-09,4.7012,4.7385,4.6825,4.7198,0.184,4.871
2023-06-12,4.7385,4.7758,4.7058,4.7291,0.337,4.862
2023-06-13,4.7385,4.8131,4.7385,4.7944,0.257,4.855
2023-06-14,4.8317,4.8597,4.7571,4.7664,0.288,4.850
2023-06-15,4.7664,4.8504,4.7664,4.8131,0.359,4.846
2023-06-16,4.8038,4.8038,4.4307,4.5053,1.709,4.833
2023-06-20,4.4680,4.5333,4.4119,4.4586,1.003,4.821
2023-06-21,4.4400,4.5333,4.4400,4.4959,0.351,4.813
2023-06-22,4.5612,4.6077,4.5006,4.5985,0.678,4.805
2023-06-23,4.5333,4.5519,4.4866,4.4866,0.367,4.795
2023-06-26,4.5053,4.6079,4.4680,4.5892,0.508,4.786
2023-06-27,4.5892,4.6638,4.5519,4.6359,0.532,4.778
2023-06-28,4.6638,4.7012,4.5706,4.6825,0.531,4.769
2023-06-29,4.6534,4.7062,4.6351,4.6918,0.539,4.760
2023-06-30,4.6726,4.7111,4.5861,4.6438,0.650,4.750
2023-07-03,4.5861,4.6254,4.5381,4.5765,0.470,4.740
2023-07-05,4.5284,4.5476,4.4370,4.4419,0.661,4.727
2023-07-06,4.4419,4.4419,4.2207,4.2303,0.738,4.709
2023-07-07,4.2303,4.3072,4.1919,4.1919,0.513,4.693
2023-07-10,4.2111,4.2111,4.0621,4.1246,0.814,4.673
2023-07-11,4.1150,4.1246,4.0525,4.0573,0.668,4.651
2023-07-12,4.0669,4.0957,4.0477,4.0477,0.475,4.629
2023-07-13,4.0669,4.1053,4.0477,4.0765,0.312,4.609
2023-07-14,4.0669,4.0861,4.0236,4.0284,0.283,4.592
2023-07-17,4.0188,4.0332,3.9419,3.9804,0.432,4.573
2023-07-18,3.9707,4.0765,3.9706,4.0669,0.412,4.559
2023-07-19,4.0669,4.1342,4.0602,4.1246,0.265,4.543
2023-07-20,4.1246,4.1630,4.1005,4.1438,0.163,4.527
2023-07-21,4.1534,4.1725,4.0813,4.0861,0.197,4.515
2023-07-24,4.0957,4.1726,4.0957,4.1630,0.193,4.504
2023-07-25,4.1534,4.2015,4.1438,4.1630,0.169,4.492
2023-07-26,4.1630,4.2448,4.1630,4.2399,0.189,4.483
2023-07-27,4.2496,4.3746,4.2496,4.3169,0.477,4.475
2023-07-28,4.3553,4.3553,4.2496,4.2880,0.189,4.468
2023-07-31,4.3072,4.3072,4.1630,4.1823,0.380,4.457
2023-08-01,4.1438,4.2111,4.1342,4.1438,0.264,4.445
2023-08-02,4.1342,4.1438,4.0525,4.0573,0.229,4.433
2023-08-03,4.0669,4.1246,3.9804,4.0092,0.462,4.419
2023-08-04,3.9900,4.0661,3.9804,4.0188,0.279,4.407
2023-08-07,4.0573,4.1053,3.9323,3.9900,0.429,4.396
2023-08-08,3.9611,4.0284,3.9227,4.0284,0.246,4.387
2023-08-09,3.9900,4.0092,3.9323,3.9611,0.221,4.375
2023-08-10,3.9804,3.9804,3.9034,3.9227,0.196,4.359
2023-08-11,3.9227,3.9515,3.9047,3.9419,0.095,4.346
2023-08-14,3.9323,3.9323,3.8506,3.8554,0.263,4.330
2023-08-15,3.8458,3.8467,3.7688,3.7688,0.272,4.312
2023-08-16,3.7688,3.7977,3.6919,3.7208,0.296,4.294
2023-08-17,3.7112,3.7399,3.6390,3.6631,0.245,4.273
2023-08-18,3.6439,3.6871,3.6342,3.6823,0.147,4.252
2023-08-21,3.6919,3.7160,3.6054,3.6342,0.298,4.231
2023-08-22,3.6439,3.6919,3.5573,3.5958,0.323,4.208
2023-08-23,3.6342,3.6727,3.5669,3.6727,0.294,4.187
2023-08-24,3.6342,3.7208,3.6342,3.6439,0.153,4.164
2023-08-25,3.6919,3.7160,3.6487,3.7112,0.203,4.143
2023-08-28,3.7112,3.7881,3.7112,3.7881,0.118,4.123
2023-08-29,3.7785,3.8169,3.7496,3.7496,0.215,4.107
2023-08-30,3.7785,3.7881,3.7400,3.7785,0.112,4.094
2023-08-31,3.7688,3.7977,3.7496,3.7881,0.131,4.080
2023-09-01,3.7977,3.9034,3.7977,3.8842,0.183,4.065
2023-09-05,3.8458,3.8506,3.8073,3.8073,0.125,4.052
2023-09-06,3.7977,3.8032,3.7684,3.7785,0.081,4.036
2023-09-07,3.7785,3.7977,3.7592,3.7592,0.065,4.018
2023-09-08,3.7496,3.7881,3.7496,3.7688,0.089,4.000
2023-09-11,3.7785,3.8458,3.7785,3.8361,0.109,3.983
2023-09-12,3.8458,3.8938,3.8169,3.8265,0.169,3.966
2023-09-13,3.8458,3.8458,3.7688,3.7688,0.179,3.950
2023-09-14,3.7977,3.8458,3.7881,3.8169,0.086,3.938
2023-09-15,3.8361,3.9323,3.8360,3.9323,0.261,3.932
2023-09-18,3.9323,3.9804,3.8962,3.9227,0.296,3.926
2023-09-19,3.9419,3.9611,3.9131,3.9323,0.120,3.922
2023-09-20,3.9611,4.0188,3.9371,3.9900,0.219,3.921
2023-09-21,4.0092,4.0092,3.8650,3.8746,0.209,3.918
2023-09-22,3.8746,3.9227,3.8650,3.8938,0.155,3.914
2023-09-25,3.8938,3.9207,3.8746,3.8746,0.146,3.911
2023-09-26,3.8842,3.8938,3.7785,3.7977,0.214,3.907
2023-09-27,3.8169,3.8361,3.7203,3.7400,0.210,3.901
2023-09-28,3.8000,3.8700,3.6510,3.7400,0.321,3.893
2023-09-29,3.7700,3.7900,3.7100,3.7200,0.161,3.885
2023-10-02,3.6400,3.6500,3.5000,3.5200,0.565,3.873
2023-10-03,3.5000,3.5100,3.3400,3.3600,0.331,3.857
2023-10-04,3.3500,3.3850,3.2800,3.3300,0.217,3.841
2023-10-05,3.3200,3.3800,3.3150,3.3600,0.136,3.823
2023-10-06,3.3600,3.4250,3.3500,3.3900,0.078,3.804
2023-10-09,3.3700,3.4300,3.3000,3.4200,0.112,3.787
2023-10-10,3.4700,3.4850,3.4300,3.4400,0.162,3.772
