DATE,OPEN,HIGH,LOW,CLOSE,VOLUME,MA50
2000-05-10,165000.0000,170700.0000,150000.0000,159450.0000,0.000,
2000-05-11,157500.0000,157500.0000,146250.0000,146250.0000,0.000,
2000-05-12,144450.0000,153750.0000,144450.0000,146250.0000,0.000,
2000-05-15,146250.0000,146250.0000,146250.0000,146250.0000,0.000,
2000-05-16,146250.0000,159450.0000,146250.0000,155700.0000,0.000,
2000-05-17,161250.0000,161250.0000,155700.0000,161250.0000,0.000,
2000-05-18,163200.0000,163200.0000,153750.0000,153750.0000,0.000,
2000-05-19,159450.0000,159450.0000,150000.0000,155700.0000,0.000,
2000-05-22,155700.0000,155700.0000,155700.0000,155700.0000,0.000,
2000-05-23,144450.0000,144450.0000,144450.0000,144450.0000,0.000,
2000-05-24,144450.0000,144450.0000,135000.0000,135000.0000,0.000,
2000-05-25,129450.0000,129450.0000,120000.0000,123750.0000,0.000,
2000-05-26,120000.0000,120000.0000,120000.0000,120000.0000,0.000,
2000-05-30,123750.0000,123750.0000,123750.0000,123750.0000,0.000,
2000-05-31,135000.0000,150000.0000,131250.0000,131250.0000,0.000,
2000-06-01,131250.0000,131250.0000,131250.0000,131250.0000,0.000,
2000-06-02,131250.0000,131250.0000,131250.0000,131250.0000,0.000,
2000-06-05,129450.0000,129450.0000,129450.0000,129450.0000,0.000,
2000-06-06,135000.0000,135000.0000,135000.0000,135000.0000,0.000,
2000-06-07,142500.0000,142500.0000,142500.0000,142500.0000,0.000,
2000-06-08,142500.0000,150000.0000,128400.0000,128400.0000,0.000,
2000-06-09,142500.0000,142500.0000,142500.0000,142500.0000,0.000,
2000-06-12,135000.0000,135000.0000,127500.0000,127500.0000,0.000,
2000-06-13,127500.0000,127500.0000,127500.0000,127500.0000,0.000,
2000-06-14,135000.0000,135000.0000,135000.0000,135000.0000,0.000,
2000-06-15,136950.0000,150000.0000,136950.0000,150000.0000,0.000,
2000-06-16,151950.0000,170700.0000,151950.0000,170700.0000,0.000,
2000-06-19,172500.0000,172500.0000,163200.0000,166950.0000,0.000,
2000-06-20,165000.0000,165000.0000,165000.0000,165000.0000,0.000,
2000-06-21,172500.0000,172500.0000,170700.0000,170700.0000,0.000,
2000-06-22,168750.0000,168750.0000,161250.0000,161250.0000,0.000,
2000-06-23,162150.0000,162150.0000,161250.0000,161250.0000,0.000,
2000-06-26,161250.0000,161250.0000,157500.0000,157500.0000,0.000,
2000-06-27,157500.0000,157500.0000,155700.0000,155700.0000,0.000,
2000-06-28,155700.0000,155700.0000,155700.0000,155700.0000,0.000,
2000-06-29,157500.0000,157500.0000,157500.0000,157500.0000,0.000,
2000-06-30,165000.0000,165000.0000,165000.0000,165000.0000,0.000,
2000-07-03,153750.0000,153750.0000,150000.0000,150000.0000,0.000,
2000-07-05,150000.0000,165000.0000,150000.0000,165000.0000,0.000,
2000-07-06,155700.0000,155700.0000,155700.0000,155700.0000,0.000,
2000-07-07,150000.0000,150000.0000,144450.0000,144450.0000,0.000,
2000-07-10,150000.0000,150000.0000,150000.0000,150000.0000,0.000,
2000-07-11,155700.0000,165000.0000,155700.0000,165000.0000,0.000,
2000-07-12,165000.0000,165000.0000,165000.0000,165000.0000,0.000,
2000-07-13,142500.0000,142500.0000,142500.0000,142500.0000,0.000,
2000-07-14,142500.0000,142500.0000,142500.0000,142500.0000,0.000,
2000-07-17,140700.0000,142500.0000,138750.0000,142500.0000,0.000,
2000-07-18,138750.0000,138750.0000,138750.0000,138750.0000,0.000,
2000-07-19,135000.0000,142500.0000,135000.0000,142500.0000,0.000,
2000-07-20,146250.0000,146250.0000,146250.0000,146250.0000,0.000,147525.000
2000-07-21,144450.0000,144450.0000,142500.0000,142500.0000,0.000,147186.000
2000-07-24,142500.0000,142500.0000,142500.0000,142500.0000,0.000,147111.000
2000-07-25,142500.0000,142500.0000,142500.0000,142500.0000,0.000,147036.000
2000-07-26,142500.0000,142500.0000,142500.0000,142500.0000,0.000,146961.000
2000-07-27,137850.0000,137850.0000,137850.0000,137850.0000,0.000,146604.000
2000-07-28,135000.0000,135000.0000,123750.0000,123750.0000,0.000,145854.000
2000-07-31,123750.0000,123750.0000,123750.0000,123750.0000,0.000,145254.000
2000-08-01,123750.0000,123750.0000,123750.0000,123750.0000,0.000,144615.000
2000-08-02,123750.0000,123750.0000,123750.0000,123750.0000,0.000,143976.000
2000-08-03,123750.0000,123750.0000,123750.0000,123750.0000,0.000,143562.000
2000-08-04,123750.0000,123750.0000,123750.0000,123750.0000,0.000,143337.000
2000-08-07,127500.0000,127500.0000,118200.0000,123750.0000,0.000,143337.000
2000-08-08,131250.0000,133200.0000,127500.0000,127500.0000,0.000,143487.000
2000-08-09,127500.0000,127500.0000,127500.0000,127500.0000,0.000,143562.000
2000-08-10,127500.0000,127500.0000,127500.0000,127500.0000,0.000,143487.000
2000-08-11,133200.0000,135000.0000,133200.0000,135000.0000,0.000,143562.000
2000-08-14,131250.0000,146250.0000,131250.0000,146250.0000,0.000,143862.000
2000-08-15,150000.0000,150000.0000,150000.0000,150000.0000,0.000,144273.000
2000-08-16,150000.0000,150000.0000,142500.0000,142500.0000,0.000,144423.000
2000-08-17,142500.0000,161250.0000,142500.0000,142500.0000,0.000,144423.000
2000-08-18,142500.0000,146250.0000,142500.0000,146250.0000,0.000,144780.000
2000-08-21,146250.0000,146250.0000,146250.0000,146250.0000,0.000,144855.000
2000-08-22,148200.0000,148200.0000,148200.0000,148200.0000,0.000,145269.000
2000-08-23,138750.0000,138750.0000,138750.0000,138750.0000,0.000,145494.000
2000-08-24,136950.0000,136950.0000,136950.0000,136950.0000,0.000,145533.000
2000-08-25,135000.0000,135000.0000,135000.0000,135000.0000,0.000,145233.000
2000-08-28,142500.0000,142500.0000,142500.0000,142500.0000,0.000,144669.000
2000-08-29,136350.0000,136350.0000,133200.0000,133200.0000,0.000,143994.000
2000-08-30,138750.0000,142500.0000,135000.0000,142500.0000,0.000,143544.000
2000-08-31,140700.0000,140700.0000,140700.0000,140700.0000,0.000,142944.000
2000-09-01,140700.0000,140700.0000,140700.0000,140700.0000,0.000,142533.000
2000-09-05,138300.0000,138750.0000,138300.0000,138750.0000,0.000,142083.000
2000-09-06,140700.0000,140700.0000,136950.0000,140700.0000,0.000,141747.000
2000-09-07,140700.0000,140700.0000,136950.0000,136950.0000,0.000,141372.000
2000-09-08,142500.0000,142500.0000,142500.0000,142500.0000,0.000,141108.000
2000-09-11,136950.0000,136950.0000,133200.0000,135000.0000,0.000,140658.000
2000-09-12,140700.0000,140700.0000,136950.0000,136950.0000,0.000,140097.000
2000-09-13,136950.0000,136950.0000,136950.0000,136950.0000,0.000,139836.000
2000-09-14,135000.0000,135000.0000,135000.0000,135000.0000,0.000,139236.000
2000-09-15,135000.0000,135000.0000,133200.0000,135000.0000,0.000,138822.000
2000-09-18,135000.0000,135000.0000,125700.0000,125700.0000,0.000,138447.000
2000-09-19,127500.0000,127500.0000,114450.0000,114450.0000,0.000,137736.000
2000-09-20,116250.0000,122850.0000,113400.0000,121950.0000,0.000,136875.000
2000-09-21,114450.0000,114450.0000,114450.0000,114450.0000,0.000,135864.000
2000-09-22,120000.0000,120000.0000,120000.0000,120000.0000,0.000,135414.000
2000-09-25,120000.0000,120000.0000,120000.0000,120000.0000,0.000,134964.000
2000-09-26,116250.0000,116250.0000,114450.0000,114450.0000,0.000,134403.000
2000-09-27,120000.0000,120000.0000,117150.0000,117150.0000,0.000,133971.000
2000-09-28,117150.0000,117150.0000,117150.0000,117150.0000,0.000,133464.000
2000-09-29,118200.0000,120000.0000,118200.0000,120000.0000,0.000,132939.000
2000-10-02,120000.0000,127500.0000,120000.0000,127500.0000,0.000,132639.000
2000-10-03,123750.0000,127500.0000,123750.0000,123750.0000,0.000,132264.000
2000-10-04,122850.0000,122850.0000,121950.0000,121950.0000,0.000,131853.000
2000-10-05,121950.0000,121950.0000,121950.0000,121950.0000,0.000,131442.000
2000-10-06,113400.0000,115350.0000,110700.0000,111600.0000,0.000,130917.000
2000-10-09,108750.0000,108750.0000,108750.0000,108750.0000,0.000,130617.000
2000-10-10,112500.0000,112500.0000,112500.0000,112500.0000,0.000,130392.000
2000-10-11,105000.0000,108750.0000,105000.0000,108750.0000,0.000,130092.000
2000-10-12,112500.0000,112500.0000,110100.0000,110100.0000,0.000,129819.000
2000-10-13,109650.0000,109650.0000,103200.0000,109650.0000,0.000,129537.000
2000-10-16,109650.0000,109650.0000,109650.0000,109650.0000,0.000,129255.000
2000-10-17,116250.0000,116250.0000,116250.0000,116250.0000,0.000,129105.000
2000-10-18,112500.0000,112500.0000,106950.0000,106950.0000,0.000,128694.000
2000-10-19,116250.0000,120000.0000,116250.0000,116250.0000,0.000,128469.000
2000-10-20,121950.0000,131250.0000,121950.0000,131250.0000,0.000,128544.000
2000-10-23,131250.0000,138750.0000,131250.0000,138750.0000,0.000,128619.000
2000-10-24,138750.0000,138750.0000,138750.0000,138750.0000,0.000,128469.000
2000-10-25,127500.0000,131250.0000,123750.0000,131250.0000,0.000,128094.000
2000-10-26,129450.0000,129450.0000,121950.0000,121950.0000,0.000,127683.000
2000-10-27,121950.0000,127500.0000,121950.0000,121950.0000,0.000,127272.000
2000-10-30,120000.0000,120000.0000,120000.0000,120000.0000,0.000,126747.000
2000-10-31,129450.0000,129450.0000,121950.0000,121950.0000,0.000,126261.000
2000-11-01,121950.0000,121950.0000,121950.0000,121950.0000,0.000,125736.000
2000-11-02,123750.0000,123750.0000,120000.0000,121950.0000,0.000,125400.000
2000-11-03,121950.0000,121950.0000,118200.0000,118200.0000,0.000,125025.000
2000-11-06,116250.0000,120000.0000,114450.0000,114450.0000,0.000,124614.000
2000-11-07,114450.0000,114450.0000,114450.0000,114450.0000,0.000,124053.000
2000-11-08,114450.0000,114900.0000,113400.0000,113400.0000,0.000,123657.000
2000-11-09,112500.0000,118200.0000,112500.0000,116250.0000,0.000,123132.000
2000-11-10,118200.0000,118200.0000,110700.0000,110700.0000,0.000,122532.000
2000-11-13,105900.0000,106950.0000,105000.0000,105000.0000,0.000,121818.000
2000-11-14,105000.0000,105000.0000,105000.0000,105000.0000,0.000,121143.000
2000-11-15,110700.0000,110700.0000,107850.0000,107850.0000,0.000,120486.000
2000-11-16,107850.0000,107850.0000,107850.0000,107850.0000,0.000,119904.000
2000-11-17,110700.0000,110700.0000,105000.0000,105000.0000,0.000,119154.000
2000-11-20,105900.0000,108750.0000,105900.0000,108750.0000,0.000,118629.000
2000-11-21,103200.0000,108750.0000,103200.0000,108750.0000,0.000,118065.000
2000-11-22,106950.0000,106950.0000,106950.0000,106950.0000,0.000,117465.000
2000-11-24,106950.0000,106950.0000,106950.0000,106950.0000,0.000,116904.000
2000-11-27,112500.0000,112500.0000,104100.0000,108750.0000,0.000,116379.000
2000-11-28,103200.0000,104100.0000,93750.0000,97500.0000,0.000,115815.000
2000-11-29,93750.0000,93750.0000,93750.0000,93750.0000,0.000,115401.000
2000-11-30,93750.0000,93750.0000,79650.0000,79650.0000,0.000,114555.000
2000-12-01,88200.0000,93750.0000,86250.0000,86250.0000,0.000,113991.000
2000-12-04,90000.0000,90000.0000,90000.0000,90000.0000,0.000,113391.000
2000-12-05,90000.0000,99450.0000,90000.0000,99450.0000,0.000,112980.000
2000-12-06,97500.0000,97500.0000,92850.0000,97500.0000,0.000,112641.000
2000-12-07,92850.0000,92850.0000,90900.0000,90900.0000,0.000,112116.000
2000-12-08,91950.0000,91950.0000,91950.0000,91950.0000,0.000,111612.000
2000-12-11,101250.0000,101250.0000,101250.0000,101250.0000,0.000,111237.000
2000-12-12,97500.0000,105000.0000,97500.0000,105000.0000,0.000,110787.000
2000-12-13,105900.0000,112500.0000,105900.0000,112500.0000,0.000,110562.000
2000-12-14,111600.0000,113400.0000,108750.0000,108750.0000,0.000,110298.000
2000-12-15,108750.0000,108750.0000,108750.0000,108750.0000,0.000,110034.000
2000-12-18,110700.0000,114450.0000,110700.0000,114450.0000,0.000,110091.000
2000-12-19,115350.0000,115350.0000,115350.0000,115350.0000,0.000,110223.000
2000-12-20,115350.0000,115350.0000,115350.0000,115350.0000,0.000,110280.000
2000-12-21,105900.0000,105900.0000,103200.0000,105000.0000,0.000,110205.000
2000-12-22,110700.0000,110700.0000,105000.0000,105000.0000,0.000,110103.000
2000-12-26,105000.0000,105000.0000,105000.0000,105000.0000,0.000,110010.000
2000-12-27,105000.0000,105000.0000,105000.0000,105000.0000,0.000,109917.000
2000-12-28,103200.0000,106950.0000,102150.0000,106950.0000,0.000,109731.000
2000-12-29,108750.0000,114450.0000,106950.0000,110700.0000,0.000,109806.000
2001-01-02,110700.0000,110700.0000,110700.0000,110700.0000,0.000,109695.000
2001-01-03,105000.0000,109650.0000,105000.0000,105000.0000,0.000,109170.000
2001-01-04,108750.0000,108750.0000,106950.0000,107850.0000,0.000,108552.000
2001-01-05,101250.0000,101250.0000,101250.0000,101250.0000,0.000,107802.000
2001-01-08,105000.0000,110700.0000,101250.0000,110700.0000,0.000,107391.000
2001-01-09,101250.0000,105000.0000,101250.0000,105000.0000,0.000,107052.000
2001-01-10,97500.0000,101250.0000,97500.0000,101250.0000,0.000,106638.000
2001-01-11,101250.0000,101250.0000,101250.0000,101250.0000,0.000,106263.000
2001-01-12,101250.0000,101250.0000,101250.0000,101250.0000,0.000,105849.000
2001-01-16,101250.0000,101250.0000,101250.0000,101250.0000,0.000,105435.000
2001-01-17,101250.0000,101250.0000,101250.0000,101250.0000,0.000,105021.000
2001-01-18,101250.0000,101250.0000,101250.0000,101250.0000,0.000,104682.000
2001-01-19,105000.0000,105000.0000,105000.0000,105000.0000,0.000,104493.000
2001-01-22,108750.0000,116250.0000,108750.0000,116250.0000,0.000,104529.000
2001-01-23,116250.0000,116250.0000,116250.0000,116250.0000,0.000,104586.000
2001-01-24,110700.0000,110700.0000,110700.0000,110700.0000,0.000,104475.000
2001-01-25,110700.0000,113400.0000,110700.0000,111600.0000,0.000,104493.000
2001-01-26,116250.0000,116250.0000,106950.0000,112500.0000,0.000,104643.000
2001-01-29,112500.0000,116250.0000,112500.0000,116250.0000,0.000,104868.000
2001-01-30,116250.0000,116250.0000,116250.0000,116250.0000,0.000,105036.000
2001-01-31,113400.0000,113400.0000,112500.0000,112500.0000,0.000,105129.000
2001-02-01,110700.0000,110700.0000,108750.0000,108750.0000,0.000,105204.000
2001-02-02,105000.0000,110700.0000,105000.0000,110700.0000,0.000,105243.000
2001-02-05,110700.0000,110700.0000,110700.0000,110700.0000,0.000,105282.000
2001-02-06,109650.0000,110700.0000,109650.0000,110700.0000,0.000,105357.000
2001-02-07,105000.0000,105000.0000,105000.0000,105000.0000,0.000,105318.000
2001-02-08,107400.0000,107400.0000,107400.0000,107400.0000,0.000,105291.000
2001-02-09,110700.0000,110700.0000,103200.0000,103200.0000,0.000,105405.000
2001-02-12,104100.0000,104100.0000,104100.0000,104100.0000,0.000,105612.000
2001-02-13,104100.0000,104100.0000,104100.0000,104100.0000,0.000,106101.000
2001-02-14,104100.0000,104100.0000,104100.0000,104100.0000,0.000,106458.000
2001-02-15,110700.0000,110700.0000,104100.0000,104100.0000,0.000,106740.000
2001-02-16,105000.0000,105000.0000,95700.0000,98400.0000,0.000,106719.000
2001-02-20,92850.0000,92850.0000,91950.0000,91950.0000,0.000,106608.000
2001-02-21,91950.0000,91950.0000,80700.0000,84450.0000,0.000,106479.000
2001-02-22,79650.0000,79650.0000,78750.0000,78750.0000,0.000,106215.000
2001-02-23,79200.0000,81600.0000,79200.0000,81600.0000,0.000,105822.000
2001-02-26,82500.0000,82500.0000,79650.0000,79650.0000,0.000,105315.000
2001-02-27,78750.0000,78750.0000,76950.0000,76950.0000,0.000,104604.000
2001-02-28,78300.0000,78750.0000,76950.0000,78750.0000,0.000,104004.000
2001-03-01,76950.0000,76950.0000,75000.0000,75000.0000,0.000,103329.000
2001-03-02,73200.0000,74250.0000,69450.0000,74250.0000,0.000,102525.000
2001-03-05,74250.0000,74250.0000,69450.0000,69450.0000,0.000,101607.000
2001-03-06,73200.0000,74100.0000,70350.0000,73200.0000,0.000,100764.000
2001-03-07,73200.0000,76950.0000,73200.0000,75000.0000,0.000,100164.000
2001-03-08,75000.0000,75000.0000,75000.0000,75000.0000,0.000,99564.000
2001-03-09,79650.0000,79650.0000,73800.0000,73800.0000,0.000,98940.000
2001-03-12,73650.0000,75900.0000,73650.0000,75900.0000,0.000,98358.000
2001-03-13,72150.0000,73200.0000,70350.0000,72150.0000,0.000,97662.000
2001-03-14,72150.0000,76950.0000,72150.0000,76950.0000,0.000,96987.000
2001-03-15,76950.0000,76950.0000,76950.0000,76950.0000,0.000,96312.000
2001-03-16,76950.0000,76950.0000,76950.0000,76950.0000,0.000,95751.000
2001-03-19,76950.0000,76950.0000,76950.0000,76950.0000,0.000,95133.000
2001-03-20,76950.0000,76950.0000,76950.0000,76950.0000,0.000,94647.000
2001-03-21,75900.0000,75900.0000,75900.0000,75900.0000,0.000,93951.000
2001-03-22,75900.0000,75900.0000,73200.0000,73200.0000,0.000,93315.000
2001-03-23,75000.0000,76950.0000,75000.0000,76950.0000,0.000,92829.000
2001-03-26,80700.0000,84450.0000,78750.0000,78750.0000,0.000,92379.000
2001-03-27,83400.0000,88200.0000,83400.0000,88200.0000,0.000,92118.000
2001-03-28,88200.0000,88200.0000,82500.0000,84450.0000,0.000,91782.000
2001-03-29,88200.0000,89100.0000,82500.0000,84450.0000,0.000,91446.000
2001-03-30,82500.0000,83400.0000,80700.0000,83400.0000,0.000,91089.000
2001-04-02,85350.0000,85350.0000,85350.0000,85350.0000,0.000,90696.000
2001-04-03,83400.0000,83400.0000,81600.0000,81600.0000,0.000,90003.000
2001-04-04,80700.0000,83400.0000,80700.0000,80700.0000,0.000,89292.000
2001-04-05,83400.0000,85350.0000,83400.0000,85350.0000,0.000,88785.000
2001-04-06,88200.0000,88200.0000,88200.0000,88200.0000,0.000,88317.000
2001-04-09,85650.0000,85950.0000,81000.0000,85950.0000,0.000,87786.000
2001-04-10,84750.0000,84750.0000,84750.0000,84750.0000,0.000,87156.000
2001-04-11,86250.0000,86250.0000,83250.0000,83850.0000,0.000,86508.000
2001-04-12,85500.0000,87000.0000,85350.0000,86250.0000,0.000,85983.000
2001-04-16,84750.0000,87750.0000,84750.0000,87750.0000,0.000,85563.000
2001-04-17,89250.0000,89250.0000,86250.0000,86250.0000,0.000,85074.000
2001-04-18,86250.0000,86250.0000,83250.0000,86250.0000,0.000,84585.000
2001-04-19,86250.0000,86250.0000,86250.0000,86250.0000,0.000,84096.000
2001-04-20,88500.0000,88500.0000,83550.0000,83550.0000,0.000,83667.000
2001-04-23,83100.0000,85200.0000,83100.0000,84000.0000,0.000,83199.000
2001-04-24,84000.0000,84000.0000,81600.0000,81900.0000,0.000,82773.000
2001-04-25,81450.0000,83100.0000,81000.0000,81000.0000,0.000,82311.000
2001-04-26,81300.0000,81300.0000,80250.0000,80250.0000,0.000,81834.000
2001-04-27,79800.0000,79800.0000,79800.0000,79800.0000,0.000,81348.000
2001-04-30,80400.0000,81750.0000,80400.0000,81750.0000,0.000,80901.000
2001-05-01,82200.0000,83250.0000,82200.0000,83250.0000,0.000,80598.000
2001-05-02,84000.0000,84000.0000,82800.0000,82800.0000,0.000,80415.000
2001-05-03,84000.0000,84300.0000,78750.0000,81000.0000,0.000,80346.000
2001-05-04,82500.0000,82500.0000,80550.0000,81300.0000,0.000,80397.000
2001-05-07,82200.0000,83250.0000,82050.0000,82050.0000,0.000,80406.000
2001-05-08,82500.0000,86250.0000,82500.0000,86250.0000,0.000,80538.000
2001-05-09,87000.0000,88350.0000,87000.0000,88350.0000,0.000,80766.000
2001-05-10,88350.0000,92700.0000,87150.0000,88950.0000,0.000,80970.000
2001-05-11,87750.0000,88800.0000,87000.0000,87750.0000,0.000,81225.000
2001-05-14,88500.0000,88500.0000,85500.0000,85500.0000,0.000,81450.000
2001-05-15,87750.0000,87750.0000,87750.0000,87750.0000,0.000,81816.000
2001-05-16,86100.0000,86100.0000,84750.0000,85800.0000,0.000,82068.000
2001-05-17,87150.0000,87150.0000,87000.0000,87150.0000,0.000,82311.000
2001-05-18,88650.0000,100500.0000,88650.0000,100500.0000,0.000,82821.000
2001-05-21,99750.0000,102750.0000,97500.0000,102750.0000,0.000,83400.000
2001-05-22,105750.0000,107250.0000,101250.0000,106050.0000,0.000,84003.000
2001-05-23,106950.0000,107250.0000,102750.0000,106050.0000,0.000,84681.000
2001-05-24,106050.0000,106350.0000,103650.0000,105150.0000,0.000,85245.000
2001-05-25,107100.0000,107100.0000,104400.0000,104400.0000,0.000,85794.000
2001-05-29,105000.0000,105750.0000,103350.0000,104250.0000,0.000,86340.000
2001-05-30,104250.0000,105900.0000,104250.0000,105900.0000,0.000,86919.000
2001-05-31,105900.0000,106200.0000,105000.0000,106200.0000,0.000,87504.000
2001-06-01,106500.0000,114000.0000,106500.0000,114000.0000,0.000,88266.000
2001-06-04,112950.0000,118500.0000,112950.0000,118500.0000,0.000,89172.000
2001-06-05,119250.0000,128700.0000,119250.0000,127500.0000,0.000,90183.000
2001-06-06,127950.0000,130200.0000,124500.0000,124500.0000,0.000,91098.000
2001-06-07,123150.0000,129000.0000,118500.0000,120750.0000,0.000,91749.000
2001-06-08,125550.0000,125550.0000,113250.0000,113250.0000,0.000,92325.000
2001-06-11,113250.0000,116850.0000,112500.0000,116850.0000,0.000,92973.000
2001-06-12,118650.0000,118650.0000,118650.0000,118650.0000,0.000,93678.000
2001-06-13,118650.0000,119400.0000,116550.0000,116550.0000,0.000,94302.000
2001-06-14,116550.0000,116550.0000,115500.0000,115500.0000,0.000,94980.000
2001-06-15,114750.0000,115500.0000,113250.0000,115500.0000,0.000,95676.000
2001-06-18,112200.0000,112200.0000,111150.0000,111150.0000,0.000,96192.000
2001-06-19,114000.0000,114000.0000,101250.0000,104100.0000,0.000,96510.000
2001-06-20,100650.0000,104100.0000,99000.0000,99000.0000,0.000,96771.000
2001-06-21,101400.0000,106350.0000,101400.0000,106350.0000,0.000,97203.000
2001-06-22,107100.0000,107700.0000,106650.0000,107550.0000,0.000,97677.000
2001-06-25,105750.0000,106950.0000,105150.0000,106950.0000,0.000,98091.000
2001-06-26,109350.0000,110250.0000,108300.0000,108300.0000,0.000,98502.000
2001-06-27,105750.0000,105750.0000,105600.0000,105600.0000,0.000,98889.000
2001-06-28,105150.0000,109350.0000,105150.0000,109350.0000,0.000,99351.000
2001-06-29,110550.0000,113100.0000,110550.0000,113100.0000,0.000,99888.000
2001-07-02,113550.0000,113850.0000,105750.0000,113850.0000,0.000,100494.000
2001-07-03,114600.0000,114600.0000,114600.0000,114600.0000,0.000,101106.000
2001-07-05,113550.0000,121050.0000,113550.0000,121050.0000,0.000,101889.000
2001-07-06,123000.0000,123000.0000,117000.0000,119250.0000,0.000,102654.000
2001-07-09,119250.0000,119250.0000,119250.0000,119250.0000,0.000,103434.000
2001-07-10,119250.0000,119250.0000,116850.0000,117000.0000,0.000,104178.000
2001-07-11,116550.0000,118650.0000,116550.0000,117300.0000,0.000,104889.000
2001-07-12,118500.0000,118500.0000,117000.0000,117750.0000,0.000,105579.000
2001-07-13,114750.0000,115350.0000,111600.0000,112500.0000,0.000,106173.000
2001-07-16,112500.0000,112500.0000,108750.0000,110250.0000,0.000,106758.000
2001-07-17,106950.0000,111750.0000,106200.0000,111750.0000,0.000,107367.000
2001-07-18,112500.0000,115200.0000,111150.0000,111150.0000,0.000,107949.000
2001-07-19,109500.0000,111450.0000,108450.0000,111450.0000,0.000,108453.000
2001-07-20,109350.0000,109350.0000,106650.0000,106650.0000,0.000,108819.000
2001-07-23,107550.0000,107550.0000,105900.0000,107100.0000,0.000,109182.000
2001-07-24,105750.0000,105750.0000,105750.0000,105750.0000,0.000,109542.000
2001-07-25,106950.0000,106950.0000,105450.0000,106350.0000,0.000,109959.000
2001-07-26,105900.0000,105900.0000,101400.0000,101550.0000,0.000,110235.000
2001-07-27,103200.0000,103200.0000,93750.0000,96750.0000,0.000,110454.000
2001-07-30,96000.0000,101100.0000,96000.0000,100500.0000,0.000,110721.000
2001-07-31,103800.0000,104700.0000,102750.0000,104700.0000,0.000,110805.000
2001-08-01,102000.0000,102900.0000,101400.0000,101400.0000,0.000,110778.000
2001-08-02,102000.0000,102600.0000,102000.0000,102150.0000,0.000,110700.000
2001-08-03,99900.0000,101100.0000,99750.0000,101100.0000,0.000,110601.000
2001-08-06,97650.0000,97650.0000,97500.0000,97500.0000,0.000,110448.000
2001-08-07,97950.0000,98250.0000,93750.0000,93750.0000,0.000,110235.000
2001-08-08,95550.0000,97500.0000,94500.0000,94950.0000,0.000,110049.000
2001-08-09,93750.0000,93750.0000,90600.0000,91650.0000,0.000,109764.000
2001-08-10,91500.0000,91500.0000,87750.0000,90000.0000,0.000,109440.000
2001-08-13,87900.0000,92250.0000,86100.0000,91050.0000,0.000,108981.000
2001-08-14,93150.0000,93150.0000,89550.0000,89550.0000,0.000,108402.000
2001-08-15,91050.0000,91200.0000,91050.0000,91050.0000,0.000,107673.000
2001-08-16,91200.0000,91500.0000,88650.0000,88650.0000,0.000,106956.000
2001-08-17,89250.0000,89250.0000,88050.0000,88050.0000,0.000,106302.000
2001-08-20,87150.0000,87150.0000,84900.0000,87000.0000,0.000,105777.000
2001-08-21,87300.0000,87300.0000,79650.0000,79800.0000,0.000,105036.000
2001-08-22,82200.0000,82200.0000,78150.0000,78150.0000,0.000,104226.000
2001-08-23,82500.0000,85500.0000,82500.0000,85500.0000,0.000,103605.000
2001-08-24,85950.0000,88050.0000,85950.0000,88050.0000,0.000,103056.000
2001-08-27,88800.0000,91650.0000,88800.0000,91200.0000,0.000,102570.000
2001-08-28,88050.0000,88050.0000,84000.0000,86850.0000,0.000,102084.000
2001-08-29,85500.0000,85500.0000,78600.0000,81900.0000,0.000,101640.000
2001-08-30,79950.0000,79950.0000,79350.0000,79500.0000,0.000,101250.000
2001-08-31,79500.0000,79500.0000,79500.0000,79500.0000,0.000,100713.000
2001-09-04,78000.0000,78000.0000,77250.0000,77250.0000,0.000,100107.000
2001-09-05,77400.0000,77400.0000,75750.0000,75750.0000,0.000,99483.000
2001-09-06,75750.0000,76200.0000,75750.0000,76200.0000,0.000,98841.000
2001-09-07,76200.0000,76200.0000,76200.0000,76200.0000,0.000,98253.000
2001-09-10,75000.0000,75000.0000,74400.0000,74700.0000,0.000,97560.000
2001-09-17,73200.0000,73200.0000,65250.0000,67050.0000,0.000,96639.000
2001-09-18,66300.0000,68550.0000,66300.0000,68550.0000,0.000,95733.000
2001-09-19,68400.0000,69600.0000,67500.0000,69600.0000,0.000,94833.000
2001-09-20,65700.0000,67200.0000,61350.0000,65100.0000,0.000,93714.000
2001-09-21,60300.0000,62700.0000,59850.0000,60000.0000,0.000,92529.000
2001-09-24,61800.0000,62550.0000,59550.0000,59550.0000,0.000,91335.000
2001-09-25,64050.0000,69150.0000,64050.0000,69150.0000,0.000,90378.000
2001-09-26,69600.0000,70500.0000,68250.0000,70500.0000,0.000,89442.000
2001-09-27,67200.0000,67200.0000,65700.0000,65700.0000,0.000,88401.000
2001-09-28,65700.0000,65700.0000,65700.0000,65700.0000,0.000,87465.000
2001-10-01,65700.0000,65700.0000,65700.0000,65700.0000,0.000,86574.000
2001-10-02,65700.0000,65700.0000,65700.0000,65700.0000,0.000,85653.000
2001-10-03,69000.0000,69000.0000,69000.0000,69000.0000,0.000,84810.000
2001-10-04,70500.0000,70500.0000,70500.0000,70500.0000,0.000,83991.000
2001-10-05,71400.0000,71400.0000,71400.0000,71400.0000,0.000,83286.000
2001-10-08,71400.0000,71400.0000,71400.0000,71400.0000,0.000,82572.000
2001-10-09,71400.0000,71400.0000,71400.0000,71400.0000,0.000,81885.000
2001-10-10,66450.0000,67500.0000,64950.0000,65100.0000,0.000,81060.000
2001-10-11,66600.0000,70350.0000,66600.0000,69000.0000,0.000,80409.000
2001-10-12,69900.0000,71850.0000,69900.0000,71850.0000,0.000,79911.000
2001-10-15,72750.0000,74850.0000,72750.0000,74100.0000,0.000,79383.000
2001-10-16,75450.0000,76500.0000,75450.0000,75450.0000,0.000,78798.000
2001-10-17,78900.0000,78900.0000,75450.0000,75450.0000,0.000,78279.000
2001-10-18,76350.0000,76350.0000,76350.0000,76350.0000,0.000,77763.000
2001-10-19,75150.0000,75150.0000,75150.0000,75150.0000,0.000,77244.000
2001-10-22,77400.0000,77400.0000,77400.0000,77400.0000,0.000,76842.000
2001-10-23,79350.0000,81450.0000,79350.0000,81450.0000,0.000,76596.000
2001-10-24,79500.0000,85050.0000,79500.0000,85050.0000,0.000,76398.000
2001-10-25,85050.0000,85050.0000,83400.0000,83400.0000,0.000,76233.000
2001-10-26,82350.0000,82350.0000,79800.0000,79800.0000,0.000,76029.000
2001-10-29,79800.0000,79800.0000,77100.0000,77100.0000,0.000,75750.000
2001-10-30,76350.0000,76350.0000,74850.0000,75000.0000,0.000,75459.000
2001-10-31,73350.0000,73350.0000,70950.0000,70950.0000,0.000,75057.000
2001-11-01,71700.0000,73050.0000,71700.0000,73050.0000,0.000,74745.000
2001-11-02,72000.0000,73500.0000,70800.0000,71850.0000,0.000,74421.000
2001-11-05,70500.0000,71700.0000,70500.0000,71700.0000,0.000,74115.000
2001-11-06,71850.0000,71850.0000,71850.0000,71850.0000,0.000,73956.000
2001-11-07,70200.0000,70200.0000,68700.0000,69600.0000,0.000,73785.000
2001-11-08,68700.0000,70800.0000,68550.0000,68850.0000,0.000,73452.000
2001-11-09,66900.0000,66900.0000,66150.0000,66150.0000,0.000,73014.000
2001-11-12,69300.0000,70650.0000,67500.0000,67500.0000,0.000,72540.000
2001-11-13,67500.0000,67500.0000,67500.0000,67500.0000,0.000,72153.000
2001-11-14,69000.0000,69000.0000,67200.0000,67200.0000,0.000,71859.000
2001-11-15,68700.0000,69000.0000,68700.0000,69000.0000,0.000,71649.000
2001-11-16,67500.0000,71700.0000,67500.0000,71700.0000,0.000,71493.000
2001-11-19,71100.0000,78000.0000,71100.0000,78000.0000,0.000,71508.000
2001-11-20,75750.0000,75750.0000,73950.0000,74850.0000,0.000,71490.000
2001-11-21,73950.0000,73950.0000,73950.0000,73950.0000,0.000,71445.000
2001-11-23,73350.0000,74550.0000,73050.0000,74550.0000,0.000,71412.000
2001-11-26,74250.0000,74250.0000,73650.0000,73650.0000,0.000,71391.000
2001-11-27,74250.0000,74250.0000,74250.0000,74250.0000,0.000,71535.000
2001-11-28,75000.0000,75900.0000,74400.0000,74700.0000,0.000,71658.000
2001-11-29,76650.0000,76650.0000,75750.0000,75750.0000,0.000,71781.000
2001-11-30,75900.0000,78000.0000,75750.0000,78000.0000,0.000,72039.000
2001-12-03,75300.0000,75300.0000,75300.0000,75300.0000,0.000,72345.000
2001-12-04,78300.0000,82050.0000,78300.0000,81000.0000,0.000,72774.000
2001-12-05,82200.0000,84000.0000,82200.0000,83700.0000,0.000,73065.000
2001-12-06,84750.0000,87750.0000,84750.0000,85800.0000,0.000,73371.000
2001-12-07,86850.0000,87000.0000,86850.0000,87000.0000,0.000,73797.000
2001-12-10,87000.0000,87000.0000,84300.0000,84300.0000,0.000,74169.000
2001-12-11,85050.0000,85050.0000,85050.0000,85050.0000,0.000,74556.000
2001-12-12,87000.0000,87000.0000,87000.0000,87000.0000,0.000,74982.000
2001-12-13,88500.0000,88500.0000,85350.0000,86400.0000,0.000,75330.000
2001-12-14,85350.0000,85350.0000,85350.0000,85350.0000,0.000,75627.000
2001-12-17,85350.0000,86550.0000,85350.0000,86550.0000,0.000,75930.000
2001-12-18,85050.0000,87000.0000,85050.0000,87000.0000,0.000,76242.000
2001-12-19,84600.0000,90000.0000,84600.0000,88200.0000,0.000,76578.000
2001-12-20,85800.0000,90000.0000,85800.0000,87000.0000,0.000,77016.000
2001-12-21,85950.0000,85950.0000,85950.0000,85950.0000,0.000,77355.000
2001-12-24,90000.0000,90000.0000,84600.0000,87300.0000,0.000,77664.000
2001-12-26,90000.0000,90000.0000,90000.0000,90000.0000,0.000,77982.000
2001-12-27,88650.0000,88650.0000,84750.0000,87000.0000,0.000,78213.000
2001-12-28,88500.0000,88500.0000,88200.0000,88200.0000,0.000,78468.000
2001-12-31,88200.0000,89700.0000,88200.0000,89700.0000,0.000,78735.000
2002-01-02,86400.0000,86400.0000,86400.0000,86400.0000,0.000,78960.000
2002-01-03,91050.0000,97800.0000,91050.0000,97800.0000,0.000,79368.000
2002-01-04,99300.0000,100800.0000,98400.0000,99150.0000,0.000,79722.000
2002-01-07,98850.0000,100050.0000,96450.0000,97950.0000,0.000,79980.000
2002-01-08,97950.0000,97950.0000,97950.0000,97950.0000,0.000,80271.000
2002-01-09,102300.0000,102300.0000,100800.0000,100800.0000,0.000,80691.000
2002-01-10,98550.0000,98550.0000,98550.0000,98550.0000,0.000,81120.000
2002-01-11,96900.0000,97800.0000,94650.0000,94650.0000,0.000,81513.000
2002-01-14,99300.0000,99300.0000,93900.0000,94350.0000,0.000,81981.000
2002-01-15,92700.0000,92700.0000,88350.0000,90450.0000,0.000,82329.000
2002-01-16,90300.0000,90300.0000,86550.0000,86550.0000,0.000,82623.000
2002-01-17,88800.0000,90600.0000,88800.0000,90600.0000,0.000,83001.000
2002-01-18,91200.0000,91200.0000,89550.0000,89550.0000,0.000,83355.000
2002-01-22,86250.0000,86250.0000,85950.0000,85950.0000,0.000,83682.000
2002-01-23,88350.0000,91350.0000,88350.0000,91350.0000,0.000,84132.000
2002-01-24,90000.0000,90000.0000,88350.0000,90000.0000,0.000,84609.000
2002-01-25,90000.0000,90000.0000,90000.0000,90000.0000,0.000,85059.000
2002-01-28,88500.0000,88500.0000,88500.0000,88500.0000,0.000,85479.000
2002-01-29,88500.0000,88500.0000,88500.0000,88500.0000,0.000,85905.000
2002-01-30,88500.0000,88500.0000,88500.0000,88500.0000,0.000,86295.000
2002-01-31,88500.0000,88500.0000,88500.0000,88500.0000,0.000,86631.000
2002-02-01,86850.0000,86850.0000,86850.0000,86850.0000,0.000,86808.000
2002-02-04,86850.0000,86850.0000,85350.0000,86250.0000,0.000,87036.000
2002-02-05,86250.0000,86250.0000,86250.0000,86250.0000,0.000,87282.000
2002-02-06,85050.0000,86400.0000,84000.0000,86400.0000,0.000,87519.000
2002-02-07,84750.0000,84750.0000,83700.0000,83700.0000,0.000,87720.000
2002-02-08,84450.0000,85050.0000,83700.0000,83700.0000,0.000,87909.000
2002-02-11,82500.0000,82500.0000,77250.0000,77250.0000,0.000,87960.000
2002-02-12,80100.0000,80850.0000,80100.0000,80250.0000,0.000,88050.000
2002-02-13,80250.0000,85500.0000,80250.0000,83250.0000,0.000,88155.000
2002-02-14,84000.0000,84000.0000,84000.0000,84000.0000,0.000,88329.000
2002-02-15,85350.0000,85350.0000,85350.0000,85350.0000,0.000,88416.000
2002-02-19,86250.0000,86250.0000,85350.0000,85350.0000,0.000,88449.000
2002-02-20,86700.0000,86700.0000,81150.0000,82350.0000,0.000,88380.000
2002-02-21,82500.0000,84900.0000,82350.0000,83250.0000,0.000,88305.000
2002-02-22,83250.0000,83850.0000,83250.0000,83850.0000,0.000,88296.000
2002-02-25,85950.0000,85950.0000,78000.0000,78000.0000,0.000,88155.000
2002-02-26,78000.0000,78000.0000,75000.0000,75000.0000,0.000,87915.000
2002-02-27,74250.0000,74250.0000,74250.0000,74250.0000,0.000,87672.000
2002-02-28,76200.0000,78900.0000,75300.0000,77550.0000,0.000,87516.000
2002-03-01,79500.0000,79500.0000,78300.0000,78300.0000,0.000,87351.000
2002-03-04,77850.0000,78600.0000,76500.0000,78000.0000,0.000,87171.000
2002-03-05,76650.0000,76650.0000,76650.0000,76650.0000,0.000,86940.000
2002-03-06,77250.0000,77250.0000,77250.0000,77250.0000,0.000,86745.000
2002-03-07,77250.0000,77250.0000,77250.0000,77250.0000,0.000,86571.000
2002-03-08,75000.0000,75000.0000,75000.0000,75000.0000,0.000,86325.000
2002-03-11,75000.0000,75000.0000,75000.0000,75000.0000,0.000,86025.000
2002-03-12,75000.0000,75000.0000,75000.0000,75000.0000,0.000,85785.000
2002-03-13,78600.0000,78750.0000,74850.0000,75600.0000,0.000,85533.000
2002-03-14,78750.0000,80100.0000,78750.0000,80100.0000,0.000,85341.000
2002-03-15,81600.0000,81600.0000,81600.0000,81600.0000,0.000,85245.000
2002-03-18,81000.0000,81000.0000,79500.0000,79650.0000,0.000,84882.000
2002-03-19,79050.0000,79050.0000,79050.0000,79050.0000,0.000,84480.000
2002-03-20,79050.0000,79050.0000,79050.0000,79050.0000,0.000,84102.000
2002-03-21,79050.0000,79050.0000,79050.0000,79050.0000,0.000,83724.000
2002-03-22,79050.0000,79050.0000,79050.0000,79050.0000,0.000,83289.000
2002-03-25,78750.0000,78750.0000,78750.0000,78750.0000,0.000,82893.000
2002-03-26,77250.0000,77250.0000,75450.0000,75450.0000,0.000,82509.000
2002-03-27,77250.0000,77250.0000,76350.0000,76350.0000,0.000,82149.000
2002-03-28,75300.0000,75300.0000,75300.0000,75300.0000,0.000,81846.000
2002-04-01,75900.0000,75900.0000,75900.0000,75900.0000,0.000,81633.000
2002-04-02,75900.0000,75900.0000,75900.0000,75900.0000,0.000,81339.000
2002-04-03,75900.0000,75900.0000,75900.0000,75900.0000,0.000,81066.000
2002-04-04,76800.0000,76800.0000,76800.0000,76800.0000,0.000,80883.000
2002-04-05,76950.0000,76950.0000,76950.0000,76950.0000,0.000,80595.000
2002-04-08,76950.0000,76950.0000,76950.0000,76950.0000,0.000,80334.000
2002-04-09,76500.0000,76800.0000,71700.0000,72150.0000,0.000,79977.000
2002-04-10,76500.0000,77250.0000,75750.0000,77250.0000,0.000,79752.000
2002-04-11,77250.0000,79500.0000,77250.0000,77400.0000,0.000,79530.000
2002-04-12,78000.0000,78000.0000,77400.0000,77400.0000,0.000,79308.000
2002-04-15,77400.0000,77400.0000,77400.0000,77400.0000,0.000,79086.000
2002-04-16,77400.0000,77400.0000,75600.0000,76050.0000,0.000,78870.000
2002-04-17,78000.0000,78000.0000,77100.0000,77100.0000,0.000,78687.000
2002-04-18,77850.0000,77850.0000,77850.0000,77850.0000,0.000,78519.000
2002-04-19,77850.0000,77850.0000,77850.0000,77850.0000,0.000,78348.000
2002-04-22,77850.0000,77850.0000,77850.0000,77850.0000,0.000,78231.000
2002-04-23,77850.0000,78000.0000,76650.0000,78000.0000,0.000,78117.000
2002-04-24,78000.0000,78000.0000,78000.0000,78000.0000,0.000,78132.000
2002-04-25,76800.0000,78600.0000,76800.0000,76800.0000,0.000,78063.000
2002-04-26,77700.0000,77700.0000,75300.0000,75300.0000,0.000,77904.000
2002-04-29,77550.0000,77550.0000,75150.0000,75150.0000,0.000,77727.000
2002-04-30,75000.0000,76200.0000,73650.0000,73650.0000,0.000,77493.000
2002-05-01,72000.0000,73500.0000,72000.0000,73350.0000,0.000,77253.000
2002-05-02,73350.0000,73350.0000,73350.0000,73350.0000,0.000,77073.000
2002-05-03,72000.0000,72000.0000,71700.0000,71700.0000,0.000,76842.000
2002-05-06,71700.0000,71700.0000,71700.0000,71700.0000,0.000,76599.000
2002-05-07,75000.0000,75750.0000,75000.0000,75750.0000,0.000,76554.000
2002-05-08,71700.0000,71700.0000,71700.0000,71700.0000,0.000,76488.000
2002-05-09,71400.0000,71400.0000,71400.0000,71400.0000,0.000,76431.000
2002-05-10,74700.0000,74700.0000,74700.0000,74700.0000,0.000,76374.000
2002-05-13,73500.0000,73500.0000,73500.0000,73500.0000,0.000,76278.000
2002-05-14,73500.0000,73500.0000,73500.0000,73500.0000,0.000,76188.000
2002-05-15,71250.0000,74850.0000,71250.0000,72750.0000,0.000,76110.000
2002-05-16,76950.0000,76950.0000,76200.0000,76200.0000,0.000,76089.000
2002-05-17,78450.0000,78450.0000,75000.0000,75000.0000,0.000,76044.000
2002-05-20,78300.0000,78450.0000,78000.0000,78450.0000,0.000,76113.000
2002-05-21,77850.0000,78600.0000,76050.0000,77250.0000,0.000,76158.000
2002-05-22,78450.0000,78450.0000,75000.0000,75000.0000,0.000,76158.000
2002-05-23,75000.0000,75000.0000,75000.0000,75000.0000,0.000,76146.000
2002-05-24,76200.0000,76200.0000,76200.0000,76200.0000,0.000,76068.000
2002-05-28,76200.0000,76200.0000,76200.0000,76200.0000,0.000,75960.000
2002-05-29,75000.0000,75750.0000,74550.0000,75750.0000,0.000,75882.000
2002-05-30,75750.0000,75750.0000,73500.0000,73500.0000,0.000,75771.000
2002-05-31,73650.0000,73650.0000,73650.0000,73650.0000,0.000,75663.000
2002-06-03,73800.0000,73800.0000,70950.0000,70950.0000,0.000,75501.000
2002-06-04,72150.0000,72900.0000,70650.0000,72450.0000,0.000,75369.000
2002-06-05,72450.0000,72450.0000,72450.0000,72450.0000,0.000,75243.000
2002-06-06,72450.0000,72450.0000,72450.0000,72450.0000,0.000,75183.000
2002-06-07,70500.0000,73350.0000,70500.0000,73350.0000,0.000,75123.000
2002-06-10,72000.0000,72150.0000,72000.0000,72150.0000,0.000,75060.000
2002-06-11,72150.0000,72150.0000,72150.0000,72150.0000,0.000,74985.000
2002-06-12,70350.0000,70350.0000,67650.0000,68400.0000,0.000,74835.000
2002-06-13,68400.0000,68400.0000,68400.0000,68400.0000,0.000,74685.000
2002-06-14,68400.0000,68400.0000,68400.0000,68400.0000,0.000,74517.000
2002-06-17,67500.0000,67500.0000,64500.0000,65250.0000,0.000,74283.000
2002-06-18,64050.0000,64050.0000,64050.0000,64050.0000,0.000,74025.000
2002-06-19,63750.0000,64500.0000,57750.0000,57750.0000,0.000,73737.000
2002-06-20,57450.0000,58050.0000,57300.0000,58050.0000,0.000,73353.000
2002-06-21,61500.0000,61500.0000,57300.0000,57300.0000,0.000,72951.000
2002-06-24,58050.0000,59550.0000,57900.0000,59550.0000,0.000,72594.000
2002-06-25,59550.0000,59550.0000,59550.0000,59550.0000,0.000,72237.000
2002-06-26,55500.0000,55500.0000,55500.0000,55500.0000,0.000,71826.000
2002-06-27,57000.0000,57000.0000,56250.0000,56250.0000,0.000,71409.000
2002-06-28,56250.0000,56250.0000,56250.0000,56250.0000,0.000,70977.000
2002-07-01,66000.0000,68850.0000,66000.0000,67500.0000,0.000,70770.000
2002-07-02,67500.0000,67500.0000,67500.0000,67500.0000,0.000,70563.000
2002-07-03,67500.0000,67500.0000,67500.0000,67500.0000,0.000,70353.000
2002-07-05,67500.0000,67500.0000,67500.0000,67500.0000,0.000,70143.000
2002-07-08,61500.0000,67500.0000,61500.0000,65550.0000,0.000,69918.000
2002-07-09,66000.0000,67650.0000,66000.0000,66150.0000,0.000,69735.000
2002-07-10,63750.0000,63750.0000,63750.0000,63750.0000,0.000,69507.000
2002-07-11,59700.0000,60750.0000,59700.0000,60750.0000,0.000,69249.000
2002-07-12,61950.0000,62250.0000,60450.0000,62100.0000,0.000,69024.000
2002-07-15,59250.0000,59250.0000,59250.0000,59250.0000,0.000,68742.000
2002-07-16,58500.0000,61500.0000,58500.0000,61500.0000,0.000,68538.000
2002-07-17,61500.0000,63300.0000,61500.0000,63000.0000,0.000,68364.000
2002-07-18,63000.0000,63000.0000,60750.0000,63000.0000,0.000,68109.000
2002-07-19,56250.0000,60000.0000,56250.0000,57300.0000,0.000,67821.000
2002-07-22,57750.0000,57750.0000,54150.0000,54150.0000,0.000,67476.000
2002-07-23,54000.0000,54000.0000,52350.0000,52500.0000,0.000,67032.000
2002-07-24,50250.0000,50250.0000,42000.0000,48600.0000,0.000,66534.000
2002-07-25,48450.0000,53250.0000,48450.0000,50850.0000,0.000,66081.000
2002-07-26,46800.0000,48150.0000,46800.0000,48150.0000,0.000,65589.000
2002-07-29,51750.0000,52500.0000,50550.0000,52500.0000,0.000,65115.000
2002-07-30,52500.0000,53250.0000,52350.0000,52500.0000,0.000,64665.000
2002-07-31,52500.0000,52500.0000,51600.0000,52200.0000,0.000,64140.000
2002-08-01,52500.0000,53250.0000,52500.0000,52500.0000,0.000,63645.000
2002-08-02,45000.0000,52500.0000,45000.0000,52500.0000,0.000,63195.000
2002-08-05,52500.0000,52500.0000,52500.0000,52500.0000,0.000,62745.000
2002-08-06,52500.0000,52500.0000,52500.0000,52500.0000,0.000,62271.000
2002-08-07,54750.0000,57000.0000,52200.0000,52200.0000,0.000,61791.000
2002-08-08,50250.0000,50250.0000,48750.0000,48750.0000,0.000,61251.000
2002-08-09,48750.0000,48750.0000,48750.0000,48750.0000,0.000,60756.000
2002-08-12,48750.0000,48750.0000,48750.0000,48750.0000,0.000,60258.000
2002-08-13,48750.0000,48750.0000,48000.0000,48000.0000,0.000,59799.000
2002-08-14,48300.0000,48300.0000,45000.0000,45000.0000,0.000,59250.000
2002-08-15,45000.0000,45000.0000,45000.0000,45000.0000,0.000,58701.000
2002-08-16,45750.0000,45750.0000,45750.0000,45750.0000,0.000,58167.000
2002-08-19,44100.0000,46050.0000,42450.0000,42450.0000,0.000,57549.000
2002-08-20,41400.0000,42150.0000,40500.0000,40500.0000,0.000,56916.000
2002-08-21,40500.0000,40500.0000,36750.0000,37500.0000,0.000,56223.000
2002-08-22,38850.0000,40500.0000,38700.0000,39450.0000,0.000,55644.000
2002-08-23,42000.0000,43050.0000,39150.0000,39300.0000,0.000,55062.000
2002-08-26,40500.0000,42000.0000,40350.0000,40500.0000,0.000,54504.000
2002-08-27,40500.0000,42600.0000,40500.0000,42600.0000,0.000,54051.000
2002-08-28,41850.0000,42150.0000,39150.0000,41250.0000,0.000,53595.000
2002-08-29,41250.0000,41250.0000,41250.0000,41250.0000,0.000,53265.000
2002-08-30,41250.0000,41250.0000,41250.0000,41250.0000,0.000,52929.000
2002-09-03,42750.0000,43350.0000,42000.0000,43350.0000,0.000,52650.000
2002-09-04,42000.0000,42150.0000,39600.0000,40950.0000,0.000,52278.000
2002-09-05,40200.0000,41550.0000,39750.0000,40650.0000,0.000,51900.000
2002-09-06,36300.0000,44850.0000,36300.0000,44400.0000,0.000,51678.000
2002-09-09,44850.0000,44850.0000,44850.0000,44850.0000,0.000,51450.000
2002-09-10,44850.0000,44850.0000,44850.0000,44850.0000,0.000,51222.000
2002-09-11,44850.0000,44850.0000,44850.0000,44850.0000,0.000,50769.000
2002-09-12,44850.0000,44850.0000,44850.0000,44850.0000,0.000,50316.000
2002-09-13,44850.0000,44850.0000,44850.0000,44850.0000,0.000,49863.000
2002-09-16,44850.0000,44850.0000,44850.0000,44850.0000,0.000,49410.000
2002-09-17,44850.0000,44850.0000,44850.0000,44850.0000,0.000,48996.000
2002-09-18,44850.0000,44850.0000,44850.0000,44850.0000,0.000,48570.000
2002-09-19,44850.0000,44850.0000,44850.0000,44850.0000,0.000,48192.000
2002-09-20,35850.0000,35850.0000,30750.0000,30750.0000,0.000,47592.000
2002-09-23,37800.0000,37800.0000,29250.0000,31800.0000,0.000,46986.000
2002-09-24,28950.0000,28950.0000,28950.0000,28950.0000,0.000,46380.000
2002-09-25,30750.0000,38100.0000,30750.0000,38100.0000,0.000,45912.000
2002-09-26,39000.0000,40650.0000,38700.0000,38700.0000,0.000,45426.000
2002-09-27,38100.0000,42150.0000,38100.0000,40500.0000,0.000,44976.000
2002-09-30,40350.0000,41250.0000,40200.0000,40200.0000,0.000,44634.000
2002-10-01,40200.0000,40200.0000,40200.0000,40200.0000,0.000,44355.000
2002-10-02,39750.0000,41400.0000,39600.0000,41400.0000,0.000,44133.000
2002-10-03,45000.0000,49200.0000,44850.0000,44850.0000,0.000,44058.000
2002-10-04,44250.0000,44250.0000,42150.0000,42450.0000,0.000,43890.000
2002-10-07,40200.0000,40200.0000,40200.0000,40200.0000,0.000,43731.000
2002-10-08,41100.0000,43500.0000,41100.0000,42150.0000,0.000,43524.000
2002-10-09,42150.0000,42150.0000,42150.0000,42150.0000,0.000,43317.000
2002-10-10,38850.0000,41250.0000,38850.0000,41250.0000,0.000,43098.000
2002-10-11,42450.0000,42450.0000,42450.0000,42450.0000,0.000,42897.000
2002-10-14,30300.0000,50850.0000,30300.0000,50850.0000,0.000,42864.000
2002-10-15,43050.0000,43950.0000,40350.0000,40350.0000,0.000,42621.000
2002-10-16,42450.0000,44100.0000,42150.0000,44100.0000,0.000,42453.000
2002-10-17,44850.0000,46050.0000,44850.0000,46050.0000,0.000,42330.000
2002-10-18,47550.0000,49500.0000,47550.0000,49500.0000,0.000,42345.000
2002-10-21,50550.0000,52800.0000,48450.0000,48450.0000,0.000,42339.000
2002-10-22,54750.0000,54750.0000,53700.0000,54750.0000,0.000,42459.000
2002-10-23,54750.0000,54750.0000,54000.0000,54750.0000,0.000,42594.000
2002-10-24,54750.0000,54750.0000,51000.0000,52500.0000,0.000,42744.000
2002-10-25,52650.0000,52650.0000,51900.0000,52050.0000,0.000,42885.000
2002-10-28,54150.0000,54150.0000,53250.0000,53250.0000,0.000,43035.000
2002-10-29,63750.0000,67500.0000,56250.0000,57600.0000,0.000,43338.000
2002-10-30,57900.0000,60900.0000,57000.0000,60900.0000,0.000,43746.000
2002-10-31,61500.0000,61500.0000,55800.0000,57750.0000,0.000,44151.000
2002-11-01,56550.0000,58050.0000,56550.0000,56550.0000,0.000,44493.000
2002-11-04,54150.0000,58800.0000,54150.0000,57450.0000,0.000,44856.000
2002-11-05,55800.0000,56100.0000,53850.0000,55650.0000,0.000,45159.000
2002-11-06,55500.0000,56250.0000,55500.0000,56250.0000,0.000,45432.000
2002-11-07,62850.0000,62850.0000,55350.0000,56850.0000,0.000,45744.000
2002-11-08,55650.0000,55800.0000,55650.0000,55800.0000,0.000,46035.000
2002-11-11,53250.0000,53250.0000,51600.0000,51600.0000,0.000,46242.000
2002-11-12,51600.0000,51600.0000,51600.0000,51600.0000,0.000,46407.000
2002-11-13,49650.0000,49650.0000,49500.0000,49500.0000,0.000,46578.000
2002-11-14,49500.0000,50850.0000,49500.0000,49800.0000,0.000,46761.000
2002-11-15,49800.0000,49800.0000,49050.0000,49050.0000,0.000,46854.000
2002-11-18,49200.0000,51000.0000,45300.0000,47250.0000,0.000,46902.000
2002-11-19,46800.0000,46800.0000,46350.0000,46500.0000,0.000,46935.000
2002-11-20,46500.0000,46500.0000,45750.0000,46500.0000,0.000,46968.000
2002-11-21,48750.0000,53250.0000,47850.0000,53250.0000,0.000,47136.000
2002-11-22,54300.0000,54300.0000,54300.0000,54300.0000,0.000,47325.000
2002-11-25,57000.0000,57000.0000,53850.0000,53850.0000,0.000,47505.000
2002-11-26,55500.0000,57300.0000,54300.0000,57300.0000,0.000,47754.000
2002-11-27,56700.0000,58950.0000,56700.0000,58950.0000,0.000,48036.000
2002-11-29,60000.0000,61500.0000,60000.0000,61500.0000,0.000,48369.000
2002-12-02,64500.0000,64500.0000,57750.0000,59250.0000,0.000,48939.000
2002-12-03,58500.0000,58950.0000,56250.0000,58950.0000,0.000,49482.000
2002-12-04,58950.0000,58950.0000,58950.0000,58950.0000,0.000,50082.000
2002-12-05,55800.0000,57150.0000,55500.0000,57150.0000,0.000,50463.000
2002-12-06,55500.0000,55500.0000,54750.0000,54750.0000,0.000,50784.000
2002-12-09,53400.0000,55050.0000,53400.0000,54900.0000,0.000,51072.000
2002-12-10,56100.0000,58650.0000,56100.0000,57600.0000,0.000,51420.000
2002-12-11,58050.0000,58050.0000,55050.0000,55050.0000,0.000,51717.000
2002-12-12,53850.0000,55050.0000,53700.0000,54300.0000,0.000,51975.000
2002-12-13,53100.0000,53100.0000,52950.0000,53100.0000,0.000,52140.000
2002-12-16,53700.0000,54300.0000,51000.0000,51000.0000,0.000,52311.000
2002-12-17,59850.0000,59850.0000,52200.0000,52800.0000,0.000,52563.000
2002-12-18,52500.0000,54300.0000,51750.0000,51750.0000,0.000,52755.000
2002-12-19,51900.0000,52500.0000,49500.0000,50850.0000,0.000,52929.000
2002-12-20,51300.0000,51750.0000,50400.0000,51750.0000,0.000,53139.000
2002-12-23,50250.0000,51750.0000,50250.0000,50400.0000,0.000,53298.000
2002-12-24,50400.0000,50400.0000,50400.0000,50400.0000,0.000,53289.000
2002-12-26,50250.0000,50250.0000,45900.0000,45900.0000,0.000,53400.000
2002-12-27,50700.0000,51600.0000,45000.0000,51600.0000,0.000,53550.000
2002-12-30,51750.0000,51900.0000,49500.0000,51000.0000,0.000,53649.000
2002-12-31,55050.0000,56100.0000,51900.0000,55950.0000,0.000,53778.000
2003-01-02,57750.0000,58050.0000,52500.0000,56100.0000,0.000,53931.000
2003-01-03,56250.0000,56700.0000,52200.0000,52800.0000,0.000,53892.000
2003-01-06,53100.0000,54600.0000,53100.0000,53250.0000,0.000,53862.000
2003-01-07,53550.0000,54450.0000,53550.0000,54450.0000,0.000,53901.000
2003-01-08,54600.0000,54600.0000,54450.0000,54450.0000,0.000,53949.000
2003-01-09,56250.0000,57000.0000,55650.0000,55800.0000,0.000,54000.000
2003-01-10,46500.0000,57300.0000,46500.0000,57300.0000,0.000,53994.000
2003-01-13,59250.0000,60000.0000,57300.0000,57300.0000,0.000,53922.000
2003-01-14,55200.0000,55650.0000,55200.0000,55200.0000,0.000,53871.000
2003-01-15,54900.0000,55800.0000,54900.0000,55800.0000,0.000,53856.000
2003-01-16,55800.0000,55800.0000,55800.0000,55800.0000,0.000,53823.000
2003-01-17,57300.0000,57300.0000,56250.0000,56250.0000,0.000,53835.000
2003-01-21,56100.0000,56100.0000,55950.0000,55950.0000,0.000,53829.000
2003-01-22,56100.0000,56100.0000,55950.0000,56100.0000,0.000,53814.000
2003-01-23,55950.0000,56250.0000,49500.0000,52200.0000,0.000,53742.000
2003-01-24,53400.0000,55200.0000,51750.0000,55050.0000,0.000,53811.000
2003-01-27,51000.0000,51750.0000,50850.0000,51750.0000,0.000,53814.000
2003-01-28,50250.0000,51450.0000,48600.0000,51300.0000,0.000,53850.000
2003-01-29,48300.0000,48300.0000,47550.0000,47550.0000,0.000,53805.000
2003-01-30,48000.0000,48150.0000,47250.0000,47400.0000,0.000,53772.000
2003-01-31,47550.0000,48150.0000,45150.0000,45450.0000,0.000,53736.000
2003-02-03,46950.0000,46950.0000,42300.0000,45000.0000,0.000,53706.000
2003-02-04,42300.0000,42450.0000,40650.0000,42300.0000,0.000,53622.000
2003-02-05,44700.0000,44850.0000,44250.0000,44850.0000,0.000,53454.000
2003-02-06,44850.0000,45150.0000,44850.0000,45000.0000,0.000,53268.000
2003-02-07,43500.0000,43500.0000,43500.0000,43500.0000,0.000,53061.000
2003-02-10,44700.0000,47850.0000,44250.0000,45000.0000,0.000,52815.000
2003-02-11,46500.0000,47400.0000,44400.0000,44850.0000,0.000,52533.000
2003-02-12,44550.0000,44550.0000,44550.0000,44550.0000,0.000,52194.000
2003-02-13,42000.0000,44250.0000,41550.0000,44250.0000,0.000,51894.000
2003-02-14,43500.0000,43500.0000,42600.0000,42600.0000,0.000,51567.000
2003-02-18,37500.0000,47850.0000,37500.0000,45600.0000,0.000,51300.000
2003-02-19,44400.0000,45000.0000,43500.0000,43800.0000,0.000,51033.000
2003-02-20,45000.0000,45000.0000,42600.0000,42600.0000,0.000,50790.000
2003-02-21,44100.0000,45000.0000,42600.0000,42750.0000,0.000,50547.000
2003-02-24,44850.0000,44850.0000,42900.0000,44850.0000,0.000,50292.000
2003-02-25,42000.0000,44100.0000,42000.0000,44100.0000,0.000,50073.000
2003-02-26,42750.0000,42750.0000,41550.0000,41550.0000,0.000,49818.000
2003-02-27,42600.0000,44250.0000,42600.0000,44250.0000,0.000,49641.000
2003-02-28,44250.0000,45000.0000,44100.0000,44250.0000,0.000,49506.000
2003-03-03,44850.0000,46500.0000,44550.0000,44700.0000,0.000,49344.000
2003-03-04,46500.0000,46500.0000,44100.0000,44850.0000,0.000,49206.000
2003-03-05,45000.0000,45000.0000,43800.0000,44100.0000,0.000,49071.000
2003-03-06,44550.0000,45000.0000,43800.0000,43800.0000,0.000,48912.000
2003-03-07,45750.0000,45750.0000,41550.0000,42000.0000,0.000,48744.000
2003-03-10,40500.0000,41850.0000,40500.0000,40950.0000,0.000,48555.000
2003-03-11,42150.0000,42150.0000,42150.0000,42150.0000,0.000,48480.000
2003-03-12,41100.0000,41100.0000,41100.0000,41100.0000,0.000,48270.000
2003-03-13,41700.0000,41700.0000,41250.0000,41250.0000,0.000,48075.000
2003-03-14,41250.0000,41250.0000,41250.0000,41250.0000,0.000,47781.000
2003-03-17,40500.0000,40500.0000,40200.0000,40500.0000,0.000,47469.000
2003-03-18,39750.0000,39750.0000,38850.0000,39750.0000,0.000,47208.000
2003-03-19,37500.0000,39300.0000,37500.0000,39300.0000,0.000,46929.000
2003-03-20,51900.0000,51900.0000,40500.0000,40500.0000,0.000,46650.000
2003-03-21,40350.0000,40350.0000,39750.0000,39750.0000,0.000,46356.000
2003-03-24,39750.0000,39750.0000,39750.0000,39750.0000,0.000,46035.000
2003-03-25,41250.0000,41700.0000,40950.0000,41100.0000,0.000,45711.000
2003-03-26,42450.0000,42750.0000,42000.0000,42000.0000,0.000,45405.000
2003-03-27,43500.0000,43500.0000,40950.0000,40950.0000,0.000,45120.000
2003-03-28,41400.0000,41400.0000,41400.0000,41400.0000,0.000,44832.000
2003-03-31,40200.0000,40200.0000,36600.0000,39750.0000,0.000,44511.000
2003-04-01,38850.0000,38850.0000,36750.0000,36750.0000,0.000,44121.000
2003-04-02,38400.0000,39600.0000,38400.0000,38850.0000,0.000,43779.000
2003-04-03,40800.0000,40800.0000,40800.0000,40800.0000,0.000,43473.000
2003-04-04,48000.0000,48000.0000,43950.0000,43950.0000,0.000,43308.000
2003-04-07,44700.0000,44700.0000,39000.0000,39450.0000,0.000,42996.000
2003-04-08,39450.0000,39450.0000,39450.0000,39450.0000,0.000,42750.000
2003-04-09,39900.0000,40050.0000,39900.0000,40050.0000,0.000,42525.000
2003-04-10,40200.0000,41700.0000,40200.0000,41700.0000,0.000,42408.000
2003-04-11,41700.0000,41700.0000,41700.0000,41700.0000,0.000,42294.000
2003-04-14,41700.0000,41700.0000,41700.0000,41700.0000,0.000,42219.000
2003-04-15,40500.0000,41700.0000,40500.0000,41550.0000,0.000,42150.000
2003-04-16,41700.0000,41700.0000,41700.0000,41700.0000,0.000,42138.000
2003-04-17,44700.0000,46050.0000,44250.0000,44250.0000,0.000,42126.000
2003-04-21,47700.0000,52200.0000,47550.0000,51150.0000,0.000,42249.000
2003-04-22,54000.0000,54000.0000,49050.0000,50100.0000,0.000,42381.000
2003-04-23,52650.0000,52650.0000,52650.0000,52650.0000,0.000,42534.000
2003-04-24,63750.0000,63750.0000,51000.0000,51000.0000,0.000,42657.000
2003-04-25,55050.0000,56100.0000,46650.0000,48300.0000,0.000,42732.000
2003-04-28,49500.0000,52200.0000,46500.0000,48000.0000,0.000,42807.000
2003-04-29,59850.0000,59850.0000,47400.0000,48000.0000,0.000,42915.000
2003-04-30,47850.0000,54000.0000,46950.0000,54000.0000,0.000,43083.000
2003-05-01,54750.0000,55950.0000,54000.0000,55950.0000,0.000,43326.000
2003-05-02,54900.0000,58200.0000,54900.0000,57450.0000,0.000,43623.000
2003-05-05,60750.0000,62850.0000,60000.0000,62850.0000,0.000,44025.000
2003-05-06,63000.0000,64950.0000,63000.0000,63750.0000,0.000,44403.000
2003-05-07,65250.0000,65250.0000,58650.0000,60600.0000,0.000,44733.000
2003-05-08,60300.0000,64500.0000,59550.0000,61650.0000,0.000,45135.000
2003-05-09,64500.0000,64950.0000,62700.0000,64950.0000,0.000,45549.000
2003-05-12,64950.0000,65250.0000,64950.0000,65250.0000,0.000,45969.000
2003-05-13,64650.0000,65250.0000,64650.0000,65250.0000,0.000,46380.000
2003-05-14,65250.0000,65250.0000,64650.0000,64650.0000,0.000,46776.000
2003-05-15,64500.0000,64500.0000,61800.0000,61800.0000,0.000,47130.000
2003-05-16,56550.0000,64500.0000,56550.0000,62850.0000,0.000,47511.000
2003-05-19,66600.0000,72750.0000,66600.0000,70800.0000,0.000,48087.000
2003-05-20,76200.0000,81750.0000,71250.0000,79200.0000,0.000,48852.000
2003-05-21,77400.0000,89250.0000,75150.0000,81750.0000,0.000,49644.000
2003-05-22,84300.0000,84300.0000,77850.0000,78900.0000,0.000,50400.000
2003-05-23,83250.0000,83400.0000,77250.0000,81900.0000,0.000,51213.000
2003-05-27,78900.0000,87600.0000,78900.0000,86400.0000,0.000,52116.000
2003-05-28,86850.0000,86850.0000,82500.0000,86100.0000,0.000,53028.000
2003-05-29,86850.0000,86850.0000,84000.0000,85050.0000,0.000,53934.000
2003-05-30,87000.0000,87750.0000,82950.0000,87150.0000,0.000,54891.000
2003-06-02,94500.0000,97350.0000,86850.0000,92550.0000,0.000,55932.000
2003-06-03,95250.0000,99000.0000,92250.0000,98550.0000,0.000,57108.000
2003-06-04,99750.0000,109050.0000,98850.0000,104700.0000,0.000,58407.000
2003-06-05,110100.0000,110850.0000,104250.0000,106050.0000,0.000,59706.000
2003-06-06,110250.0000,110250.0000,93900.0000,96150.0000,0.000,60789.000
2003-06-09,98100.0000,98100.0000,81600.0000,89700.0000,0.000,61764.000
2003-06-10,87900.0000,92100.0000,87900.0000,90450.0000,0.000,62745.000
2003-06-11,91350.0000,99000.0000,91350.0000,98700.0000,0.000,63924.000
2003-06-12,98700.0000,101100.0000,92700.0000,94500.0000,0.000,65079.000
2003-06-13,95250.0000,97350.0000,94800.0000,97200.0000,0.000,66246.000
2003-06-16,96600.0000,96900.0000,94650.0000,94650.0000,0.000,67323.000
2003-06-17,94650.0000,95550.0000,89250.0000,90750.0000,0.000,68259.000
2003-06-18,90750.0000,91350.0000,86700.0000,89250.0000,0.000,69255.000
2003-06-19,94200.0000,94200.0000,87750.0000,90000.0000,0.000,70266.000
2003-06-20,90000.0000,95250.0000,89850.0000,90450.0000,0.000,71274.000
2003-06-23,87750.0000,91650.0000,87750.0000,90000.0000,0.000,72240.000
2003-06-24,88950.0000,91800.0000,88950.0000,91500.0000,0.000,73236.000
2003-06-25,94050.0000,94050.0000,90600.0000,93750.0000,0.000,74277.000
2003-06-26,87750.0000,93600.0000,87750.0000,89850.0000,0.000,75243.000
2003-06-27,93750.0000,95850.0000,90000.0000,91950.0000,0.000,76248.000
2003-06-30,92250.0000,93000.0000,91500.0000,91500.0000,0.000,77193.000
2003-07-01,93750.0000,100800.0000,90000.0000,94350.0000,0.000,78057.000
2003-07-02,95250.0000,95250.0000,91500.0000,94050.0000,0.000,78936.000
2003-07-03,94500.0000,94500.0000,91350.0000,93300.0000,0.000,79749.000
2003-07-07,95250.0000,99600.0000,92850.0000,94950.0000,0.000,80628.000
2003-07-08,93000.0000,93000.0000,86250.0000,87750.0000,0.000,81417.000
2003-07-09,89700.0000,89700.0000,85350.0000,86700.0000,0.000,82191.000
2003-07-10,85500.0000,86400.0000,85500.0000,86100.0000,0.000,82953.000
2003-07-11,84000.0000,85500.0000,84000.0000,85200.0000,0.000,83577.000
2003-07-14,85200.0000,85800.0000,84750.0000,84750.0000,0.000,84153.000
2003-07-15,88800.0000,88800.0000,80250.0000,83550.0000,0.000,84675.000
2003-07-16,79500.0000,83550.0000,79500.0000,82500.0000,0.000,85068.000
2003-07-17,79500.0000,82200.0000,78750.0000,78900.0000,0.000,85371.000
2003-07-18,78000.0000,78300.0000,75000.0000,75600.0000,0.000,85671.000
2003-07-21,75000.0000,77250.0000,72000.0000,72900.0000,0.000,85896.000
2003-07-22,73500.0000,74850.0000,73050.0000,73800.0000,0.000,86073.000
2003-07-23,75000.0000,79350.0000,74700.0000,78900.0000,0.000,86346.000
2003-07-24,79200.0000,79200.0000,77850.0000,78750.0000,0.000,86616.000
2003-07-25,80100.0000,87600.0000,76200.0000,80250.0000,0.000,86928.000
2003-07-28,80550.0000,80550.0000,75900.0000,75900.0000,0.000,87210.000
2003-07-29,83250.0000,83250.0000,75000.0000,75000.0000,0.000,87453.000
2003-07-30,77550.0000,79350.0000,75750.0000,75750.0000,0.000,87552.000
2003-07-31,93150.0000,93150.0000,76200.0000,77250.0000,0.000,87513.000
2003-08-01,77250.0000,78000.0000,77250.0000,77250.0000,0.000,87423.000
2003-08-04,93150.0000,93150.0000,77700.0000,78150.0000,0.000,87408.000
2003-08-05,78750.0000,79800.0000,77250.0000,79350.0000,0.000,87357.000
2003-08-06,93150.0000,93150.0000,77250.0000,79050.0000,0.000,87210.000
2003-08-07,79500.0000,79500.0000,73500.0000,75600.0000,0.000,87000.000
2003-08-08,73500.0000,78150.0000,73500.0000,73500.0000,0.000,86769.000
2003-08-11,75300.0000,75900.0000,72750.0000,72750.0000,0.000,86481.000
2003-08-12,75000.0000,75000.0000,72000.0000,72150.0000,0.000,86073.000
2003-08-13,88800.0000,88800.0000,71400.0000,74400.0000,0.000,85590.000
2003-08-14,71550.0000,75150.0000,71400.0000,71700.0000,0.000,84930.000
2003-08-15,72600.0000,75150.0000,72600.0000,75150.0000,0.000,84312.000
2003-08-18,75000.0000,75000.0000,74250.0000,75000.0000,0.000,83889.000
2003-08-19,74100.0000,74250.0000,70500.0000,72300.0000,0.000,83541.000
2003-08-20,74250.0000,74250.0000,69600.0000,70650.0000,0.000,83145.000
2003-08-21,69150.0000,77850.0000,69150.0000,70800.0000,0.000,82587.000
2003-08-22,71850.0000,75000.0000,70350.0000,74850.0000,0.000,82194.000
2003-08-25,74850.0000,79500.0000,74700.0000,79500.0000,0.000,81840.000
2003-08-26,82050.0000,85500.0000,75000.0000,80250.0000,0.000,81552.000
2003-08-27,86250.0000,86250.0000,78000.0000,81900.0000,0.000,81375.000
2003-08-28,82350.0000,82950.0000,80550.0000,82200.0000,0.000,81234.000
2003-08-29,85500.0000,85500.0000,77250.0000,81900.0000,0.000,81072.000
2003-09-02,86250.0000,86250.0000,81300.0000,83400.0000,0.000,80931.000
2003-09-03,82500.0000,83250.0000,80700.0000,83100.0000,0.000,80793.000
2003-09-04,82350.0000,83700.0000,82350.0000,82500.0000,0.000,80613.000
2003-09-05,86250.0000,86250.0000,83100.0000,83850.0000,0.000,80415.000
2003-09-08,84150.0000,87750.0000,84150.0000,87750.0000,0.000,80373.000
2003-09-09,87750.0000,93750.0000,87750.0000,89850.0000,0.000,80331.000
2003-09-10,93900.0000,95100.0000,88500.0000,89400.0000,0.000,80289.000
2003-09-11,90000.0000,94200.0000,88500.0000,94200.0000,0.000,80286.000
2003-09-12,97500.0000,101700.0000,91500.0000,95100.0000,0.000,80307.000
2003-09-15,98700.0000,101700.0000,90750.0000,95250.0000,0.000,80346.000
2003-09-16,95250.0000,96750.0000,93000.0000,96600.0000,0.000,80379.000
2003-09-17,97500.0000,104100.0000,96000.0000,102750.0000,0.000,80679.000
2003-09-18,105450.0000,110250.0000,104700.0000,105450.0000,0.000,81054.000
2003-09-19,101250.0000,108000.0000,100950.0000,102600.0000,0.000,81384.000
2003-09-22,99600.0000,103200.0000,99600.0000,102450.0000,0.000,81729.000
2003-09-23,103500.0000,103500.0000,94500.0000,97050.0000,0.000,81975.000
2003-09-24,59550.0000,66600.0000,49500.0000,64500.0000,0.000,81594.000
2003-09-25,62550.0000,62550.0000,56850.0000,61200.0000,0.000,81168.000
2003-09-26,58500.0000,61800.0000,52500.0000,58500.0000,0.000,80760.000
2003-09-29,58200.0000,58200.0000,54000.0000,56250.0000,0.000,80373.000
2003-09-30,54000.0000,57900.0000,54000.0000,57600.0000,0.000,80067.000
2003-10-01,56550.0000,59250.0000,55500.0000,56700.0000,0.000,79725.000
2003-10-02,56250.0000,57750.0000,54900.0000,55500.0000,0.000,79257.000
2003-10-03,55650.0000,56100.0000,52650.0000,55050.0000,0.000,78783.000
2003-10-06,54750.0000,55500.0000,52500.0000,52500.0000,0.000,78228.000
2003-10-07,52500.0000,52500.0000,50250.0000,52350.0000,0.000,77757.000
2003-10-08,50400.0000,52200.0000,48750.0000,52200.0000,0.000,77301.000
2003-10-09,52200.0000,55050.0000,52050.0000,54300.0000,0.000,76872.000
2003-10-10,55200.0000,56850.0000,54600.0000,55950.0000,0.000,76446.000
2003-10-13,56850.0000,59250.0000,56850.0000,58650.0000,0.000,76074.000
2003-10-14,58950.0000,58950.0000,55950.0000,56550.0000,0.000,75642.000
2003-10-15,57000.0000,57150.0000,54750.0000,55500.0000,0.000,75165.000
2003-10-16,55500.0000,56250.0000,55050.0000,56250.0000,0.000,74709.000
2003-10-17,59700.0000,59700.0000,54750.0000,55350.0000,0.000,74304.000
2003-10-20,54900.0000,55200.0000,52800.0000,53550.0000,0.000,73905.000
2003-10-21,53250.0000,53700.0000,51750.0000,52200.0000,0.000,73494.000
2003-10-22,51750.0000,51900.0000,49950.0000,51150.0000,0.000,73074.000
2003-10-23,51000.0000,56100.0000,45750.0000,48750.0000,0.000,72561.000
2003-10-24,52200.0000,52200.0000,48600.0000,49050.0000,0.000,72108.000
2003-10-27,49800.0000,49800.0000,46200.0000,46650.0000,0.000,71538.000
2003-10-28,49650.0000,49800.0000,46050.0000,46950.0000,0.000,70977.000
2003-10-29,54000.0000,57300.0000,49350.0000,49350.0000,0.000,70518.000
2003-10-30,49500.0000,52200.0000,49500.0000,50250.0000,0.000,70110.000
2003-10-31,50400.0000,51150.0000,48750.0000,48750.0000,0.000,69669.000
2003-11-03,50100.0000,53700.0000,48150.0000,52650.0000,0.000,69225.000
2003-11-04,53700.0000,55050.0000,51900.0000,52200.0000,0.000,68679.000
2003-11-05,52200.0000,53700.0000,48900.0000,50250.0000,0.000,68079.000
2003-11-06,54750.0000,54750.0000,49800.0000,50250.0000,0.000,67446.000
2003-11-07,52500.0000,52500.0000,49500.0000,51600.0000,0.000,66834.000
2003-11-10,52650.0000,53550.0000,49800.0000,52350.0000,0.000,66243.000
2003-11-11,55200.0000,55200.0000,49950.0000,50100.0000,0.000,65577.000
2003-11-12,51750.0000,51750.0000,49800.0000,49800.0000,0.000,64911.000
2003-11-13,49800.0000,51000.0000,49050.0000,49050.0000,0.000,64242.000
2003-11-14,49200.0000,49500.0000,48150.0000,48150.0000,0.000,63528.000
2003-11-17,48150.0000,49500.0000,46500.0000,46800.0000,0.000,62709.000
2003-11-18,46800.0000,48000.0000,46350.0000,46500.0000,0.000,61842.000
2003-11-19,46500.0000,48750.0000,46500.0000,47100.0000,0.000,60996.000
2003-11-20,46650.0000,48600.0000,46650.0000,47400.0000,0.000,60060.000
2003-11-21,48600.0000,48600.0000,46500.0000,46500.0000,0.000,59088.000
2003-11-24,47400.0000,48000.0000,46050.0000,46500.0000,0.000,58113.000
2003-11-25,45300.0000,46650.0000,45300.0000,46350.0000,0.000,57108.000
2003-11-26,47700.0000,48000.0000,45900.0000,46200.0000,0.000,55977.000
2003-11-28,46350.0000,48300.0000,46350.0000,48300.0000,0.000,54834.000
2003-12-01,49650.0000,49650.0000,46500.0000,46950.0000,0.000,53721.000
2003-12-02,45450.0000,48000.0000,45450.0000,47100.0000,0.000,52614.000
2003-12-03,47700.0000,48300.0000,45900.0000,46500.0000,0.000,51603.000
2003-12-04,47550.0000,47550.0000,45000.0000,45600.0000,0.000,51225.000
2003-12-05,45600.0000,46200.0000,45150.0000,46050.0000,0.000,50922.000
2003-12-08,45450.0000,46350.0000,45000.0000,45000.0000,0.000,50652.000
2003-12-09,45000.0000,45300.0000,44100.0000,44700.0000,0.000,50421.000
2003-12-10,43200.0000,44550.0000,42300.0000,42750.0000,0.000,50124.000
2003-12-11,42600.0000,43950.0000,41850.0000,43950.0000,0.000,49869.000
2003-12-12,45450.0000,45450.0000,44250.0000,45000.0000,0.000,49659.000
2003-12-15,45450.0000,45450.0000,43800.0000,43800.0000,0.000,49434.000
2003-12-16,43800.0000,43800.0000,43350.0000,43650.0000,0.000,49257.000
2003-12-17,42900.0000,45150.0000,41250.0000,41850.0000,0.000,49047.000
2003-12-18,41250.0000,41850.0000,40350.0000,41250.0000,0.000,48828.000
2003-12-19,40650.0000,42450.0000,40650.0000,42000.0000,0.000,48582.000
2003-12-22,42750.0000,45000.0000,41400.0000,43500.0000,0.000,48333.000
2003-12-23,45000.0000,45000.0000,42900.0000,43350.0000,0.000,48027.000
2003-12-24,44100.0000,44100.0000,43050.0000,43500.0000,0.000,47766.000
2003-12-26,44250.0000,44250.0000,43500.0000,43650.0000,0.000,47529.000
2003-12-29,43650.0000,46350.0000,43500.0000,46200.0000,0.000,47328.000
2003-12-30,47550.0000,49800.0000,45450.0000,49200.0000,0.000,47205.000
2003-12-31,49800.0000,52500.0000,49500.0000,50700.0000,0.000,47148.000
2004-01-02,49650.0000,52050.0000,49500.0000,51150.0000,0.000,47127.000
2004-01-05,52050.0000,52500.0000,48750.0000,49800.0000,0.000,47100.000
2004-01-06,52500.0000,54300.0000,47550.0000,50850.0000,0.000,47142.000
2004-01-07,53250.0000,53250.0000,49650.0000,49650.0000,0.000,47154.000
2004-01-08,48300.0000,52500.0000,48150.0000,52200.0000,0.000,47265.000
2004-01-09,51750.0000,51750.0000,49200.0000,51000.0000,0.000,47346.000
2004-01-12,49650.0000,52650.0000,49650.0000,52200.0000,0.000,47403.000
2004-01-13,50850.0000,53250.0000,50850.0000,52050.0000,0.000,47439.000
2004-01-14,54450.0000,54450.0000,51750.0000,53850.0000,0.000,47541.000
2004-01-15,56250.0000,56250.0000,53700.0000,56250.0000,0.000,47613.000
2004-01-16,57600.0000,57600.0000,55050.0000,55950.0000,0.000,47688.000
2004-01-20,55950.0000,57150.0000,52650.0000,54300.0000,0.000,47769.000
2004-01-21,55200.0000,56550.0000,52500.0000,55800.0000,0.000,47880.000
2004-01-22,56250.0000,56250.0000,54150.0000,55500.0000,0.000,47958.000
2004-01-23,55650.0000,57150.0000,54600.0000,55950.0000,0.000,48030.000
2004-01-26,54150.0000,57750.0000,54000.0000,56250.0000,0.000,48153.000
2004-01-27,55950.0000,58500.0000,55950.0000,58050.0000,0.000,48318.000
2004-01-28,57750.0000,58800.0000,57600.0000,57750.0000,0.000,48492.000
2004-01-29,57000.0000,58200.0000,55200.0000,56400.0000,0.000,48657.000
2004-01-30,57750.0000,57750.0000,56400.0000,56400.0000,0.000,48849.000
2004-02-02,58800.0000,58800.0000,57000.0000,57300.0000,0.000,49065.000
2004-02-03,55500.0000,62850.0000,55500.0000,62700.0000,0.000,49377.000
2004-02-04,62850.0000,91500.0000,62850.0000,88200.0000,0.000,50193.000
2004-02-05,82500.0000,83250.0000,73950.0000,77400.0000,0.000,50811.000
2004-02-06,78000.0000,86250.0000,73950.0000,82500.0000,0.000,51531.000
2004-02-09,82650.0000,86700.0000,78000.0000,78000.0000,0.000,52164.000
2004-02-10,76500.0000,80100.0000,76500.0000,77550.0000,0.000,52791.000
2004-02-11,80250.0000,80250.0000,73950.0000,75000.0000,0.000,53325.000
2004-02-12,73800.0000,81600.0000,73200.0000,80100.0000,0.000,53988.000
2004-02-13,79500.0000,98250.0000,79500.0000,98250.0000,0.000,55011.000
2004-02-17,96750.0000,97500.0000,94050.0000,96750.0000,0.000,56016.000
2004-02-18,96900.0000,97500.0000,90300.0000,90600.0000,0.000,56916.000
2004-02-19,92250.0000,94350.0000,88500.0000,90000.0000,0.000,57795.000
2004-02-20,89850.0000,90300.0000,85650.0000,88950.0000,0.000,58674.000
2004-02-23,85800.0000,92250.0000,85650.0000,87750.0000,0.000,59535.000
2004-02-24,87300.0000,89250.0000,86850.0000,88800.0000,0.000,60456.000
2004-02-25,90000.0000,93000.0000,87900.0000,91950.0000,0.000,61416.000
2004-02-26,93750.0000,93750.0000,88650.0000,89850.0000,0.000,62313.000
2004-02-27,91650.0000,91650.0000,88200.0000,90300.0000,0.000,63243.000
2004-03-01,91500.0000,93300.0000,84750.0000,93000.0000,0.000,64230.000
2004-03-02,93750.0000,102000.0000,93000.0000,97500.0000,0.000,65343.000
2004-03-03,96450.0000,100200.0000,93750.0000,97050.0000,0.000,66459.000
2004-03-04,100500.0000,100500.0000,94650.0000,96000.0000,0.000,67539.000
2004-03-05,100350.0000,100350.0000,96000.0000,97200.0000,0.000,68613.000
2004-03-08,96750.0000,99750.0000,93450.0000,93900.0000,0.000,69624.000
2004-03-09,92250.0000,92250.0000,87600.0000,87600.0000,0.000,70506.000
2004-03-10,85500.0000,101250.0000,84750.0000,85500.0000,0.000,71343.000
2004-03-11,86250.0000,86250.0000,78900.0000,84900.0000,0.000,72117.000
2004-03-12,84750.0000,87750.0000,82650.0000,85050.0000,0.000,72834.000
2004-03-15,82800.0000,87150.0000,82500.0000,84750.0000,0.000,73515.000
2004-03-16,85950.0000,89700.0000,84300.0000,89100.0000,0.000,74274.000
2004-03-17,86700.0000,90000.0000,85950.0000,88350.0000,0.000,75045.000
2004-03-18,90600.0000,91500.0000,86550.0000,87900.0000,0.000,75786.000
2004-03-19,87750.0000,92550.0000,87750.0000,91500.0000,0.000,76623.000
2004-03-22,92850.0000,92850.0000,87900.0000,87900.0000,0.000,77337.000
2004-03-23,82950.0000,90600.0000,82950.0000,87600.0000,0.000,78069.000
2004-03-24,88500.0000,89700.0000,85650.0000,86550.0000,0.000,78756.000
2004-03-25,86550.0000,91650.0000,84900.0000,91500.0000,0.000,79545.000
2004-03-26,84450.0000,95550.0000,84450.0000,95100.0000,0.000,80370.000
2004-03-29,97050.0000,100350.0000,94200.0000,97950.0000,0.000,81204.000
2004-03-30,97350.0000,102150.0000,97350.0000,100950.0000,0.000,82104.000
2004-03-31,105450.0000,105750.0000,97950.0000,98550.0000,0.000,82989.000
2004-04-01,96600.0000,99750.0000,93600.0000,96450.0000,0.000,83802.000
2004-04-02,93150.0000,100500.0000,93150.0000,98250.0000,0.000,84657.000
2004-04-05,104250.0000,104250.0000,98850.0000,104100.0000,0.000,85620.000
2004-04-06,103050.0000,103800.0000,97500.0000,98850.0000,0.000,86472.000
2004-04-07,99750.0000,104250.0000,97500.0000,103050.0000,0.000,87372.000
2004-04-08,104250.0000,104850.0000,97800.0000,99750.0000,0.000,88212.000
2004-04-12,99150.0000,99450.0000,97350.0000,98550.0000,0.000,89055.000
2004-04-13,93600.0000,99000.0000,91650.0000,97650.0000,0.000,89880.000
2004-04-14,96000.0000,96750.0000,94200.0000,96000.0000,0.000,90654.000
2004-04-15,96750.0000,98400.0000,94950.0000,96150.0000,0.000,91323.000
2004-04-16,95400.0000,98250.0000,95400.0000,98250.0000,0.000,91524.000
2004-04-19,96900.0000,103350.0000,94650.0000,103350.0000,0.000,92043.000
2004-04-20,102450.0000,104250.0000,97500.0000,102000.0000,0.000,92433.000
2004-04-21,105000.0000,107550.0000,100800.0000,103050.0000,0.000,92934.000
2004-04-22,112650.0000,115800.0000,103500.0000,110250.0000,0.000,93588.000
2004-04-23,114750.0000,114900.0000,106650.0000,110250.0000,0.000,94293.000
2004-04-26,118950.0000,124500.0000,111750.0000,122250.0000,0.000,95136.000
2004-04-27,122100.0000,122250.0000,115050.0000,118950.0000,0.000,95550.000
2004-04-28,120000.0000,120000.0000,112650.0000,114000.0000,0.000,95895.000
2004-04-29,118500.0000,126300.0000,115500.0000,122100.0000,0.000,96525.000
2004-04-30,121950.0000,123600.0000,113250.0000,115650.0000,0.000,97038.000
2004-05-03,116250.0000,119250.0000,115650.0000,118050.0000,0.000,97620.000
2004-05-04,119100.0000,119400.0000,112500.0000,114000.0000,0.000,98145.000
2004-05-05,113850.0000,116550.0000,105750.0000,115500.0000,0.000,98679.000
2004-05-06,115500.0000,115500.0000,107100.0000,109200.0000,0.000,99024.000
2004-05-07,105750.0000,108750.0000,105750.0000,107250.0000,0.000,99372.000
2004-05-10,106800.0000,106800.0000,99300.0000,101100.0000,0.000,99588.000
2004-05-11,103050.0000,112200.0000,101250.0000,111600.0000,0.000,99960.000
2004-05-12,113250.0000,113250.0000,106200.0000,112200.0000,0.000,100254.000
2004-05-13,111900.0000,111900.0000,106350.0000,107100.0000,0.000,100455.000
2004-05-14,108450.0000,110550.0000,106950.0000,110100.0000,0.000,100737.000
2004-05-17,115650.0000,116250.0000,111000.0000,115650.0000,0.000,101106.000
2004-05-18,116250.0000,116550.0000,111000.0000,112350.0000,0.000,101475.000
2004-05-19,115350.0000,118350.0000,113250.0000,118200.0000,0.000,102087.000
2004-05-20,120000.0000,122250.0000,118200.0000,121500.0000,0.000,102807.000
2004-05-21,121500.0000,124350.0000,119700.0000,119700.0000,0.000,103503.000
2004-05-24,122700.0000,122700.0000,114150.0000,120000.0000,0.000,104202.000
2004-05-25,119250.0000,123750.0000,116250.0000,118350.0000,0.000,104874.000
2004-05-26,119850.0000,121500.0000,117750.0000,121350.0000,0.000,105519.000
2004-05-27,120000.0000,122400.0000,118950.0000,120600.0000,0.000,106164.000
2004-05-28,121500.0000,121500.0000,118950.0000,120900.0000,0.000,106824.000
2004-06-01,122100.0000,122400.0000,117900.0000,121350.0000,0.000,107421.000
2004-06-02,122100.0000,122100.0000,119100.0000,120750.0000,0.000,108078.000
2004-06-03,118800.0000,121500.0000,117600.0000,118950.0000,0.000,108705.000
2004-06-04,117600.0000,120150.0000,116250.0000,118050.0000,0.000,109335.000
2004-06-07,116250.0000,119100.0000,100200.0000,104100.0000,0.000,109587.000
2004-06-08,101400.0000,108300.0000,101400.0000,101400.0000,0.000,109713.000
2004-06-09,101250.0000,103350.0000,89850.0000,93450.0000,0.000,109623.000
2004-06-10,93900.0000,93900.0000,79950.0000,82950.0000,0.000,109263.000
2004-06-14,86250.0000,91500.0000,86250.0000,87150.0000,0.000,109035.000
2004-06-15,79950.0000,89100.0000,79950.0000,83700.0000,0.000,108780.000
2004-06-16,87600.0000,87600.0000,82800.0000,85050.0000,0.000,108516.000
2004-06-17,86550.0000,90450.0000,84900.0000,86850.0000,0.000,108171.000
2004-06-18,90450.0000,90450.0000,87300.0000,88200.0000,0.000,107958.000
2004-06-21,89250.0000,93600.0000,86250.0000,91950.0000,0.000,107736.000
2004-06-22,93750.0000,93750.0000,88950.0000,89250.0000,0.000,107526.000
2004-06-23,90450.0000,90450.0000,88500.0000,88950.0000,0.000,107334.000
2004-06-24,88050.0000,92250.0000,87750.0000,90000.0000,0.000,107181.000
2004-06-25,89850.0000,93000.0000,89250.0000,90600.0000,0.000,107073.000
2004-06-28,90600.0000,92700.0000,88350.0000,89550.0000,0.000,106941.000
2004-06-29,89700.0000,89700.0000,86100.0000,88200.0000,0.000,106740.000
2004-06-30,84900.0000,87600.0000,84300.0000,86850.0000,0.000,106410.000
2004-07-01,85650.0000,89400.0000,78750.0000,79800.0000,0.000,105966.000
2004-07-02,81750.0000,83400.0000,78900.0000,80100.0000,0.000,105507.000
2004-07-06,75300.0000,82350.0000,75300.0000,78750.0000,0.000,104877.000
2004-07-07,79050.0000,88350.0000,79050.0000,83550.0000,0.000,104343.000
2004-07-08,82200.0000,88350.0000,80850.0000,81300.0000,0.000,103524.000
2004-07-09,81150.0000,81300.0000,78900.0000,79200.0000,0.000,102729.000
2004-07-12,78450.0000,79500.0000,73800.0000,73800.0000,0.000,101925.000
2004-07-13,72000.0000,72750.0000,69150.0000,70350.0000,0.000,100890.000
2004-07-14,69900.0000,72600.0000,69900.0000,70350.0000,0.000,99984.000
2004-07-15,71550.0000,71850.0000,66750.0000,66750.0000,0.000,98958.000
2004-07-16,66600.0000,68850.0000,64950.0000,66900.0000,0.000,98016.000
2004-07-19,66000.0000,67050.0000,63750.0000,66150.0000,0.000,97029.000
2004-07-20,63750.0000,67200.0000,63750.0000,65100.0000,0.000,96147.000
2004-07-21,63450.0000,69000.0000,63450.0000,63450.0000,0.000,95271.000
2004-07-22,65250.0000,67050.0000,59400.0000,60000.0000,0.000,94449.000
2004-07-23,60000.0000,65400.0000,59400.0000,64950.0000,0.000,93516.000
2004-07-26,68850.0000,68850.0000,62850.0000,63900.0000,0.000,92550.000
2004-07-27,59250.0000,64500.0000,57750.0000,61800.0000,0.000,91644.000
2004-07-28,60900.0000,62550.0000,60000.0000,62100.0000,0.000,90684.000
2004-07-29,61500.0000,63150.0000,61500.0000,62100.0000,0.000,89613.000
2004-07-30,62700.0000,67500.0000,61500.0000,65550.0000,0.000,88677.000
2004-08-02,63750.0000,64050.0000,60150.0000,61800.0000,0.000,87549.000
2004-08-03,66750.0000,66750.0000,62250.0000,62550.0000,0.000,86370.000
2004-08-04,63150.0000,64800.0000,61650.0000,62250.0000,0.000,85221.000
2004-08-05,62850.0000,64500.0000,62250.0000,62850.0000,0.000,84078.000
2004-08-06,66000.0000,66000.0000,62700.0000,65250.0000,0.000,83016.000
2004-08-09,66750.0000,69150.0000,64950.0000,67200.0000,0.000,81933.000
2004-08-10,69150.0000,75000.0000,67200.0000,73800.0000,0.000,80997.000
2004-08-11,75000.0000,75000.0000,71250.0000,71700.0000,0.000,80013.000
2004-08-12,73950.0000,73950.0000,69600.0000,70200.0000,0.000,78990.000
2004-08-13,69450.0000,73050.0000,69450.0000,72600.0000,0.000,78027.000
2004-08-16,79950.0000,80400.0000,74700.0000,76200.0000,0.000,77172.000
2004-08-17,76500.0000,78750.0000,72300.0000,78600.0000,0.000,76383.000
2004-08-18,79500.0000,79500.0000,77250.0000,77850.0000,0.000,75858.000
2004-08-19,77850.0000,78000.0000,72900.0000,74400.0000,0.000,75318.000
2004-08-20,73950.0000,78000.0000,73500.0000,77850.0000,0.000,75006.000
2004-08-23,78000.0000,78000.0000,74550.0000,77700.0000,0.000,74901.000
2004-08-24,81900.0000,81900.0000,75900.0000,76500.0000,0.000,74688.000
2004-08-25,75900.0000,78750.0000,75600.0000,78600.0000,0.000,74586.000
2004-08-26,81900.0000,81900.0000,77400.0000,80100.0000,0.000,74487.000
2004-08-27,76200.0000,81750.0000,76200.0000,81150.0000,0.000,74373.000
2004-08-30,81750.0000,82650.0000,79200.0000,79800.0000,0.000,74205.000
2004-08-31,78750.0000,81750.0000,78750.0000,79800.0000,0.000,73962.000
2004-09-01,79200.0000,82200.0000,78300.0000,81900.0000,0.000,73815.000
2004-09-02,82500.0000,83250.0000,81000.0000,83250.0000,0.000,73701.000
2004-09-03,83250.0000,83850.0000,81750.0000,82500.0000,0.000,73551.000
2004-09-07,84000.0000,87300.0000,76200.0000,86250.0000,0.000,73464.000
2004-09-08,84900.0000,90900.0000,84900.0000,90750.0000,0.000,73488.000
2004-09-09,90900.0000,92700.0000,87150.0000,91050.0000,0.000,73545.000
2004-09-10,91500.0000,91500.0000,88650.0000,89250.0000,0.000,73593.000
2004-09-13,90900.0000,95400.0000,90000.0000,94350.0000,0.000,73884.000
2004-09-14,91650.0000,95400.0000,91650.0000,93750.0000,0.000,74157.000
2004-09-15,93150.0000,94050.0000,88500.0000,91200.0000,0.000,74406.000
2004-09-16,91500.0000,94950.0000,89100.0000,94350.0000,0.000,74622.000
2004-09-17,93300.0000,95400.0000,92400.0000,93750.0000,0.000,74871.000
2004-09-20,92250.0000,96750.0000,92250.0000,93750.0000,0.000,75162.000
2004-09-21,94800.0000,94800.0000,92400.0000,92400.0000,0.000,75534.000
2004-09-22,91500.0000,92250.0000,87150.0000,88500.0000,0.000,75897.000
2004-09-23,90000.0000,90750.0000,85050.0000,87450.0000,0.000,76239.000
2004-09-24,84900.0000,87900.0000,84900.0000,87750.0000,0.000,76659.000
2004-09-27,86250.0000,90000.0000,83400.0000,83850.0000,0.000,76998.000
2004-09-28,81300.0000,84000.0000,80250.0000,83550.0000,0.000,77346.000
2004-09-29,76650.0000,88200.0000,76650.0000,88050.0000,0.000,77805.000
2004-09-30,88200.0000,89100.0000,85500.0000,86250.0000,0.000,78261.000
2004-10-01,84900.0000,87750.0000,84300.0000,85650.0000,0.000,78774.000
2004-10-04,102600.0000,102750.0000,85050.0000,86250.0000,0.000,79200.000
2004-10-05,86700.0000,87750.0000,85650.0000,86550.0000,0.000,79653.000
2004-10-06,84300.0000,88050.0000,84300.0000,86100.0000,0.000,80139.000
2004-10-07,90000.0000,91050.0000,85650.0000,86850.0000,0.000,80634.000
2004-10-08,89700.0000,89700.0000,85650.0000,86250.0000,0.000,81117.000
2004-10-11,90000.0000,90750.0000,76500.0000,77850.0000,0.000,81363.000
2004-10-12,78750.0000,85500.0000,78750.0000,83700.0000,0.000,81801.000
2004-10-13,84000.0000,85350.0000,80550.0000,80550.0000,0.000,82161.000
2004-10-14,79650.0000,82650.0000,79500.0000,79650.0000,0.000,82509.000
2004-10-15,76350.0000,82650.0000,76350.0000,81450.0000,0.000,82881.000
2004-10-18,80250.0000,84000.0000,80250.0000,81900.0000,0.000,83214.000
2004-10-19,79050.0000,83100.0000,79050.0000,81750.0000,0.000,83505.000
2004-10-20,82350.0000,84300.0000,81300.0000,82800.0000,0.000,83685.000
2004-10-21,79800.0000,85500.0000,79800.0000,84450.0000,0.000,83940.000
2004-10-22,84300.0000,84450.0000,82950.0000,83250.0000,0.000,84201.000
2004-10-25,84300.0000,84900.0000,81000.0000,82200.0000,0.000,84393.000
2004-10-26,79200.0000,84000.0000,79200.0000,79950.0000,0.000,84468.000
2004-10-27,80250.0000,84150.0000,79950.0000,83400.0000,0.000,84564.000
2004-10-28,84000.0000,84000.0000,81150.0000,81300.0000,0.000,84633.000
2004-10-29,81300.0000,82410.0000,81000.0000,81150.0000,0.000,84768.000
2004-11-01,85350.0000,85350.0000,80400.0000,80700.0000,0.000,84825.000
2004-11-02,78450.0000,85350.0000,78450.0000,81600.0000,0.000,84903.000
2004-11-03,82350.0000,86250.0000,78750.0000,82800.0000,0.000,85029.000
2004-11-04,83850.0000,85650.0000,82950.0000,83700.0000,0.000,85131.000
2004-11-05,86700.0000,86700.0000,84000.0000,85350.0000,0.000,85236.000
2004-11-08,82500.0000,88200.0000,82500.0000,86250.0000,0.000,85338.000
2004-11-09,86250.0000,87000.0000,85200.0000,86250.0000,0.000,85467.000
2004-11-10,82500.0000,89850.0000,82500.0000,89400.0000,0.000,85659.000
2004-11-11,90000.0000,92550.0000,88200.0000,91500.0000,0.000,85851.000
2004-11-12,91950.0000,94950.0000,91950.0000,94350.0000,0.000,86073.000
2004-11-15,95250.0000,96750.0000,90000.0000,95400.0000,0.000,86331.000
2004-11-16,91950.0000,97800.0000,91950.0000,96900.0000,0.000,86544.000
2004-11-17,96750.0000,97050.0000,94050.0000,94050.0000,0.000,86610.000
2004-11-18,98250.0000,99000.0000,91050.0000,92850.0000,0.000,86646.000
2004-11-19,92100.0000,106500.0000,89100.0000,106500.0000,0.000,86991.000
2004-11-22,108750.0000,108750.0000,93900.0000,93900.0000,0.000,86982.000
2004-11-23,93000.0000,95700.0000,88650.0000,95100.0000,0.000,87009.000
2004-11-24,93300.0000,96750.0000,91500.0000,96000.0000,0.000,87105.000
2004-11-26,95550.0000,99300.0000,95400.0000,96150.0000,0.000,87141.000
2004-11-29,92775.0000,96450.0000,92775.0000,95400.0000,0.000,87174.000
2004-11-30,90750.0000,96600.0000,89850.0000,95850.0000,0.000,87216.000
2004-12-01,94950.0000,97800.0000,94950.0000,97800.0000,0.000,87324.000
2004-12-02,97500.0000,100500.0000,97350.0000,99450.0000,0.000,87543.000
2004-12-03,99900.0000,102000.0000,97650.0000,98550.0000,0.000,87765.000
2004-12-06,101775.0000,107400.0000,98250.0000,98550.0000,0.000,87981.000
2004-12-07,99000.0000,99300.0000,94350.0000,96000.0000,0.000,88224.000
2004-12-08,100950.0000,100950.0000,94650.0000,98250.0000,0.000,88518.000
2004-12-09,92550.0000,97950.0000,92550.0000,95100.0000,0.000,88659.000
2004-12-10,96150.0000,97650.0000,95100.0000,95100.0000,0.000,88836.000
2004-12-13,93900.0000,96150.0000,93900.0000,96000.0000,0.000,89043.000
2004-12-14,94800.0000,95235.0000,93150.0000,94500.0000,0.000,89208.000
2004-12-15,92550.0000,95100.0000,91950.0000,93300.0000,0.000,89343.000
2004-12-16,91050.0000,94200.0000,90150.0000,91200.0000,0.000,89445.000
2004-12-17,90300.0000,92100.0000,89100.0000,89100.0000,0.000,89490.000
2004-12-20,87000.0000,95100.0000,87000.0000,90000.0000,0.000,89565.000
2004-12-21,86100.0000,91050.0000,82350.0000,89100.0000,0.000,89790.000
2004-12-22,86400.0000,91800.0000,86400.0000,88050.0000,0.000,89877.000
2004-12-23,88500.0000,91050.0000,87900.0000,90300.0000,0.000,90072.000
2004-12-27,90000.0000,90000.0000,82650.0000,85650.0000,0.000,90192.000
2004-12-28,85050.0000,89250.0000,85050.0000,88050.0000,0.000,90324.000
2004-12-29,90000.0000,91950.0000,89850.0000,91650.0000,0.000,90519.000
2004-12-30,92265.0000,93450.0000,91950.0000,93150.0000,0.000,90747.000
2004-12-31,91500.0000,94050.0000,91500.0000,93900.0000,0.000,90969.000
2005-01-03,97050.0000,97050.0000,91500.0000,94650.0000,0.000,91173.000
2005-01-04,92850.0000,93150.0000,87150.0000,89700.0000,0.000,91302.000
2005-01-05,87150.0000,92250.0000,87150.0000,91500.0000,0.000,91488.000
2005-01-06,91350.0000,92100.0000,90000.0000,92100.0000,0.000,91731.000
2005-01-07,95850.0000,95850.0000,92550.0000,93000.0000,0.000,91923.000
2005-01-10,92100.0000,96750.0000,91950.0000,93900.0000,0.000,92175.000
2005-01-11,96000.0000,96000.0000,90900.0000,91650.0000,0.000,92385.000
2005-01-12,91500.0000,93450.0000,90900.0000,91500.0000,0.000,92601.000
2005-01-13,90000.0000,91500.0000,90000.0000,91350.0000,0.000,92796.000
2005-01-14,87150.0000,94800.0000,87150.0000,90900.0000,0.000,92958.000
2005-01-18,87765.0000,90900.0000,87765.0000,90000.0000,0.000,93084.000
2005-01-19,87300.0000,90450.0000,87150.0000,87750.0000,0.000,93132.000
2005-01-20,87750.0000,88950.0000,85200.0000,86250.0000,0.000,93132.000
2005-01-21,89250.0000,89250.0000,85650.0000,86400.0000,0.000,93135.000
2005-01-24,81615.0000,86400.0000,81600.0000,83100.0000,0.000,93009.000
2005-01-25,87300.0000,87300.0000,81000.0000,81600.0000,0.000,92811.000
2005-01-26,80550.0000,82950.0000,71250.0000,81600.0000,0.000,92556.000
2005-01-27,79950.0000,81600.0000,79650.0000,80850.0000,0.000,92265.000
2005-01-28,79350.0000,80400.0000,70050.0000,80250.0000,0.000,91932.000
2005-01-31,76500.0000,81450.0000,76500.0000,78900.0000,0.000,91629.000
2005-02-01,80700.0000,81150.0000,79200.0000,79950.0000,0.000,91371.000
2005-02-02,78900.0000,82800.0000,78900.0000,81450.0000,0.000,90870.000
2005-02-03,81450.0000,82800.0000,81000.0000,81600.0000,0.000,90624.000
2005-02-04,82050.0000,83550.0000,80550.0000,83550.0000,0.000,90393.000
2005-02-07,82200.0000,86100.0000,82020.0000,84900.0000,0.000,90171.000
2005-02-08,87000.0000,87150.0000,84900.0000,85800.0000,0.000,89964.000
2005-02-09,87000.0000,87000.0000,79470.0000,80700.0000,0.000,89670.000
2005-02-10,78750.0000,84000.0000,78750.0000,83250.0000,0.000,89418.000
2005-02-11,81150.0000,84000.0000,81000.0000,81000.0000,0.000,89082.000
2005-02-14,83250.0000,83850.0000,79200.0000,83550.0000,0.000,88764.000
2005-02-15,81450.0000,84900.0000,81450.0000,83850.0000,0.000,88470.000
2005-02-16,81750.0000,86550.0000,81750.0000,85800.0000,0.000,88215.000
2005-02-17,84150.0000,87750.0000,84150.0000,86550.0000,0.000,88026.000
2005-02-18,87450.0000,88650.0000,86835.0000,88050.0000,0.000,87822.000
2005-02-22,90000.0000,91500.0000,84600.0000,85950.0000,0.000,87639.000
2005-02-23,92850.0000,92850.0000,85500.0000,86250.0000,0.000,87462.000
2005-02-24,86250.0000,93450.0000,85950.0000,86850.0000,0.000,87279.000
2005-02-25,87300.0000,88350.0000,85950.0000,85950.0000,0.000,87108.000
2005-02-28,85500.0000,88500.0000,75750.0000,85815.0000,0.000,86958.300
2005-03-01,82950.0000,87450.0000,82950.0000,87450.0000,0.000,86883.300
2005-03-02,88950.0000,91500.0000,86700.0000,87300.0000,0.000,86847.300
2005-03-03,87300.0000,87450.0000,83700.0000,83700.0000,0.000,86721.300
2005-03-04,85200.0000,86400.0000,81300.0000,82200.0000,0.000,86583.300
2005-03-07,82050.0000,84150.0000,77850.0000,80550.0000,0.000,86433.300
2005-03-08,78750.0000,82350.0000,78750.0000,81300.0000,0.000,86253.300
2005-03-09,81150.0000,84600.0000,80400.0000,84450.0000,0.000,86229.300
2005-03-10,85200.0000,85650.0000,81000.0000,81900.0000,0.000,86106.300
2005-03-11,79800.0000,82800.0000,79800.0000,82050.0000,0.000,85914.300
2005-03-14,82800.0000,85500.0000,79050.0000,84750.0000,0.000,85746.300
2005-03-15,82650.0000,83700.0000,81000.0000,81750.0000,0.000,85503.300
2005-03-16,76500.0000,82500.0000,76500.0000,78600.0000,0.000,85182.300
2005-03-17,76650.0000,79950.0000,76650.0000,79950.0000,0.000,84987.300
2005-03-18,79950.0000,80250.0000,79050.0000,80250.0000,0.000,84762.300
2005-03-21,79800.0000,81150.0000,78450.0000,78600.0000,0.000,84492.300
2005-03-22,79350.0000,81300.0000,78600.0000,78600.0000,0.000,84204.300
2005-03-23,80100.0000,82200.0000,79800.0000,81000.0000,0.000,83946.300
2005-03-24,78900.0000,82065.0000,78900.0000,81315.0000,0.000,83739.600
2005-03-28,80400.0000,81450.0000,80400.0000,81000.0000,0.000,83529.600
2005-03-29,82950.0000,84750.0000,81450.0000,81600.0000,0.000,83334.600
2005-03-30,79500.0000,81900.0000,78750.0000,78750.0000,0.000,83091.600
2005-03-31,80700.0000,82950.0000,76800.0000,76800.0000,0.000,82827.600
2005-04-01,76500.0000,78600.0000,73800.0000,74100.0000,0.000,82554.600
2005-04-04,74250.0000,77850.0000,74100.0000,77850.0000,0.000,82386.600
2005-04-05,78450.0000,80250.0000,78450.0000,79200.0000,0.000,82242.600
2005-04-06,80100.0000,83550.0000,78450.0000,83250.0000,0.000,82245.600
2005-04-07,86250.0000,86250.0000,79500.0000,80400.0000,0.000,82221.600
2005-04-08,78450.0000,80700.0000,75330.0000,79950.0000,0.000,82188.600
2005-04-11,78000.0000,80400.0000,78000.0000,79650.0000,0.000,82164.600
2005-04-12,77700.0000,81300.0000,68250.0000,79500.0000,0.000,82149.600
2005-04-13,77550.0000,80100.0000,77550.0000,78750.0000,0.000,82146.600
2005-04-14,76800.0000,79800.0000,76200.0000,76200.0000,0.000,82071.600
2005-04-15,74250.0000,81600.0000,73500.0000,79500.0000,0.000,82032.600
2005-04-18,77850.0000,77850.0000,74100.0000,75600.0000,0.000,81912.600
2005-04-19,76800.0000,76800.0000,73500.0000,75750.0000,0.000,81756.600
2005-04-20,76650.0000,76650.0000,74550.0000,75450.0000,0.000,81567.600
2005-04-21,71250.0000,76200.0000,71250.0000,76200.0000,0.000,81375.600
2005-04-22,76650.0000,76950.0000,75300.0000,76350.0000,0.000,81288.600
2005-04-25,76500.0000,76800.0000,75300.0000,75300.0000,0.000,81129.600
2005-04-26,75150.0000,75750.0000,72750.0000,73050.0000,0.000,80970.600
2005-04-27,71400.0000,75900.0000,70500.0000,75750.0000,0.000,80814.600
2005-04-28,74250.0000,76500.0000,72000.0000,72000.0000,0.000,80577.600
2005-04-29,72900.0000,73200.0000,71250.0000,73200.0000,0.000,80325.600
2005-05-02,73500.0000,73950.0000,70950.0000,73350.0000,0.000,80061.600
2005-05-03,72750.0000,74400.0000,68700.0000,74100.0000,0.000,79782.600
2005-05-04,72000.0000,79050.0000,72000.0000,77700.0000,0.000,79617.600
2005-05-05,82500.0000,88200.0000,75300.0000,76800.0000,0.000,79428.600
2005-05-06,76650.0000,79500.0000,76650.0000,78000.0000,0.000,79251.600
2005-05-09,77250.0000,81000.0000,77250.0000,80700.0000,0.000,79146.600
2005-05-10,79800.0000,81900.0000,75900.0000,79500.0000,0.000,79020.300
2005-05-11,77550.0000,80400.0000,75600.0000,75600.0000,0.000,78783.300
2005-05-12,76350.0000,79200.0000,73950.0000,74250.0000,0.000,78522.300
2005-05-13,77850.0000,79950.0000,73950.0000,74100.0000,0.000,78330.300
2005-05-16,75000.0000,75000.0000,73350.0000,75000.0000,0.000,78186.300
2005-05-17,73500.0000,74250.0000,72150.0000,72600.0000,0.000,78027.300
2005-05-18,72600.0000,73500.0000,71400.0000,71550.0000,0.000,77832.300
2005-05-19,68400.0000,73500.0000,68400.0000,72150.0000,0.000,77586.300
2005-05-20,72150.0000,74250.0000,71100.0000,74250.0000,0.000,77433.300
2005-05-23,72450.0000,74250.0000,72450.0000,74100.0000,0.000,77274.300
2005-05-24,72150.0000,74550.0000,72000.0000,74400.0000,0.000,77067.300
2005-05-25,75000.0000,75000.0000,71850.0000,72750.0000,0.000,76887.300
2005-05-26,73200.0000,73200.0000,71400.0000,72150.0000,0.000,76758.300
2005-05-27,73050.0000,74100.0000,72300.0000,73200.0000,0.000,76623.300
2005-05-31,74250.0000,74250.0000,72450.0000,72450.0000,0.000,76467.300
2005-06-01,72900.0000,75000.0000,72900.0000,74400.0000,0.000,76383.300
2005-06-02,73650.0000,74250.0000,72900.0000,73200.0000,0.000,76275.300
2005-06-03,74250.0000,74250.0000,72150.0000,73050.0000,0.000,76116.300
2005-06-06,73500.0000,73500.0000,70350.0000,70500.0000,0.000,75900.000
2005-06-07,70800.0000,70800.0000,68400.0000,68400.0000,0.000,75648.000
2005-06-08,69750.0000,70500.0000,67200.0000,67650.0000,0.000,75369.000
2005-06-09,66000.0000,69000.0000,64950.0000,67650.0000,0.000,75147.000
2005-06-10,66300.0000,67950.0000,66300.0000,67650.0000,0.000,74964.000
2005-06-13,66300.0000,70050.0000,66300.0000,69450.0000,0.000,74871.000
2005-06-14,69750.0000,71850.0000,69750.0000,71850.0000,0.000,74751.000
2005-06-15,70050.0000,72450.0000,70050.0000,71700.0000,0.000,74601.000
2005-06-16,74100.0000,74100.0000,60000.0000,71700.0000,0.000,74370.000
2005-06-17,73500.0000,73500.0000,69750.0000,69900.0000,0.000,74160.000
2005-06-20,70200.0000,72750.0000,70200.0000,70800.0000,0.000,73977.000
2005-06-21,74100.0000,74100.0000,70950.0000,73050.0000,0.000,73845.000
2005-06-22,72750.0000,72900.0000,70350.0000,71400.0000,0.000,73683.000
2005-06-23,71700.0000,72600.0000,70800.0000,71700.0000,0.000,73542.000
2005-06-24,70950.0000,72000.0000,69450.0000,70350.0000,0.000,73425.000
2005-06-27,72000.0000,72300.0000,68850.0000,68850.0000,0.000,73212.000
2005-06-28,67200.0000,70650.0000,67200.0000,69600.0000,0.000,73092.000
2005-06-29,69750.0000,70650.0000,68100.0000,69450.0000,0.000,72966.000
2005-06-30,68250.0000,69300.0000,67800.0000,69150.0000,0.000,72840.000
2005-07-01,65550.0000,66315.0000,63150.0000,64800.0000,0.000,72612.000
2005-07-05,63750.0000,67500.0000,63750.0000,66000.0000,0.000,72405.000
2005-07-06,66600.0000,68100.0000,64800.0000,66900.0000,0.000,72237.000
2005-07-07,65400.0000,69300.0000,65400.0000,66150.0000,0.000,72099.000
2005-07-08,68700.0000,68850.0000,66900.0000,67950.0000,0.000,71943.000
2005-07-11,67050.0000,68250.0000,66000.0000,66630.0000,0.000,71835.600
2005-07-12,65100.0000,69000.0000,65100.0000,67500.0000,0.000,71721.600
2005-07-13,65850.0000,66900.0000,65850.0000,66600.0000,0.000,71586.600
2005-07-14,66300.0000,66900.0000,65700.0000,66000.0000,0.000,71424.600
2005-07-15,63750.0000,67200.0000,63750.0000,66900.0000,0.000,71208.600
2005-07-18,64800.0000,72000.0000,64800.0000,70500.0000,0.000,71082.600
2005-07-19,71850.0000,72000.0000,68700.0000,69150.0000,0.000,70905.600
2005-07-20,67800.0000,71250.0000,67200.0000,68850.0000,0.000,70668.600
2005-07-21,68250.0000,74850.0000,67950.0000,73650.0000,0.000,70551.600
2005-07-22,73650.0000,73650.0000,70800.0000,71850.0000,0.000,70476.600
2005-07-25,71100.0000,72000.0000,70650.0000,70950.0000,0.000,70410.600
2005-07-26,70650.0000,70950.0000,69750.0000,70350.0000,0.000,70335.600
2005-07-27,69900.0000,69900.0000,68250.0000,68400.0000,0.000,70203.600
2005-07-28,69000.0000,69450.0000,67950.0000,67950.0000,0.000,70110.600
2005-07-29,70650.0000,73050.0000,67800.0000,72750.0000,0.000,70134.600
2005-08-01,73200.0000,73950.0000,72000.0000,72600.0000,0.000,70143.600
2005-08-02,73350.0000,76050.0000,70650.0000,72600.0000,0.000,70110.600
2005-08-03,74100.0000,86250.0000,74100.0000,74850.0000,0.000,70125.600
2005-08-04,76800.0000,76800.0000,72300.0000,72750.0000,0.000,70092.600
2005-08-05,75600.0000,75600.0000,68280.0000,73200.0000,0.000,70101.600
2005-08-08,72300.0000,72300.0000,69600.0000,69600.0000,0.000,70050.600
2005-08-09,68250.0000,74400.0000,68250.0000,73050.0000,0.000,70047.600
2005-08-10,74550.0000,75000.0000,70950.0000,74100.0000,0.000,70080.600
2005-08-11,75000.0000,75000.0000,71400.0000,73500.0000,0.000,70062.600
2005-08-12,73200.0000,73500.0000,71250.0000,71550.0000,0.000,70029.600
2005-08-15,71250.0000,74398.5000,70200.0000,73950.0000,0.000,70047.600
2005-08-16,74550.0000,75900.0000,72600.0000,74550.0000,0.000,70128.600
2005-08-17,73500.0000,73800.0000,70950.0000,72750.0000,0.000,70215.600
2005-08-18,71400.0000,73200.0000,70500.0000,72300.0000,0.000,70308.600
2005-08-19,70800.0000,73350.0000,70500.0000,70950.0000,0.000,70374.600
2005-08-22,70500.0000,74100.0000,70500.0000,73500.0000,0.000,70491.600
2005-08-23,73500.0000,74100.0000,72900.0000,73050.0000,0.000,70563.600
2005-08-24,74100.0000,74550.0000,73200.0000,73800.0000,0.000,70602.600
2005-08-25,75000.0000,75000.0000,73350.0000,74100.0000,0.000,70650.600
2005-08-26,75300.0000,75300.0000,74250.0000,75300.0000,0.000,70722.600
2005-08-29,75300.0000,75750.0000,74400.0000,74550.0000,0.000,70815.600
2005-08-30,76800.0000,76800.0000,74250.0000,75000.0000,0.000,70899.600
2005-08-31,73350.0000,75450.0000,72750.0000,72900.0000,0.000,70896.600
2005-09-01,72600.0000,75000.0000,72150.0000,73050.0000,0.000,70929.600
2005-09-02,72000.0000,74100.0000,71850.0000,73350.0000,0.000,70962.600
2005-09-06,73200.0000,74400.0000,72000.0000,73050.0000,0.000,71016.600
2005-09-07,73200.0000,75300.0000,72000.0000,74100.0000,0.000,71121.600
2005-09-08,73350.0000,76350.0000,73350.0000,76050.0000,0.000,71250.600
2005-09-09,75300.0000,79200.0000,75150.0000,79050.0000,0.000,71442.600
2005-09-12,80550.0000,83700.0000,78450.0000,80250.0000,0.000,71664.600
2005-09-13,81900.0000,83100.0000,80250.0000,83100.0000,0.000,72030.600
2005-09-14,85500.0000,85500.0000,76650.0000,77250.0000,0.000,72255.600
2005-09-15,77550.0000,80250.0000,76950.0000,78750.0000,0.000,72492.600
2005-09-16,80400.0000,83250.0000,74250.0000,74400.0000,0.000,72657.600
2005-09-19,77700.0000,79350.0000,75450.0000,77400.0000,0.000,72846.600
2005-09-20,79800.0000,79800.0000,75600.0000,77850.0000,0.000,73071.000
2005-09-21,81000.0000,81000.0000,75000.0000,76950.0000,0.000,73260.000
2005-09-22,77700.0000,78750.0000,74550.0000,74550.0000,0.000,73419.000
2005-09-23,74250.0000,76050.0000,73500.0000,73500.0000,0.000,73569.000
2005-09-26,75600.0000,75600.0000,72600.0000,73200.0000,0.000,73695.000
2005-09-27,73650.0000,73650.0000,71400.0000,72300.0000,0.000,73731.000
2005-09-28,71250.0000,73350.0000,71250.0000,72150.0000,0.000,73791.000
2005-09-29,74400.0000,74400.0000,70350.0000,70350.0000,0.000,73821.000
2005-09-30,71400.0000,73500.0000,71250.0000,72000.0000,0.000,73788.000
2005-10-03,71250.0000,73050.0000,71250.0000,72750.0000,0.000,73806.000
2005-10-04,71700.0000,72450.0000,68250.0000,70350.0000,0.000,73794.000
2005-10-05,71100.0000,71700.0000,70500.0000,71400.0000,0.000,73815.000
2005-10-06,68250.0000,71850.0000,67950.0000,68400.0000,0.000,73815.000
2005-10-07,68250.0000,71550.0000,68250.0000,71550.0000,0.000,73887.000
2005-10-10,71550.0000,73350.0000,70950.0000,71400.0000,0.000,73860.000
2005-10-11,71250.0000,72000.0000,69450.0000,72000.0000,0.000,73848.000
2005-10-12,71850.0000,72750.0000,69600.0000,72750.0000,0.000,73851.000
2005-10-13,69600.0000,71700.0000,69000.0000,70950.0000,0.000,73773.000
2005-10-14,69300.0000,72000.0000,69150.0000,72000.0000,0.000,73758.000
2005-10-17,70650.0000,72600.0000,70050.0000,71250.0000,0.000,73719.000
2005-10-18,71250.0000,72000.0000,69750.0000,71400.0000,0.000,73755.000
2005-10-19,71400.0000,72600.0000,70200.0000,72600.0000,0.000,73746.000
2005-10-20,71550.0000,71700.0000,70950.0000,71400.0000,0.000,73692.000
2005-10-21,71400.0000,72000.0000,70650.0000,71250.0000,0.000,73647.000
2005-10-24,69900.0000,71700.0000,69900.0000,71700.0000,0.000,73650.000
2005-10-25,70500.0000,72300.0000,70500.0000,72150.0000,0.000,73614.000
2005-10-26,70650.0000,73050.0000,70500.0000,71100.0000,0.000,73545.000
2005-10-27,70950.0000,71700.0000,70650.0000,71700.0000,0.000,73524.000
2005-10-28,71550.0000,71550.0000,70500.0000,70500.0000,0.000,73488.000
2005-10-31,71850.0000,72150.0000,70650.0000,72150.0000,0.000,73512.000
2005-11-01,71700.0000,73050.0000,70500.0000,72450.0000,0.000,73491.000
2005-11-02,70950.0000,77100.0000,70950.0000,75600.0000,0.000,73542.000
2005-11-03,77250.0000,77400.0000,71100.0000,72000.0000,0.000,73506.000
2005-11-04,70500.0000,74850.0000,70500.0000,73650.0000,0.000,73497.000
2005-11-07,72150.0000,74700.0000,72150.0000,73500.0000,0.000,73461.000
2005-11-08,75300.0000,75300.0000,72600.0000,73350.0000,0.000,73437.000
2005-11-09,72600.0000,76800.0000,72450.0000,73650.0000,0.000,73410.000
2005-11-10,75150.0000,75150.0000,73650.0000,74400.0000,0.000,73440.000
2005-11-11,74850.0000,75450.0000,73500.0000,74400.0000,0.000,73467.000
2005-11-14,74100.0000,74400.0000,70650.0000,72450.0000,0.000,73449.000
2005-11-15,72450.0000,72450.0000,67950.0000,68550.0000,0.000,73359.000
2005-11-16,67650.0000,71850.0000,67650.0000,68250.0000,0.000,73242.000
2005-11-17,67500.0000,68550.0000,66900.0000,67800.0000,0.000,73077.000
2005-11-18,69300.0000,70650.0000,61800.0000,62250.0000,0.000,72741.000
2005-11-21,63450.0000,67200.0000,61500.0000,63000.0000,0.000,72396.000
2005-11-22,63000.0000,66750.0000,63000.0000,65850.0000,0.000,72051.000
2005-11-23,67200.0000,67800.0000,66000.0000,66000.0000,0.000,71826.000
2005-11-25,67800.0000,67800.0000,65700.0000,65700.0000,0.000,71565.000
2005-11-28,67800.0000,67800.0000,66300.0000,66600.0000,0.000,71409.000
2005-11-29,66750.0000,67950.0000,66150.0000,67050.0000,0.000,71202.000
2005-11-30,67050.0000,67650.0000,65550.0000,67050.0000,0.000,70986.000
2005-12-01,67800.0000,67800.0000,65100.0000,66750.0000,0.000,70782.000
2005-12-02,66750.0000,66900.0000,64950.0000,65700.0000,0.000,70605.000
2005-12-05,66750.0000,66750.0000,63750.0000,66300.0000,0.000,70461.000
2005-12-06,64350.0000,66150.0000,64350.0000,65250.0000,0.000,70302.000
2005-12-07,65550.0000,66300.0000,64650.0000,66000.0000,0.000,70176.000
2005-12-08,67500.0000,72000.0000,66750.0000,71550.0000,0.000,70164.000
2005-12-09,71550.0000,74400.0000,71400.0000,71550.0000,0.000,70188.000
2005-12-12,73800.0000,73800.0000,71550.0000,72000.0000,0.000,70188.000
2005-12-13,72900.0000,74550.0000,72000.0000,74460.0000,0.000,70222.200
2005-12-14,72600.0000,74700.0000,72600.0000,73350.0000,0.000,70282.200
2005-12-15,72750.0000,73950.0000,72450.0000,73950.0000,0.000,70333.200
2005-12-16,74400.0000,75000.0000,74100.0000,74700.0000,0.000,70459.200
2005-12-19,73800.0000,74850.0000,73500.0000,74400.0000,0.000,70516.200
2005-12-20,74400.0000,75750.0000,73650.0000,74250.0000,0.000,70573.200
2005-12-21,74250.0000,74700.0000,73500.0000,74250.0000,0.000,70618.200
2005-12-22,74850.0000,75600.0000,74250.0000,75298.5000,0.000,70669.170
2005-12-23,74550.0000,75600.0000,71400.0000,75300.0000,0.000,70756.170
2005-12-27,73350.0000,75150.0000,72750.0000,72900.0000,0.000,70774.170
2005-12-28,71250.0000,76200.0000,71250.0000,75600.0000,0.000,70861.170
2005-12-29,73350.0000,77250.0000,73350.0000,76950.0000,0.000,70972.170
2005-12-30,76050.0000,76650.0000,74250.0000,76500.0000,0.000,71050.170
2006-01-03,77400.0000,78000.0000,75750.0000,78000.0000,0.000,71182.170
2006-01-04,78300.0000,81150.0000,78300.0000,79950.0000,0.000,71356.170
2006-01-05,79200.0000,79350.0000,77400.0000,78750.0000,0.000,71497.170
2006-01-06,76650.0000,80550.0000,76650.0000,80101.5000,0.000,71656.200
2006-01-09,80400.0000,87000.0000,79800.0000,84000.0000,0.000,71914.200
2006-01-10,87150.0000,88200.0000,83850.0000,88050.0000,0.000,72241.200
2006-01-11,88650.0000,98250.0000,86550.0000,94800.0000,0.000,72727.200
2006-01-12,94800.0000,94951.5000,90150.0000,92400.0000,0.000,73132.200
2006-01-13,91650.0000,91650.0000,87150.0000,89850.0000,0.000,73480.200
2006-01-17,89250.0000,92850.0000,89250.0000,91500.0000,0.000,73798.200
2006-01-18,91950.0000,91950.0000,90150.0000,90900.0000,0.000,74176.200
2006-01-19,90300.0000,91050.0000,87900.0000,91050.0000,0.000,74524.200
2006-01-20,91650.0000,92700.0000,91350.0000,91500.0000,0.000,74884.200
2006-01-23,90450.0000,93300.0000,90150.0000,92550.0000,0.000,75268.200
2006-01-24,91950.0000,93150.0000,90900.0000,92100.0000,0.000,75637.200
2006-01-25,90150.0000,92250.0000,90000.0000,90900.0000,0.000,75967.200
2006-01-26,90450.0000,91200.0000,90000.0000,90750.0000,0.000,76294.200
2006-01-27,90150.0000,90750.0000,88800.0000,90300.0000,0.000,76651.200
2006-01-30,90000.0000,90600.0000,88500.0000,89400.0000,0.000,77068.200
2006-01-31,88800.0000,91500.0000,87675.0000,90450.0000,0.000,77512.200
2006-02-01,90450.0000,92400.0000,90000.0000,92400.0000,0.000,78004.200
2006-02-02,92400.0000,93000.0000,87900.0000,92250.0000,0.000,78604.200
2006-02-03,91500.0000,94950.0000,90600.0000,94800.0000,0.000,79240.200
2006-02-06,97200.0000,97200.0000,92400.0000,93600.0000,0.000,79795.200
2006-02-07,92700.0000,95400.0000,92400.0000,94350.0000,0.000,80362.200
2006-02-08,92250.0000,94500.0000,91800.0000,94350.0000,0.000,80935.200
2006-02-09,94200.0000,98250.0000,93600.0000,98100.0000,0.000,81565.200
2006-02-10,98700.0000,98700.0000,95400.0000,97050.0000,0.000,82165.200
2006-02-13,96450.0000,97050.0000,94200.0000,96300.0000,0.000,82750.200
2006-02-14,96000.0000,97800.0000,95100.0000,97050.0000,0.000,83356.200
2006-02-15,97800.0000,99300.0000,95700.0000,98850.0000,0.000,84019.200
2006-02-16,100350.0000,100350.0000,92250.0000,98850.0000,0.000,84670.200
2006-02-17,99000.0000,100350.0000,95250.0000,98850.0000,0.000,85342.200
2006-02-21,100050.0000,100050.0000,96000.0000,96000.0000,0.000,85942.200
2006-02-22,97500.0000,97950.0000,94650.0000,97950.0000,0.000,86470.200
2006-02-23,96900.0000,97950.0000,95700.0000,96000.0000,0.000,86959.200
2006-02-24,95100.0000,96300.0000,93300.0000,93600.0000,0.000,87391.200
2006-02-27,92700.0000,96450.0000,92700.0000,94500.0000,0.000,87792.000
2006-02-28,96000.0000,96000.0000,89850.0000,91200.0000,0.000,88149.000
2006-03-01,90150.0000,95550.0000,90150.0000,94500.0000,0.000,88560.000
2006-03-02,93000.0000,96450.0000,88050.0000,91200.0000,0.000,88890.000
2006-03-03,92700.0000,92700.0000,89700.0000,90600.0000,0.000,89214.000
2006-03-06,90300.0000,90450.0000,88050.0000,88200.0000,0.000,89493.000
2006-03-07,87900.0000,89700.0000,87300.0000,89100.0000,0.000,89790.000
2006-03-08,97950.0000,97950.0000,89250.0000,91650.0000,0.000,90117.030
2006-03-09,92700.0000,93450.0000,91500.0000,92400.0000,0.000,90459.030
2006-03-10,95850.0000,96750.0000,92400.0000,95550.0000,0.000,90912.030
2006-03-13,94950.0000,96300.0000,93150.0000,95100.0000,0.000,91302.030
2006-03-14,95250.0000,97200.0000,94650.0000,96750.0000,0.000,91698.030
2006-03-15,97500.0000,97500.0000,92700.0000,93150.0000,0.000,92031.030
2006-03-16,96300.0000,96300.0000,92745.0000,95100.0000,0.000,92373.030
2006-03-17,93000.0000,94950.0000,90900.0000,93300.0000,0.000,92640.030
2006-03-20,92400.0000,92415.0000,89850.0000,90750.0000,0.000,92880.030
2006-03-21,92250.0000,94500.0000,90300.0000,93450.0000,0.000,93147.000
2006-03-22,90150.0000,94350.0000,90000.0000,90600.0000,0.000,93279.000
2006-03-23,90000.0000,92850.0000,89850.0000,92550.0000,0.000,93369.000
2006-03-24,91500.0000,93300.0000,91500.0000,92700.0000,0.000,93327.000
2006-03-27,92850.0000,95550.0000,92850.0000,94950.0000,0.000,93378.000
2006-03-28,94050.0000,95550.0000,93000.0000,93000.0000,0.000,93441.000
2006-03-29,93750.0000,95250.0000,93000.0000,94200.0000,0.000,93495.000
2006-03-30,93300.0000,97800.0000,93300.0000,97800.0000,0.000,93633.000
2006-03-31,98100.0000,100050.0000,96900.0000,99450.0000,0.000,93801.000
2006-04-03,99150.0000,104850.0000,99000.0000,104850.0000,0.000,94068.000
2006-04-04,105000.0000,111000.0000,103500.0000,111000.0000,0.000,94437.000
2006-04-05,112500.0000,113250.0000,106950.0000,108450.0000,0.000,94764.000
2006-04-06,108750.0000,109650.0000,104400.0000,105600.0000,0.000,95058.000
2006-04-07,105300.0000,106350.0000,103200.0000,103500.0000,0.000,95313.000
2006-04-10,105000.0000,109200.0000,103500.0000,107250.0000,0.000,95652.000
2006-04-11,106050.0000,108150.0000,106050.0000,106350.0000,0.000,95991.000
2006-04-12,104250.0000,106350.0000,102000.0000,104850.0000,0.000,96279.000
2006-04-13,106050.0000,106050.0000,100800.0000,103950.0000,0.000,96510.000
2006-04-17,106050.0000,107550.0000,104550.0000,105750.0000,0.000,96780.000
2006-04-18,105000.0000,107100.0000,105000.0000,106200.0000,0.000,97008.000
2006-04-19,105300.0000,106350.0000,104700.0000,105300.0000,0.000,97242.000
2006-04-20,104400.0000,108450.0000,104400.0000,106500.0000,0.000,97485.000
2006-04-21,105300.0000,108300.0000,105300.0000,106350.0000,0.000,97725.000
2006-04-24,108150.0000,109050.0000,105468.0000,108300.0000,0.000,97929.000
2006-04-25,107100.0000,107700.0000,104250.0000,106050.0000,0.000,98109.000
2006-04-26,99750.0000,107100.0000,99750.0000,104700.0000,0.000,98277.000
2006-04-27,104100.0000,105750.0000,102750.0000,105000.0000,0.000,98436.000
2006-04-28,105300.0000,107100.0000,102450.0000,106200.0000,0.000,98583.000
2006-05-01,106050.0000,106950.0000,104700.0000,105450.0000,0.000,98715.000
2006-05-02,105000.0000,108000.0000,104100.0000,108000.0000,0.000,98898.000
2006-05-03,109050.0000,109500.0000,105000.0000,106948.5000,0.000,99116.970
2006-05-04,107100.0000,107700.0000,106050.0000,106950.0000,0.000,99296.970
2006-05-05,106800.0000,111750.0000,105600.0000,109200.0000,0.000,99560.970
2006-05-08,111150.0000,111150.0000,106200.0000,107850.0000,0.000,99845.970
2006-05-09,108750.0000,110400.0000,106200.0000,108750.0000,0.000,100130.970
2006-05-10,108600.0000,108900.0000,106950.0000,108150.0000,0.000,100469.970
2006-05-11,106500.0000,108450.0000,97500.0000,105600.0000,0.000,100691.970
2006-05-12,105600.0000,105600.0000,100350.0000,101250.0000,0.000,100892.970
2006-05-15,100500.0000,100500.0000,96900.0000,99150.0000,0.000,101063.970
2006-05-16,98250.0000,100350.0000,97950.0000,99750.0000,0.000,101294.970
2006-05-17,101250.0000,101250.0000,96600.0000,96600.0000,0.000,101444.970
2006-05-18,95100.0000,96150.0000,93750.0000,93900.0000,0.000,101489.970
2006-05-19,94050.0000,94050.0000,91500.0000,93150.0000,0.000,101504.970
2006-05-22,92400.0000,92850.0000,90150.0000,90450.0000,0.000,101402.970
2006-05-23,90600.0000,95550.0000,90450.0000,94500.0000,0.000,101390.970
2006-05-24,95250.0000,95250.0000,93150.0000,93900.0000,0.000,101333.970
2006-05-25,94500.0000,94950.0000,91650.0000,92550.0000,0.000,101321.970
2006-05-26,93300.0000,95250.0000,92550.0000,95250.0000,0.000,101324.970
2006-05-30,93000.0000,97350.0000,93000.0000,94500.0000,0.000,101348.970
2006-05-31,94200.0000,101496.0000,94200.0000,101250.0000,0.000,101558.970
2006-06-01,101400.0000,106050.0000,98250.0000,103500.0000,0.000,101759.970
2006-06-02,103500.0000,105750.0000,98550.0000,105750.0000,0.000,102062.970
2006-06-05,106500.0000,106500.0000,100800.0000,103200.0000,0.000,102275.970
2006-06-06,103200.0000,103200.0000,93900.0000,93900.0000,0.000,102299.970
2006-06-07,93600.0000,100050.0000,93300.0000,97800.0000,0.000,102356.970
2006-06-08,97800.0000,97800.0000,87450.0000,90750.0000,0.000,102311.970
2006-06-09,92250.0000,100050.0000,91650.0000,97050.0000,0.000,102368.970
2006-06-12,97200.0000,97200.0000,88350.0000,89850.0000,0.000,102209.970
2006-06-13,89100.0000,89850.0000,81000.0000,84300.0000,0.000,101906.970
2006-06-14,84000.0000,84450.0000,82200.0000,82350.0000,0.000,101456.970
2006-06-15,82350.0000,87300.0000,82350.0000,87300.0000,0.000,100982.970
2006-06-16,87450.0000,89550.0000,85650.0000,88350.0000,0.000,100580.970
2006-06-19,102750.0000,102750.0000,85650.0000,86100.0000,0.000,100190.970
2006-06-20,86250.0000,86850.0000,83550.0000,84000.0000,0.000,99800.970
2006-06-21,85200.0000,87450.0000,83250.0000,84150.0000,0.000,99338.970
2006-06-22,83700.0000,86700.0000,82500.0000,86250.0000,0.000,98936.970
2006-06-23,86400.0000,89400.0000,85500.0000,88050.0000,0.000,98600.970
2006-06-26,86850.0000,87150.0000,85500.0000,85500.0000,0.000,98231.970
2006-06-27,87150.0000,87150.0000,84750.0000,86550.0000,0.000,97847.970
2006-06-28,86550.0000,87000.0000,84300.0000,85500.0000,0.000,97433.970
2006-06-29,85800.0000,87300.0000,84300.0000,86550.0000,0.000,97058.970
2006-06-30,87750.0000,90000.0000,85050.0000,90000.0000,0.000,96728.970
2006-07-03,90000.0000,91350.0000,85200.0000,88200.0000,0.000,96365.970
2006-07-05,87900.0000,88800.0000,84600.0000,86250.0000,0.000,95924.970
2006-07-06,84600.0000,85950.0000,84450.0000,85200.0000,0.000,95507.970
2006-07-07,85950.0000,85950.0000,83700.0000,83700.0000,0.000,95087.970
2006-07-10,82950.0000,83250.0000,78900.0000,81300.0000,0.000,94613.970
2006-07-11,81600.0000,83100.0000,80400.0000,82350.0000,0.000,94136.970
2006-07-12,81750.0000,83700.0000,79950.0000,82050.0000,0.000,93668.970
2006-07-13,81150.0000,82800.0000,78750.0000,79200.0000,0.000,93092.970
2006-07-14,78750.0000,79800.0000,73500.0000,79200.0000,0.000,92538.000
2006-07-17,78600.0000,79200.0000,73500.0000,73650.0000,0.000,91872.000
2006-07-18,75450.0000,77700.0000,75000.0000,76800.0000,0.000,91224.000
2006-07-19,77550.0000,79350.0000,76500.0000,78300.0000,0.000,90633.000
2006-07-20,79050.0000,80250.0000,78750.0000,78900.0000,0.000,90036.000
2006-07-21,78750.0000,79050.0000,77400.0000,79050.0000,0.000,89454.000
2006-07-24,79800.0000,81300.0000,78900.0000,81000.0000,0.000,88962.000
2006-07-25,80400.0000,81150.0000,78900.0000,79500.0000,0.000,88527.000
2006-07-26,81900.0000,81900.0000,79500.0000,79950.0000,0.000,88143.000
2006-07-27,80700.0000,81450.0000,79200.0000,79650.0000,0.000,87741.000
2006-07-28,79650.0000,79650.0000,78600.0000,78750.0000,0.000,87384.000
2006-07-31,78150.0000,82050.0000,78150.0000,82050.0000,0.000,87147.000
2006-08-01,82350.0000,82350.0000,80550.0000,81750.0000,0.000,86919.000
2006-08-02,81480.0000,82200.0000,80100.0000,80100.0000,0.000,86712.000
2006-08-03,79650.0000,85200.0000,79650.0000,85050.0000,0.000,86523.000
2006-08-04,83850.0000,83850.0000,80700.0000,81300.0000,0.000,86271.000
2006-08-07,81000.0000,81000.0000,78150.0000,78150.0000,0.000,85983.000
2006-08-08,78150.0000,82950.0000,77850.0000,78750.0000,0.000,85653.000
2006-08-09,78900.0000,79800.0000,78600.0000,78900.0000,0.000,85341.000
2006-08-10,80850.0000,80850.0000,78900.0000,78900.0000,0.000,84894.000
2006-08-11,80850.0000,83850.0000,76200.0000,79050.0000,0.000,84405.000
2006-08-14,86100.0000,86100.0000,73650.0000,79050.0000,0.000,83871.000
2006-08-15,79800.0000,79800.0000,77700.0000,78450.0000,0.000,83376.000
2006-08-16,78750.0000,80400.0000,78450.0000,79200.0000,0.000,83082.000
2006-08-17,78750.0000,81000.0000,77250.0000,78450.0000,0.000,82695.000
2006-08-18,77550.0000,78360.0000,77550.0000,78300.0000,0.000,82446.000
2006-08-21,78750.0000,80250.0000,77850.0000,80100.0000,0.000,82107.000
2006-08-22,79800.0000,80850.0000,79800.0000,80400.0000,0.000,81918.000
2006-08-23,79950.0000,81750.0000,79950.0000,80850.0000,0.000,81849.000
2006-08-24,81450.0000,81900.0000,81450.0000,81600.0000,0.000,81834.000
2006-08-25,81300.0000,82350.0000,81300.0000,81450.0000,0.000,81717.000
2006-08-28,81450.0000,81750.0000,80850.0000,81450.0000,0.000,81579.000
2006-08-29,81900.0000,82500.0000,81900.0000,82050.0000,0.000,81498.000
2006-08-30,82050.0000,82500.0000,81600.0000,82050.0000,0.000,81459.000
2006-08-31,81000.0000,82350.0000,79800.0000,81750.0000,0.000,81411.000
2006-09-01,80100.0000,82500.0000,80100.0000,81750.0000,0.000,81321.000
2006-09-05,81450.0000,83550.0000,81450.0000,82950.0000,0.000,81219.000
2006-09-06,83700.0000,90300.0000,83700.0000,85650.0000,0.000,81222.000
2006-09-07,88500.0000,88500.0000,82200.0000,82950.0000,0.000,81150.000
2006-09-08,80100.0000,83250.0000,80100.0000,81000.0000,0.000,81060.000
2006-09-11,81000.0000,81000.0000,79650.0000,80400.0000,0.000,80937.000
2006-09-12,80700.0000,80850.0000,79200.0000,80850.0000,0.000,80754.000
2006-09-13,80400.0000,80550.0000,80100.0000,80400.0000,0.000,80598.000
2006-09-14,81600.0000,81600.0000,79500.0000,79950.0000,0.000,80472.000
2006-09-15,79350.0000,79950.0000,78450.0000,79950.0000,0.000,80367.000
2006-09-18,79350.0000,83250.0000,79350.0000,83250.0000,0.000,80358.000
2006-09-19,83700.0000,85350.0000,79200.0000,79800.0000,0.000,80328.000
2006-09-20,79200.0000,79650.0000,76950.0000,78300.0000,0.000,80247.000
2006-09-21,84000.0000,84000.0000,77850.0000,79200.0000,0.000,80190.000
2006-09-22,85500.0000,85500.0000,78450.0000,79200.0000,0.000,80190.000
2006-09-25,78150.0000,84000.0000,77550.0000,78600.0000,0.000,80178.000
2006-09-26,77850.0000,79050.0000,75000.0000,77100.0000,0.000,80247.000
2006-09-27,76890.0000,79650.0000,75450.0000,79050.0000,0.000,80292.000
2006-09-28,78300.0000,79800.0000,77550.0000,78450.0000,0.000,80295.000
2006-09-29,77400.0000,77700.0000,76350.0000,76950.0000,0.000,80256.000
2006-10-02,76200.0000,78000.0000,75750.0000,76800.0000,0.000,80211.000
2006-10-03,82050.0000,82050.0000,75900.0000,76650.0000,0.000,80124.000
2006-10-04,76800.0000,77100.0000,75450.0000,76800.0000,0.000,80070.000
2006-10-05,76200.0000,78300.0000,76200.0000,76950.0000,0.000,80010.000
2006-10-06,77850.0000,77850.0000,75900.0000,76350.0000,0.000,79944.000
2006-10-09,76351.5000,77550.0000,76350.0000,76800.0000,0.000,79905.000
2006-10-10,76500.0000,76500.0000,72600.0000,75750.0000,0.000,79779.000
2006-10-11,74250.0000,75000.0000,71700.0000,73500.0000,0.000,79614.000
2006-10-12,73500.0000,74250.0000,71850.0000,73200.0000,0.000,79476.000
2006-10-13,72750.0000,76500.0000,72000.0000,75750.0000,0.000,79290.000
2006-10-16,75750.0000,77250.0000,75300.0000,77100.0000,0.000,79206.000
2006-10-17,76500.0000,79800.0000,76500.0000,79500.0000,0.000,79233.000
2006-10-18,77700.0000,81000.0000,77700.0000,80100.0000,0.000,79260.000
2006-10-19,80700.0000,80850.0000,80250.0000,80850.0000,0.000,79299.000
2006-10-20,79800.0000,81300.0000,79800.0000,80400.0000,0.000,79329.000
2006-10-23,81300.0000,81300.0000,77086.5000,78360.0000,0.000,79315.200
2006-10-24,77850.0000,79200.0000,76800.0000,79050.0000,0.000,79315.200
2006-10-25,78150.0000,78600.0000,76800.0000,77250.0000,0.000,79291.200
2006-10-26,77100.0000,78300.0000,75450.0000,76350.0000,0.000,79234.200
2006-10-27,78000.0000,79200.0000,76050.0000,77250.0000,0.000,79210.200
2006-10-30,77250.0000,77550.0000,75300.0000,76500.0000,0.000,79174.200
2006-10-31,75000.0000,77550.0000,75000.0000,76500.0000,0.000,79102.200
2006-11-01,78000.0000,78000.0000,75000.0000,75750.0000,0.000,79009.200
2006-11-02,75300.0000,75750.0000,73200.0000,75150.0000,0.000,78895.200
2006-11-03,75900.0000,76050.0000,75150.0000,75900.0000,0.000,78781.200
2006-11-06,76500.0000,77400.0000,75150.0000,76200.0000,0.000,78676.200
2006-11-07,75450.0000,76200.0000,74550.0000,75150.0000,0.000,78550.200
2006-11-08,76350.0000,76500.0000,75150.0000,76050.0000,0.000,78430.200
2006-11-09,77700.0000,77700.0000,75750.0000,76650.0000,0.000,78322.200
2006-11-10,76050.0000,78000.0000,76050.0000,77850.0000,0.000,78244.200
2006-11-13,79350.0000,79350.0000,76650.0000,77850.0000,0.000,78166.200
2006-11-14,77550.0000,79350.0000,77550.0000,78900.0000,0.000,78085.200
2006-11-15,79650.0000,79650.0000,77250.0000,78300.0000,0.000,77938.200
2006-11-16,77700.0000,79200.0000,77700.0000,78150.0000,0.000,77842.200
2006-11-17,77400.0000,79050.0000,77400.0000,79050.0000,0.000,77803.200
2006-11-20,79500.0000,79500.0000,77850.0000,78600.0000,0.000,77767.200
2006-11-21,79350.0000,79350.0000,77550.0000,78150.0000,0.000,77713.200
2006-11-22,78900.0000,79350.0000,78900.0000,79050.0000,0.000,77686.200
2006-11-24,79200.0000,79650.0000,78450.0000,79500.0000,0.000,77677.200
2006-11-27,84750.0000,84750.0000,79050.0000,79800.0000,0.000,77674.200
2006-11-28,81000.0000,81450.0000,79050.0000,81450.0000,0.000,77638.200
2006-11-29,82500.0000,82500.0000,78750.0000,78867.0000,0.000,77619.540
2006-11-30,79065.0000,80250.0000,78900.0000,79500.0000,0.000,77643.540
2006-12-01,79764.0000,79800.0000,78750.0000,79650.0000,0.000,77652.540
2006-12-04,78750.0000,80850.0000,78750.0000,79500.0000,0.000,77658.540
2006-12-05,79455.0000,79455.0000,78450.0000,78750.0000,0.000,77661.540
2006-12-06,78300.0000,80250.0000,78300.0000,79032.0000,0.000,77700.180
2006-12-07,79650.0000,80550.0000,78300.0000,78300.0000,0.000,77685.180
2006-12-08,80100.0000,80250.0000,78750.0000,79917.0000,0.000,77714.520
2006-12-11,79650.0000,87000.0000,79650.0000,85650.0000,0.000,77888.520
2006-12-12,86100.0000,86250.0000,83700.0000,84600.0000,0.000,78044.520
2006-12-13,84900.0000,84900.0000,81750.0000,82050.0000,0.000,78152.520
2006-12-14,83700.0000,84600.0000,81750.0000,82077.0000,0.000,78258.060
2006-12-15,83700.0000,88350.0000,83251.5000,88320.0000,0.000,78485.460
2006-12-18,87600.0000,90300.0000,87150.0000,89550.0000,0.000,78749.460
2006-12-19,90750.0000,90750.0000,89100.0000,89100.0000,0.000,78995.460
2006-12-20,89550.0000,92100.0000,89400.0000,91599.0000,0.000,79312.440
2006-12-21,92250.0000,92250.0000,90577.5000,90960.0000,0.000,79661.640
2006-12-22,91200.0000,91800.0000,90150.0000,90450.0000,0.000,80006.640
2006-12-26,92100.0000,92700.0000,91500.0000,91950.0000,0.000,80330.640
2006-12-27,92700.0000,92700.0000,58950.0000,63150.0000,0.000,80051.640
2006-12-28,64500.0000,64650.0000,60000.0000,60900.0000,0.000,79679.640
2006-12-29,61500.0000,61650.0000,60300.0000,60750.0000,0.000,79292.640
2007-01-03,62250.0000,62250.0000,58200.0000,59250.0000,0.000,78860.640
2007-01-04,59250.0000,59250.0000,57150.0000,58500.0000,0.000,78422.640
2007-01-05,59250.0000,59250.0000,57450.0000,58050.0000,0.000,78016.440
2007-01-08,58050.0000,58659.0000,57450.0000,58500.0000,0.000,77605.440
2007-01-09,57750.0000,61050.0000,57750.0000,60450.0000,0.000,77269.440
2007-01-10,61050.0000,62700.0000,61050.0000,62400.0000,0.000,76990.440
2007-01-11,62550.0000,62850.0000,61500.0000,61651.5000,0.000,76678.470
2007-01-12,62250.0000,62850.0000,60300.0000,62250.0000,0.000,76393.470
2007-01-16,63450.0000,64950.0000,62850.0000,64950.0000,0.000,76162.470
2007-01-17,66000.0000,66000.0000,64200.0000,65400.0000,0.000,75955.470
2007-01-18,66000.0000,66000.0000,64650.0000,65098.5000,0.000,75754.440
2007-01-19,65700.0000,65700.0000,62100.0000,63600.0000,0.000,75508.440
2007-01-22,63000.0000,63600.0000,60750.0000,61050.0000,0.000,75205.440
2007-01-23,61050.0000,61950.0000,59250.0000,59850.0000,0.000,74899.440
2007-01-24,60000.0000,61500.0000,59550.0000,61200.0000,0.000,74602.440
2007-01-25,61200.0000,61200.0000,60150.0000,60300.0000,0.000,74275.440
2007-01-26,61950.0000,61950.0000,60000.0000,60300.0000,0.000,73924.440
2007-01-29,61800.0000,61800.0000,60000.0000,60900.0000,0.000,73585.440
2007-01-30,61086.0000,61650.0000,60750.0000,60900.0000,0.000,73225.440
2007-01-31,61050.0000,61500.0000,60600.0000,60900.0000,0.000,72877.440
2007-02-01,61950.0000,61950.0000,60000.0000,61050.0000,0.000,72535.440
2007-02-02,62100.0000,62100.0000,60300.0000,61128.0000,0.000,72177.000
2007-02-05,61350.0000,61500.0000,60450.0000,60600.0000,0.000,71817.000
2007-02-06,60600.0000,61050.0000,60000.0000,60000.0000,0.000,71454.000
2007-02-07,61200.0000,61350.0000,60150.0000,60750.0000,0.000,71088.000
2007-02-08,61500.0000,61500.0000,59850.0000,60450.0000,0.000,70707.000
2007-02-09,60000.0000,60600.0000,59250.0000,59550.0000,0.000,70302.000
2007-02-12,60600.0000,60600.0000,58650.0000,58800.0000,0.000,69849.000
2007-02-13,58650.0000,59550.0000,58050.0000,59250.0000,0.000,69456.660
2007-02-14,59550.0000,59550.0000,58050.0000,58050.0000,0.000,69027.660
2007-02-15,58500.0000,58950.0000,57150.0000,57450.0000,0.000,68583.660
2007-02-16,57450.0000,58050.0000,53100.0000,55200.0000,0.000,68097.660
2007-02-20,56550.0000,58950.0000,54450.0000,58050.0000,0.000,67683.660
2007-02-21,57450.0000,58200.0000,55650.0000,56250.0000,0.000,67228.020
2007-02-22,57000.0000,57000.0000,54000.0000,54000.0000,0.000,66742.020
2007-02-23,52650.0000,55200.0000,52650.0000,55050.0000,0.000,66244.680
2007-02-26,56400.0000,56400.0000,54150.0000,54150.0000,0.000,65614.680
2007-02-27,54000.0000,55350.0000,47700.0000,49650.0000,0.000,64915.680
2007-02-28,50850.0000,51750.0000,46950.0000,50100.0000,0.000,64276.680
2007-03-01,49800.0000,50400.0000,46500.0000,49500.0000,0.000,63625.140
2007-03-02,49050.0000,49350.0000,46950.0000,48150.0000,0.000,62821.740
2007-03-05,47250.0000,47250.0000,43500.0000,43950.0000,0.000,61909.740
2007-03-06,49500.0000,49500.0000,44250.0000,45600.0000,0.000,61039.740
2007-03-07,46650.0000,48450.0000,45150.0000,47250.0000,0.000,60152.760
2007-03-08,50250.0000,50250.0000,47398.5000,49200.0000,0.000,59317.560
2007-03-09,49500.0000,50100.0000,48300.0000,48300.0000,0.000,58474.560
2007-03-12,47850.0000,50100.0000,47850.0000,48600.0000,0.000,57607.560
2007-03-13,49200.0000,49500.0000,46800.0000,46800.0000,0.000,57280.560
2007-03-14,46800.0000,47400.0000,45900.0000,46200.0000,0.000,56986.560
2007-03-15,46050.0000,47100.0000,45751.5000,46650.0000,0.000,56704.560
2007-03-16,46200.0000,48150.0000,46200.0000,47100.0000,0.000,56461.560
2007-03-19,48450.0000,48450.0000,47100.0000,47400.0000,0.000,56239.560
2007-03-20,48300.0000,51600.0000,47700.0000,51600.0000,0.000,56110.560
2007-03-21,51000.0000,51000.0000,48300.0000,49200.0000,0.000,55924.560
2007-03-22,51600.0000,53100.0000,51060.0000,53100.0000,0.000,55777.560
2007-03-23,53250.0000,54450.0000,53250.0000,53850.0000,0.000,55606.560
2007-03-26,57000.0000,57450.0000,55200.0000,55950.0000,0.000,55492.530
2007-03-27,55800.0000,57150.0000,55800.0000,56700.0000,0.000,55381.530
2007-03-28,57150.0000,58800.0000,56850.0000,58800.0000,0.000,55258.530
2007-03-29,58350.0000,60150.0000,57450.0000,58050.0000,0.000,55111.530
2007-03-30,56250.0000,59100.0000,53850.0000,56850.0000,0.000,54946.560
2007-04-02,57750.0000,59700.0000,57300.0000,59250.0000,0.000,54859.560
2007-04-03,60000.0000,61050.0000,59550.0000,60750.0000,0.000,54853.560
2007-04-04,61650.0000,61800.0000,59100.0000,59250.0000,0.000,54841.560
2007-04-05,60150.0000,61050.0000,58650.0000,60148.5000,0.000,54820.530
2007-04-09,60600.0000,61350.0000,60000.0000,61200.0000,0.000,54838.530
2007-04-10,61800.0000,61800.0000,58500.0000,60750.0000,0.000,54847.530
2007-04-11,60750.0000,60900.0000,58950.0000,59550.0000,0.000,54820.530
2007-04-12,60750.0000,60750.0000,58500.0000,59700.0000,0.000,54796.530
2007-04-13,59550.0000,61350.0000,58200.0000,60900.0000,0.000,54796.530
2007-04-16,61500.0000,61950.0000,60000.0000,60450.0000,0.000,54784.530
2007-04-17,62700.0000,62700.0000,59850.0000,60150.0000,0.000,54764.970
2007-04-18,60900.0000,61050.0000,59550.0000,60750.0000,0.000,54767.970
2007-04-19,61200.0000,61200.0000,59550.0000,60300.0000,0.000,54773.970
2007-04-20,60450.0000,61050.0000,59250.0000,60150.0000,0.000,54761.970
2007-04-23,60450.0000,60450.0000,58500.0000,59100.0000,0.000,54734.970
2007-04-24,59550.0000,59550.0000,57300.0000,58050.0000,0.000,54704.970
2007-04-25,58500.0000,58500.0000,56400.0000,57600.0000,0.000,54680.970
2007-04-26,57600.0000,58800.0000,57450.0000,58350.0000,0.000,54662.970
2007-04-27,59100.0000,59100.0000,57000.0000,57900.0000,0.000,54659.970
2007-04-30,57900.0000,59550.0000,53550.0000,54450.0000,0.000,54599.970
2007-05-01,54000.0000,56100.0000,54000.0000,54300.0000,0.000,54581.970
2007-05-02,55500.0000,57450.0000,54750.0000,57000.0000,0.000,54560.970
2007-05-03,56700.0000,59550.0000,56550.0000,59250.0000,0.000,54620.970
2007-05-04,59550.0000,59850.0000,58200.0000,59400.0000,0.000,54728.970
2007-05-07,58350.0000,60600.0000,58350.0000,59850.0000,0.000,54824.970
2007-05-08,58350.0000,61500.0000,57300.0000,57300.0000,0.000,54887.970
2007-05-09,58350.0000,58350.0000,51750.0000,53100.0000,0.000,54956.970
2007-05-10,53100.0000,54150.0000,51150.0000,54000.0000,0.000,55034.970
2007-05-11,52950.0000,55500.0000,52350.0000,53100.0000,0.000,55106.970
2007-05-14,54600.0000,54600.0000,52500.0000,53250.0000,0.000,55208.970
2007-05-15,53700.0000,54750.0000,52800.0000,53490.0000,0.000,55399.770
2007-05-16,54750.0000,54750.0000,52500.0000,53550.0000,0.000,55558.770
2007-05-17,54000.0000,54450.0000,53550.0000,54000.0000,0.000,55693.770
2007-05-18,54000.0000,55200.0000,54000.0000,55200.0000,0.000,55813.770
2007-05-21,56100.0000,58800.0000,56100.0000,58050.0000,0.000,56008.770
2007-05-22,56700.0000,59550.0000,55200.0000,55500.0000,0.000,56146.770
2007-05-23,56100.0000,57000.0000,55200.0000,55350.0000,0.000,56317.770
2007-05-24,55500.0000,56700.0000,55200.0000,55350.0000,0.000,56500.770
2007-05-25,56400.0000,57150.0000,54750.0000,55650.0000,0.000,56680.770
2007-05-29,57600.0000,57600.0000,56250.0000,56250.0000,0.000,56863.770
2007-05-30,57000.0000,57000.0000,55950.0000,56101.5000,0.000,57037.800
2007-05-31,55800.0000,56100.0000,55500.0000,55500.0000,0.000,57115.800
2007-06-01,55800.0000,57750.0000,54750.0000,55200.0000,0.000,57235.800
2007-06-04,57750.0000,57750.0000,54750.0000,55350.0000,0.000,57280.800
2007-06-05,55650.0000,55650.0000,53100.0000,53700.0000,0.000,57277.800
2007-06-06,52500.0000,53850.0000,52500.0000,53250.0000,0.000,57223.800
2007-06-07,53250.0000,53400.0000,51301.5000,51600.0000,0.000,57121.800
2007-06-08,51150.0000,51600.0000,49500.0000,50700.0000,0.000,56959.800
2007-06-11,49950.0000,51600.0000,49800.0000,51150.0000,0.000,56821.800
2007-06-12,52500.0000,52500.0000,48750.0000,49050.0000,0.000,56665.800
2007-06-13,50250.0000,51150.0000,49050.0000,50550.0000,0.000,56491.800
2007-06-14,51900.0000,52951.5000,50550.0000,50550.0000,0.000,56287.800
2007-06-15,50850.0000,51900.0000,50250.0000,51598.5000,0.000,56134.770
2007-06-18,50400.0000,51750.0000,50400.0000,51300.0000,0.000,55957.800
2007-06-19,52200.0000,52350.0000,50400.0000,51000.0000,0.000,55753.800
2007-06-20,50100.0000,50100.0000,49050.0000,49650.0000,0.000,55531.800
2007-06-21,48900.0000,50100.0000,48900.0000,50100.0000,0.000,55342.800
2007-06-22,50550.0000,51750.0000,49500.0000,51000.0000,0.000,55168.800
2007-06-25,50100.0000,51900.0000,49650.0000,51150.0000,0.000,54973.800
2007-06-26,51750.0000,51750.0000,49635.0000,49650.0000,0.000,54757.800
2007-06-27,49950.0000,50400.0000,49800.0000,50235.0000,0.000,54559.500
2007-06-28,50265.0000,50700.0000,50250.0000,50550.0000,0.000,54355.500
2007-06-29,50335.5000,52050.0000,50335.5000,51900.0000,0.000,54187.500
2007-07-02,51600.0000,53850.0000,51000.0000,52350.0000,0.000,54031.500
2007-07-03,53100.0000,54750.0000,52350.0000,52500.0000,0.000,53899.500
2007-07-05,53100.0000,53100.0000,51300.0000,52050.0000,0.000,53779.500
2007-07-06,52500.0000,52500.0000,51786.0000,52200.0000,0.000,53671.500
2007-07-09,51750.0000,51750.0000,50550.0000,50565.0000,0.000,53515.800
2007-07-10,49800.0000,51450.0000,49800.0000,50550.0000,0.000,53368.800
2007-07-11,50100.0000,50550.0000,48750.0000,49800.0000,0.000,53275.800
2007-07-12,51000.0000,51000.0000,48750.0000,49350.0000,0.000,53176.800
2007-07-13,49500.0000,49500.0000,48480.0000,48600.0000,0.000,53008.800
2007-07-16,48900.0000,51000.0000,48600.0000,48600.0000,0.000,52795.800
2007-07-17,49650.0000,50100.0000,48900.0000,49950.0000,0.000,52606.800
2007-07-18,49350.0000,49650.0000,48150.0000,48450.0000,0.000,52378.800
2007-07-19,49500.0000,49500.0000,47700.0000,48600.0000,0.000,52204.800
2007-07-20,48000.0000,48600.0000,47250.0000,47400.0000,0.000,52090.800
2007-07-23,47848.5000,48150.0000,47550.0000,48150.0000,0.000,51973.800
2007-07-24,48150.0000,48150.0000,45150.0000,45600.0000,0.000,51823.800
2007-07-25,46650.0000,47250.0000,45750.0000,47250.0000,0.000,51703.800
2007-07-26,46800.0000,47100.0000,44250.0000,45750.0000,0.000,51549.000
2007-07-27,45750.0000,45900.0000,43950.0000,43950.0000,0.000,51357.000
2007-07-30,44850.0000,45750.0000,43800.0000,44100.0000,0.000,51159.000
2007-07-31,44850.0000,45000.0000,43350.0000,43350.0000,0.000,50922.000
2007-08-01,42750.0000,43950.0000,41730.0000,42600.0000,0.000,50613.000
2007-08-02,43050.0000,45750.0000,42600.0000,45600.0000,0.000,50415.000
2007-08-03,44550.0000,45150.0000,42300.0000,42300.0000,0.000,50154.000
2007-08-06,42000.0000,42150.0000,39900.0000,40200.0000,0.000,49851.000
2007-08-07,40650.0000,43500.0000,40500.0000,41700.0000,0.000,49572.000
2007-08-08,42000.0000,45600.0000,42000.0000,43650.0000,0.000,49320.000
2007-08-09,43800.0000,43800.0000,39750.0000,41400.0000,0.000,49025.970
2007-08-10,41400.0000,41550.0000,37800.0000,39150.0000,0.000,48698.970
2007-08-13,39750.0000,40498.5000,36300.0000,37050.0000,0.000,48335.970
2007-08-14,37500.0000,39600.0000,36450.0000,36750.0000,0.000,47963.970
2007-08-15,38100.0000,38100.0000,34800.0000,35100.0000,0.000,47591.970
2007-08-16,37950.0000,39000.0000,34200.0000,34950.0000,0.000,47225.970
2007-08-17,35700.0000,37650.0000,34050.0000,37650.0000,0.000,46946.970
2007-08-20,49350.0000,49350.0000,39750.0000,42750.0000,0.000,46787.970
2007-08-21,43950.0000,45000.0000,42300.0000,42900.0000,0.000,46622.970
2007-08-22,43050.0000,43500.0000,42600.0000,42900.0000,0.000,46499.970
2007-08-23,42750.0000,44100.0000,42750.0000,42900.0000,0.000,46346.970
2007-08-24,42600.0000,43650.0000,42150.0000,42750.0000,0.000,46190.970
2007-08-27,43350.0000,45450.0000,43350.0000,45000.0000,0.000,46059.000
2007-08-28,45150.0000,45150.0000,43500.0000,43950.0000,0.000,45912.000
2007-08-29,43650.0000,44400.0000,43350.0000,44100.0000,0.000,45774.000
2007-08-30,43650.0000,44100.0000,43050.0000,43200.0000,0.000,45645.000
2007-08-31,43950.0000,43950.0000,42750.0000,43650.0000,0.000,45516.000
2007-09-04,43800.0000,44400.0000,43500.0000,43800.0000,0.000,45372.000
2007-09-05,43500.0000,43800.0000,41250.0000,41700.0000,0.000,45183.000
2007-09-06,41250.0000,42300.0000,41100.0000,41550.0000,0.000,45021.000
2007-09-07,41850.0000,42000.0000,40050.0000,40500.0000,0.000,44826.300
2007-09-10,40500.0000,40650.0000,38250.0000,38547.0000,0.000,44586.240
2007-09-11,39300.0000,39450.0000,38100.0000,38550.0000,0.000,44319.240
2007-09-12,38850.0000,39000.0000,36150.0000,37050.0000,0.000,44013.240
2007-09-13,37050.0000,37800.0000,37050.0000,37350.0000,0.000,43710.240
2007-09-14,37350.0000,37800.0000,36150.0000,36900.0000,0.000,43407.240
2007-09-17,36151.5000,36750.0000,35850.0000,36600.0000,0.000,43095.240
2007-09-18,36300.0000,37500.0000,36300.0000,36900.0000,0.000,42821.940
2007-09-19,37350.0000,37350.0000,35400.0000,36900.0000,0.000,42548.940
2007-09-20,36900.0000,39000.0000,36150.0000,38550.0000,0.000,42323.940
2007-09-21,39600.0000,40050.0000,38400.0000,39598.5000,0.000,42128.910
2007-09-24,40200.0000,40200.0000,38100.0000,38250.0000,0.000,41921.910
2007-09-25,38250.0000,38250.0000,37500.0000,38100.0000,0.000,41711.910
2007-09-26,37650.0000,38250.0000,36750.0000,37950.0000,0.000,41471.910
2007-09-27,38700.0000,40650.0000,37650.0000,39600.0000,0.000,41294.910
2007-09-28,39450.0000,40200.0000,39300.0000,39300.0000,0.000,41108.910
2007-10-01,40050.0000,40650.0000,37800.0000,37800.0000,0.000,40916.910
2007-10-02,37500.0000,40950.0000,34350.0000,34800.0000,0.000,40649.910
2007-10-03,35250.0000,35850.0000,33450.0000,35401.5000,0.000,40445.940
2007-10-04,36750.0000,36750.0000,34650.0000,36300.0000,0.000,40226.940
2007-10-05,36900.0000,37198.5000,35850.0000,35850.0000,0.000,40028.940
2007-10-08,35400.0000,37050.0000,33600.0000,34935.0000,0.000,39848.640
2007-10-09,34950.0000,35700.0000,34350.0000,35400.0000,0.000,39674.640
2007-10-10,35115.0000,35115.0000,33750.0000,33750.0000,0.000,39482.640
2007-10-11,33750.0000,34200.0000,30000.0000,30900.0000,0.000,39248.640
2007-10-12,30750.0000,31350.0000,27600.0000,28050.0000,0.000,38897.640
2007-10-15,28350.0000,30600.0000,28350.0000,29398.5000,0.000,38639.610
2007-10-16,30600.0000,30750.0000,28050.0000,28050.0000,0.000,38396.610
2007-10-17,28800.0000,29400.0000,28200.0000,28500.0000,0.000,38132.610
2007-10-18,28800.0000,29377.5000,27600.0000,27600.0000,0.000,37811.610
2007-10-19,27900.0000,29550.0000,27751.5000,29550.0000,0.000,37574.610
2007-10-22,29700.0000,29700.0000,28350.0000,28500.0000,0.000,37361.610
2007-10-23,29100.0000,30150.0000,27900.0000,28350.0000,0.000,37187.610
2007-10-24,28800.0000,29550.0000,28500.0000,29550.0000,0.000,37043.610
2007-10-25,30000.0000,30000.0000,28350.0000,29250.0000,0.000,36926.610
2007-10-26,29400.0000,29400.0000,28350.0000,28350.0000,0.000,36794.610
2007-10-29,28800.0000,29850.0000,28500.0000,29250.0000,0.000,36626.610
2007-10-30,29250.0000,29250.0000,28350.0000,28650.0000,0.000,36344.610
2007-10-31,29101.5000,29700.0000,28200.0000,28950.0000,0.000,36065.610
2007-11-01,28950.0000,28950.0000,27900.0000,28287.0000,0.000,35773.350
2007-11-02,28800.0000,29100.0000,27600.0000,28050.0000,0.000,35476.350
2007-11-05,27900.0000,30000.0000,27900.0000,29250.0000,0.000,35206.350
2007-11-06,29700.0000,30150.0000,29250.0000,29250.0000,0.000,34891.350
2007-11-07,29400.0000,30000.0000,27000.0000,27300.0000,0.000,34558.350
2007-11-08,27900.0000,30750.0000,27000.0000,28500.0000,0.000,34246.350
2007-11-09,28950.0000,29100.0000,27750.0000,28500.0000,0.000,33952.350
2007-11-12,28800.0000,28800.0000,27150.0000,27750.0000,0.000,33634.350
2007-11-13,27450.0000,28200.0000,27450.0000,27450.0000,0.000,33307.350
2007-11-14,27300.0000,28050.0000,27300.0000,27900.0000,0.000,33031.350
2007-11-15,28200.0000,28200.0000,27150.0000,27600.0000,0.000,32752.350
2007-11-16,27000.0000,27750.0000,27000.0000,27300.0000,0.000,32488.350
2007-11-19,27300.0000,27300.0000,25200.0000,25200.0000,0.000,32221.410
2007-11-20,24600.0000,26250.0000,24600.0000,25761.0000,0.000,31965.630
2007-11-21,25651.5000,26400.0000,23700.0000,23701.5000,0.000,31698.660
2007-11-23,23700.0000,25050.0000,23550.0000,24300.0000,0.000,31437.660
2007-11-26,24300.0000,27300.0000,24300.0000,26400.0000,0.000,31227.660
2007-11-27,26100.0000,28050.0000,24450.0000,25470.0000,0.000,31005.060
2007-11-28,25350.0000,25800.0000,25050.0000,25050.0000,0.000,30768.060
2007-11-29,25050.0000,25200.0000,22500.0000,23100.0000,0.000,30492.060
2007-11-30,23400.0000,25500.0000,22650.0000,25500.0000,0.000,30231.060
2007-12-03,25800.0000,28350.0000,24300.0000,27750.0000,0.000,29994.090
2007-12-04,28350.0000,28350.0000,27300.0000,27300.0000,0.000,29775.090
2007-12-05,28950.0000,28950.0000,25650.0000,27900.0000,0.000,29571.090
2007-12-06,28350.0000,28350.0000,26700.0000,27750.0000,0.000,29367.090
2007-12-07,28050.0000,28200.0000,26100.0000,27000.0000,0.000,29115.090
2007-12-10,28350.0000,28350.0000,26400.0000,27300.0000,0.000,28875.090
2007-12-11,26850.0000,27300.0000,25650.0000,26550.0000,0.000,28650.090
2007-12-12,26250.0000,26700.0000,25200.0000,25950.0000,0.000,28473.090
2007-12-13,25500.0000,25800.0000,24450.0000,24450.0000,0.000,28254.060
2007-12-14,24000.0000,24150.0000,19950.0000,23250.0000,0.000,27993.060
2007-12-17,22650.0000,23100.0000,20550.0000,22350.0000,0.000,27723.060
2007-12-18,22050.0000,22650.0000,21450.0000,21901.5000,0.000,27462.390
2007-12-19,21900.0000,22950.0000,21450.0000,22950.0000,0.000,27213.390
2007-12-20,22800.0000,24150.0000,22500.0000,23700.0000,0.000,27012.390
2007-12-21,24300.0000,24300.0000,22200.0000,22950.0000,0.000,26853.390
2007-12-24,22350.0000,23550.0000,21900.0000,23250.0000,0.000,26757.390
2007-12-26,23700.0000,23850.0000,23250.0000,23850.0000,0.000,26646.420
2007-12-27,23550.0000,23850.0000,22650.0000,23850.0000,0.000,26562.420
2007-12-28,24000.0000,24000.0000,23100.0000,23850.0000,0.000,26469.420
2007-12-31,23400.0000,23850.0000,22500.0000,23100.0000,0.000,26379.420
2008-01-02,22800.0000,23250.0000,22650.0000,23250.0000,0.000,26253.420
2008-01-03,23550.0000,25350.0000,23100.0000,25200.0000,0.000,26187.420
2008-01-04,25350.0000,25500.0000,24750.0000,25200.0000,0.000,26124.420
2008-01-07,25500.0000,25950.0000,24300.0000,25800.0000,0.000,26049.420
2008-01-08,25200.0000,27000.0000,24300.0000,25950.0000,0.000,25983.420
2008-01-09,26400.0000,26400.0000,23998.5000,25500.0000,0.000,25926.420
2008-01-10,24300.0000,25200.0000,23400.0000,24600.0000,0.000,25833.420
2008-01-11,24600.0000,24750.0000,23550.0000,24450.0000,0.000,25749.420
2008-01-14,26250.0000,26250.0000,23700.0000,25800.0000,0.000,25686.420
2008-01-15,25500.0000,25950.0000,25350.0000,25650.0000,0.000,25633.680
2008-01-16,25950.0000,25950.0000,23100.0000,25350.0000,0.000,25579.680
2008-01-17,24600.0000,25200.0000,23250.0000,24000.0000,0.000,25474.680
2008-01-18,24450.0000,24900.0000,22800.0000,23400.0000,0.000,25357.680
2008-01-22,21600.0000,24900.0000,21600.0000,23400.0000,0.000,25279.680
2008-01-23,24292.5000,24450.0000,22800.0000,24450.0000,0.000,25198.680
2008-01-24,25050.0000,25050.0000,22800.0000,24300.0000,0.000,25114.680
2008-01-25,24000.0000,24000.0000,22950.0000,23398.5000,0.000,25027.650
2008-01-28,22800.0000,23700.0000,22800.0000,22800.0000,0.000,24934.650
2008-01-29,23400.0000,23400.0000,22350.0000,22950.0000,0.000,24835.650
2008-01-30,23100.0000,23250.0000,22498.5000,22650.0000,0.000,24736.650
2008-01-31,22500.0000,22800.0000,22050.0000,22500.0000,0.000,24640.650
2008-02-01,22800.0000,23400.0000,22350.0000,22800.0000,0.000,24592.650
2008-02-04,23550.0000,23550.0000,22800.0000,23400.0000,0.000,24545.430
2008-02-05,23550.0000,24150.0000,23250.0000,23850.0000,0.000,24548.400
2008-02-06,24150.0000,25200.0000,23850.0000,24750.0000,0.000,24557.400
2008-02-07,24150.0000,24900.0000,23250.0000,23850.0000,0.000,24506.400
2008-02-08,24000.0000,24900.0000,23850.0000,24150.0000,0.000,24480.000
2008-02-11,22500.0000,24150.0000,22500.0000,23850.0000,0.000,24456.000
2008-02-12,24750.0000,25200.0000,23550.0000,24000.0000,0.000,24474.000
2008-02-13,24450.0000,24600.0000,23850.0000,24300.0000,0.000,24450.000
2008-02-14,24300.0000,24750.0000,23850.0000,24150.0000,0.000,24378.000
2008-02-15,24450.0000,24750.0000,23700.0000,24150.0000,0.000,24315.000
2008-02-19,24450.0000,24450.0000,22500.0000,22650.0000,0.000,24210.000
2008-02-20,22650.0000,22948.5000,22050.0000,22650.0000,0.000,24108.000
2008-02-21,22650.0000,22800.0000,22050.0000,22350.0000,0.000,24015.000
2008-02-22,22050.0000,22950.0000,21300.0000,21450.0000,0.000,23898.000
2008-02-25,21750.0000,21750.0000,19950.0000,20550.0000,0.000,23778.000
2008-02-26,20400.0000,21300.0000,20400.0000,20550.0000,0.000,23670.000
2008-02-27,20700.0000,21150.0000,20250.0000,20700.0000,0.000,23595.000
2008-02-28,21000.0000,21150.0000,20250.0000,20550.0000,0.000,23541.000
2008-02-29,20550.0000,20700.0000,19800.0000,19800.0000,0.000,23490.000
2008-03-03,19800.0000,20998.5000,19800.0000,20398.5000,0.000,23459.940
2008-03-04,20400.0000,20400.0000,19650.0000,19950.0000,0.000,23399.940
2008-03-05,20400.0000,20400.0000,19350.0000,19500.0000,0.000,23315.940
2008-03-06,20100.0000,20100.0000,19050.0000,19350.0000,0.000,23243.940
2008-03-07,18750.0000,19200.0000,18300.0000,18450.0000,0.000,23147.940
2008-03-10,18150.0000,18900.0000,16350.0000,16350.0000,0.000,22997.940
2008-03-11,18150.0000,19350.0000,15600.0000,16200.0000,0.000,22844.940
2008-03-12,16498.5000,16498.5000,14250.0000,14250.0000,0.000,22652.940
2008-03-13,14400.0000,15000.0000,13350.0000,14101.5000,0.000,22472.970
2008-03-14,14700.0000,15000.0000,14248.5000,14400.0000,0.000,22295.970
2008-03-17,14400.0000,15600.0000,14400.0000,14550.0000,0.000,22082.970
2008-03-18,14700.0000,15000.0000,13668.0000,14850.0000,0.000,21875.970
2008-03-19,14850.0000,15000.0000,13650.0000,13650.0000,0.000,21632.970
2008-03-20,13800.0000,14100.0000,13500.0000,13650.0000,0.000,21386.970
2008-03-24,13668.0000,13668.0000,12150.0000,12300.0000,0.000,21122.970
2008-03-25,12150.0000,12150.0000,11400.0000,11550.0000,0.000,20861.970
2008-03-26,12300.0000,13518.0000,12000.0000,13500.0000,0.000,20642.970
2008-03-27,15300.0000,15300.0000,13350.0000,14700.0000,0.000,20420.970
2008-03-28,15000.0000,15600.0000,15000.0000,15570.0000,0.000,20219.370
2008-03-31,16050.0000,16050.0000,14700.0000,15450.0000,0.000,20021.370
2008-04-01,15900.0000,17100.0000,15150.0000,17100.0000,0.000,19883.370
2008-04-02,17850.0000,25050.0000,17250.0000,22651.5000,0.000,19868.400
2008-04-03,20250.0000,23850.0000,20250.0000,21300.0000,0.000,19826.400
2008-04-04,21750.0000,21750.0000,19500.0000,21000.0000,0.000,19757.400
2008-04-07,21150.0000,24601.5000,21150.0000,24600.0000,0.000,19763.400
2008-04-08,25350.0000,25800.0000,24450.0000,25200.0000,0.000,19799.430
2008-04-09,25650.0000,27750.0000,24750.0000,27000.0000,0.000,19883.430
2008-04-10,27300.0000,27300.0000,26250.0000,26850.0000,0.000,19961.430
2008-04-11,24900.0000,24900.0000,19200.0000,21300.0000,0.000,19934.430
2008-04-14,23400.0000,23400.0000,19050.0000,19200.0000,0.000,19868.430
2008-04-15,18750.0000,19500.0000,16950.0000,18600.0000,0.000,19784.430
2008-04-16,18750.0000,19950.0000,17850.0000,18000.0000,0.000,19676.430
2008-04-17,17700.0000,18600.0000,17550.0000,17850.0000,0.000,19556.430
2008-04-18,17700.0000,18750.0000,17700.0000,18300.0000,0.000,19427.430
2008-04-21,18150.0000,18300.0000,17700.0000,18300.0000,0.000,19316.430
2008-04-22,18450.0000,18748.5000,17850.0000,17850.0000,0.000,19190.430
2008-04-23,19200.0000,19200.0000,18150.0000,18150.0000,0.000,19076.430
2008-04-24,18150.0000,18600.0000,18000.0000,18300.0000,0.000,18962.430
2008-04-25,18600.0000,19200.0000,18300.0000,19050.0000,0.000,18857.430
2008-04-28,19350.0000,19350.0000,17250.0000,18600.0000,0.000,18746.430
2008-04-29,18900.0000,18900.0000,17400.0000,18300.0000,0.000,18629.430
2008-04-30,18000.0000,18450.0000,17700.0000,18150.0000,0.000,18539.430
2008-05-01,17850.0000,18450.0000,16500.0000,17100.0000,0.000,18428.430
2008-05-02,16500.0000,18600.0000,16500.0000,17850.0000,0.000,18338.430
2008-05-05,18000.0000,18750.0000,17850.0000,18150.0000,0.000,18272.430
2008-05-06,18450.0000,19350.0000,17700.0000,18150.0000,0.000,18224.430
2008-05-07,17250.0000,18900.0000,17250.0000,18300.0000,0.000,18179.430
2008-05-08,18600.0000,18750.0000,17550.0000,17700.0000,0.000,18119.430
2008-05-09,17550.0000,18000.0000,17400.0000,17850.0000,0.000,18065.430
2008-05-12,18000.0000,18450.0000,17700.0000,18150.0000,0.000,18032.430
2008-05-13,19050.0000,19050.0000,18150.0000,18450.0000,0.000,17993.460
2008-05-14,18750.0000,18900.0000,18150.0000,18300.0000,0.000,17960.460
2008-05-15,18750.0000,18900.0000,18300.0000,18450.0000,0.000,17939.460
2008-05-16,18000.0000,18900.0000,18000.0000,18450.0000,0.000,17921.460
2008-05-19,18000.0000,19800.0000,18000.0000,19800.0000,0.000,17948.460
2008-05-20,19950.0000,19950.0000,18450.0000,19050.0000,0.000,18002.460
2008-05-21,20250.0000,21750.0000,19200.0000,21300.0000,0.000,18104.460
2008-05-22,21000.0000,21450.0000,20700.0000,21000.0000,0.000,18239.460
2008-05-23,21300.0000,21300.0000,20850.0000,20850.0000,0.000,18374.430
2008-05-27,20550.0000,21900.0000,20550.0000,21750.0000,0.000,18521.430
2008-05-28,21600.0000,21900.0000,21300.0000,21900.0000,0.000,18668.430
2008-05-29,21900.0000,22200.0000,21601.5000,22050.0000,0.000,18812.430
2008-05-30,21900.0000,21900.0000,20700.0000,21750.0000,0.000,18974.430
2008-06-02,21300.0000,21615.0000,21300.0000,21600.0000,0.000,19133.430
2008-06-03,22050.0000,22200.0000,20985.0000,21600.0000,0.000,19319.430
2008-06-04,20850.0000,21450.0000,20850.0000,20850.0000,0.000,19505.430
2008-06-05,20700.0000,20880.0000,19200.0000,20550.0000,0.000,19646.430
2008-06-06,20850.0000,20998.5000,19650.0000,20100.0000,0.000,19754.430
2008-06-09,20700.0000,21150.0000,19800.0000,20550.0000,0.000,19854.030
2008-06-10,19650.0000,20550.0000,19410.0000,20100.0000,0.000,19947.030
2008-06-11,20400.0000,20850.0000,19350.0000,20100.0000,0.000,20007.030
2008-06-12,20550.0000,20550.0000,19200.0000,19950.0000,0.000,19953.000
2008-06-13,19650.0000,20400.0000,19650.0000,20400.0000,0.000,19935.000
2008-06-16,19650.0000,20250.0000,19650.0000,20250.0000,0.000,19920.000
2008-06-17,19950.0000,20100.0000,18600.0000,18600.0000,0.000,19800.000
2008-06-18,18450.0000,20250.0000,18450.0000,19200.0000,0.000,19680.000
2008-06-19,19050.0000,19500.0000,18600.0000,19350.0000,0.000,19527.000
2008-06-20,16500.0000,18748.5000,15750.0000,16050.0000,0.000,19311.000
2008-06-23,16500.0000,17400.0000,15450.0000,15600.0000,0.000,19197.000
2008-06-24,15600.0000,17100.0000,14700.0000,15150.0000,0.000,19116.000
2008-06-25,15600.0000,16800.0000,14550.0000,14998.5000,0.000,19043.970
2008-06-26,16050.0000,16198.5000,15451.5000,15900.0000,0.000,19001.970
2008-06-27,15900.0000,15900.0000,15150.0000,15300.0000,0.000,18950.970
2008-06-30,15750.0000,15900.0000,15450.0000,15750.0000,0.000,18899.970
2008-07-01,15300.0000,15600.0000,14625.0000,15151.5000,0.000,18837.000
2008-07-02,15000.0000,16200.0000,15000.0000,15634.5000,0.000,18792.690
2008-07-03,16050.0000,16050.0000,15300.0000,16050.0000,0.000,18750.690
2008-07-07,15600.0000,16650.0000,15450.0000,16351.5000,0.000,18711.720
2008-07-08,15750.0000,16650.0000,15600.0000,16200.0000,0.000,18654.720
2008-07-09,15750.0000,16500.0000,15600.0000,15750.0000,0.000,18597.720
2008-07-10,15900.0000,16650.0000,15750.0000,16500.0000,0.000,18561.720
2008-07-11,16350.0000,16650.0000,15900.0000,16650.0000,0.000,18531.720
2008-07-14,16350.0000,16800.0000,16200.0000,16648.5000,0.000,18522.690
2008-07-15,16050.0000,16650.0000,15900.0000,16050.0000,0.000,18486.690
2008-07-16,16050.0000,16051.5000,15150.0000,15450.0000,0.000,18432.690
2008-07-17,15150.0000,16500.0000,15150.0000,16500.0000,0.000,18399.690
2008-07-18,16350.0000,16800.0000,15750.0000,15900.0000,0.000,18351.690
2008-07-21,15750.0000,17550.0000,15750.0000,17550.0000,0.000,18348.690
2008-07-22,17700.0000,18450.0000,17700.0000,18000.0000,0.000,18351.690
2008-07-23,17550.0000,19350.0000,17550.0000,17550.0000,0.000,18339.690
2008-07-24,17400.0000,19200.0000,17400.0000,18330.0000,0.000,18337.290
2008-07-25,18750.0000,19200.0000,18150.0000,18150.0000,0.000,18334.290
2008-07-28,18600.0000,18751.5000,17955.0000,18151.5000,0.000,18328.320
2008-07-29,17550.0000,18150.0000,17250.0000,18150.0000,0.000,18322.320
2008-07-30,17700.0000,18150.0000,17250.0000,17250.0000,0.000,18271.320
2008-07-31,17850.0000,17850.0000,16800.0000,17700.0000,0.000,18244.320
2008-08-01,17400.0000,19050.0000,17250.0000,17400.0000,0.000,18166.320
2008-08-04,18450.0000,18450.0000,17250.0000,17400.0000,0.000,18094.320
2008-08-05,18900.0000,18900.0000,17700.0000,18210.0000,0.000,18041.520
2008-08-06,18900.0000,19050.0000,18450.0000,18900.0000,0.000,17984.520
2008-08-07,17700.0000,19050.0000,17700.0000,18750.0000,0.000,17921.520
2008-08-08,18900.0000,19200.0000,18900.0000,19200.0000,0.000,17864.520
2008-08-11,19500.0000,20250.0000,19200.0000,19948.5000,0.000,17828.490
2008-08-12,20550.0000,20550.0000,19800.0000,20382.0000,0.000,17804.130
2008-08-13,18150.0000,18900.0000,17250.0000,18600.0000,0.000,17744.130
2008-08-14,18601.5000,19350.0000,18600.0000,19350.0000,0.000,17714.130
2008-08-15,18750.0000,19800.0000,18150.0000,18150.0000,0.000,17666.130
2008-08-18,19350.0000,19650.0000,18000.0000,18600.0000,0.000,17636.130
2008-08-19,18450.0000,18600.0000,17550.0000,17700.0000,0.000,17579.130
2008-08-20,17700.0000,18000.0000,15900.0000,16500.0000,0.000,17507.130
2008-08-21,16500.0000,16500.0000,16350.0000,16350.0000,0.000,17432.130
2008-08-22,16950.0000,16950.0000,16200.0000,16201.5000,0.000,17357.160
2008-08-25,17400.0000,18000.0000,16650.0000,17250.0000,0.000,17294.160
2008-08-26,18000.0000,18000.0000,16200.0000,16950.0000,0.000,17228.160
2008-08-27,16950.0000,17100.0000,16350.0000,17100.0000,0.000,17198.160
2008-08-28,16800.0000,16800.0000,15900.0000,16350.0000,0.000,17141.160
2008-08-29,16050.0000,17250.0000,16050.0000,17100.0000,0.000,17096.160
2008-09-02,16350.0000,17700.0000,14701.5000,16050.0000,0.000,17096.160
2008-09-03,15750.0000,15750.0000,14100.0000,14550.0000,0.000,17075.160
2008-09-04,15000.0000,15000.0000,13800.0000,13800.0000,0.000,17048.160
2008-09-05,13650.0000,14400.0000,13350.0000,13800.0000,0.000,17024.190
2008-09-08,12900.0000,14100.0000,12900.0000,14100.0000,0.000,16988.190
2008-09-09,14550.0000,14850.0000,13650.0000,14400.0000,0.000,16970.190
2008-09-10,14250.0000,14250.0000,12750.0000,13200.0000,0.000,16919.190
2008-09-11,12768.0000,13650.0000,12768.0000,13050.0000,0.000,16877.160
2008-09-12,13200.0000,13800.0000,12300.0000,13050.0000,0.000,16825.470
2008-09-15,12301.5000,13350.0000,12301.5000,12750.0000,0.000,16759.470
2008-09-16,11850.0000,12598.5000,11550.0000,12450.0000,0.000,16681.440
2008-09-17,11700.0000,12894.0000,11250.0000,11400.0000,0.000,16585.440
2008-09-18,12000.0000,12600.0000,10650.0000,10950.0000,0.000,16489.440
2008-09-19,12750.0000,13350.0000,10950.0000,11250.0000,0.000,16384.440
2008-09-22,13332.0000,13332.0000,10350.0000,10350.0000,0.000,16258.440
2008-09-23,10650.0000,10875.0000,9000.0000,9598.5000,0.000,16117.440
2008-09-24,9450.0000,10200.0000,8850.0000,9600.0000,0.000,15988.440
2008-09-25,9750.0000,11100.0000,9600.0000,10950.0000,0.000,15898.440
2008-09-26,9750.0000,10500.0000,9375.0000,9450.0000,0.000,15757.440
2008-09-29,9354.0000,9750.0000,8850.0000,8850.0000,0.000,15616.440
2008-09-30,9150.0000,9150.0000,8698.5000,8850.0000,0.000,15442.440
2008-10-01,11832.0000,11832.0000,8850.0000,9000.0000,0.000,15262.440
2008-10-02,10350.0000,10350.0000,8400.0000,9000.0000,0.000,15091.440
2008-10-03,10050.0000,10050.0000,8250.0000,8700.0000,0.000,14898.840
2008-10-06,9000.0000,9000.0000,8100.0000,8100.0000,0.000,14697.840
2008-10-07,8100.0000,8550.0000,8100.0000,8100.0000,0.000,14496.810
2008-10-08,8400.0000,8550.0000,7800.0000,8550.0000,0.000,14304.810
2008-10-09,7950.0000,9000.0000,7950.0000,8548.5000,0.000,14130.780
2008-10-10,8251.5000,9000.0000,6750.0000,6900.0000,0.000,13914.780
2008-10-13,7950.0000,9000.0000,7950.0000,8850.0000,0.000,13743.780
2008-10-14,9000.0000,9018.0000,8250.0000,9000.0000,0.000,13575.780
2008-10-15,9000.0000,9000.0000,8250.0000,8400.0000,0.000,13379.580
2008-10-16,8551.5000,9000.0000,8550.0000,9000.0000,0.000,13181.580
2008-10-17,8850.0000,9000.0000,8250.0000,8850.0000,0.000,12983.580
2008-10-20,8700.0000,8850.0000,8250.0000,8700.0000,0.000,12773.580
2008-10-21,9000.0000,9000.0000,7500.0000,7648.5000,0.000,12527.580
2008-10-22,7500.0000,7650.0000,7200.0000,7200.0000,0.000,12263.940
2008-10-23,7200.0000,7200.0000,6450.0000,6750.0000,0.000,12026.940
2008-10-24,6750.0000,6750.0000,6450.0000,6750.0000,0.000,11774.940
2008-10-27,5550.0000,6750.0000,5550.0000,6000.0000,0.000,11531.940
2008-10-28,5268.0000,6150.0000,5250.0000,6000.0000,0.000,11279.940
2008-10-29,7050.0000,7200.0000,6600.0000,6600.0000,0.000,11057.940
2008-10-30,6600.0000,7650.0000,6600.0000,6900.0000,0.000,10865.940
2008-10-31,7200.0000,7350.0000,6900.0000,7050.0000,0.000,10679.940
2008-11-03,7350.0000,8850.0000,7350.0000,8700.0000,0.000,10529.910
2008-11-04,6600.0000,9450.0000,6600.0000,8712.0000,0.000,10359.150
2008-11-05,9148.5000,9300.0000,9000.0000,9000.0000,0.000,10200.150
2008-11-06,9000.0000,9150.0000,9000.0000,9012.0000,0.000,10038.390
2008-11-07,9000.0000,9300.0000,8400.0000,8851.5000,0.000,9888.420
2008-11-10,8550.0000,8550.0000,7650.0000,7800.0000,0.000,9702.420
2008-11-11,7200.0000,7950.0000,6600.0000,7800.0000,0.000,9537.420
2008-11-12,6900.0000,8848.5000,6900.0000,7362.0000,0.000,9393.660
2008-11-13,7050.0000,8100.0000,7050.0000,8100.0000,0.000,9279.660
2008-11-14,8250.0000,16500.0000,7950.0000,8700.0000,0.000,9177.660
2008-11-17,8700.0000,9150.0000,8250.0000,8700.0000,0.000,9069.660
2008-11-18,8700.0000,8700.0000,7950.0000,8700.0000,0.000,8955.660
2008-11-19,8401.5000,8700.0000,7668.0000,8250.0000,0.000,8856.660
2008-11-20,7500.0000,8100.0000,7500.0000,7795.5000,0.000,8751.570
2008-11-21,7950.0000,7950.0000,7050.0000,7200.0000,0.000,8634.570
2008-11-24,7170.0000,7500.0000,7170.0000,7200.0000,0.000,8523.570
2008-11-25,7068.0000,7800.0000,7068.0000,7368.0000,0.000,8421.930
2008-11-26,6900.0000,7950.0000,6900.0000,7650.0000,0.000,8346.930
2008-11-28,7500.0000,7800.0000,7500.0000,7800.0000,0.000,8283.930
2008-12-01,7200.0000,7500.0000,6750.0000,7050.0000,0.000,8199.930
2008-12-02,7200.0000,7200.0000,6750.0000,7050.0000,0.000,8133.930
2008-12-03,7050.0000,7050.0000,6300.0000,7050.0000,0.000,8082.960
2008-12-04,3915.0000,6300.0000,3915.0000,6000.0000,0.000,8010.960
2008-12-05,4500.0000,6450.0000,4500.0000,6450.0000,0.000,7920.960
2008-12-08,5251.5000,6600.0000,5251.5000,6600.0000,0.000,7863.960
2008-12-09,6300.0000,6600.0000,6150.0000,6450.0000,0.000,7815.960
2008-12-10,6598.5000,6750.0000,6300.0000,6300.0000,0.000,7764.960
2008-12-11,6150.0000,6750.0000,6150.0000,6601.5000,0.000,7716.990
2008-12-12,6450.0000,8550.0000,6450.0000,7800.0000,0.000,7692.990
2008-12-15,8382.0000,8850.0000,7801.5000,7801.5000,0.000,7675.020
2008-12-16,9001.5000,9001.5000,7500.0000,8250.0000,0.000,7678.020
2008-12-17,7200.0000,7950.0000,7200.0000,7351.5000,0.000,7663.050
2008-12-18,7800.0000,8400.0000,7200.0000,7650.0000,0.000,7645.050
2008-12-19,7950.0000,8250.0000,7201.5000,8250.0000,0.000,7639.080
2008-12-22,8100.0000,8550.0000,7200.0000,7350.0000,0.000,7648.080
2008-12-23,4800.0000,7350.0000,4800.0000,6901.5000,0.000,7609.110
2008-12-24,6600.0000,7650.0000,6600.0000,7500.0000,0.000,7579.110
2008-12-26,6900.0000,7500.0000,6150.0000,6768.0000,0.000,7546.470
2008-12-29,6750.0000,7051.5000,6300.0000,6450.0000,0.000,7495.470
2008-12-30,6600.0000,6600.0000,6150.0000,6150.0000,0.000,7441.470
2008-12-31,6000.0000,7350.0000,6000.0000,7350.0000,0.000,7414.470
2009-01-02,7605.0000,7605.0000,6900.0000,7200.0000,0.000,7405.500
2009-01-05,7500.0000,7950.0000,7500.0000,7650.0000,0.000,7414.500
2009-01-06,8100.0000,8100.0000,7500.0000,7650.0000,0.000,7432.500
2009-01-07,7800.0000,8100.0000,7650.0000,7950.0000,0.000,7456.500
2009-01-08,7950.0000,8250.0000,7650.0000,7950.0000,0.000,7495.500
2009-01-09,8100.0000,8100.0000,7050.0000,7351.5000,0.000,7522.530
2009-01-12,7650.0000,7650.0000,6900.0000,6900.0000,0.000,7528.530
2009-01-13,7500.0000,7650.0000,7500.0000,7650.0000,0.000,7543.530
2009-01-14,7650.0000,7800.0000,7500.0000,7500.0000,0.000,7552.530
2009-01-15,7800.0000,7800.0000,7500.0000,7800.0000,0.000,7534.530
2009-01-16,7500.0000,7950.0000,7500.0000,7500.0000,0.000,7510.290
2009-01-20,7932.0000,7950.0000,7800.0000,7800.0000,0.000,7486.290
2009-01-21,7801.5000,7950.0000,7500.0000,7950.0000,0.000,7465.050
2009-01-22,7950.0000,8250.0000,7950.0000,8250.0000,0.000,7453.020
2009-01-23,9450.0000,10518.0000,9000.0000,9750.0000,0.000,7492.020
2009-01-26,10650.0000,10950.0000,10500.0000,10800.0000,0.000,7552.020
2009-01-27,10350.0000,10350.0000,9750.0000,9750.0000,0.000,7599.780
2009-01-28,10200.0000,10500.0000,9600.0000,10050.0000,0.000,7638.780
2009-01-29,10350.0000,10500.0000,9750.0000,10350.0000,0.000,7671.780
2009-01-30,10350.0000,10500.0000,9750.0000,9750.0000,0.000,7692.780
2009-02-02,9450.0000,10500.0000,9000.0000,10200.0000,0.000,7722.780
2009-02-03,10500.0000,12000.0000,10500.0000,11251.5000,0.000,7782.810
2009-02-04,11850.0000,12450.0000,11400.0000,12300.0000,0.000,7872.900
2009-02-05,12750.0000,13950.0000,12000.0000,12000.0000,0.000,7968.900
2009-02-06,16500.0000,16500.0000,13050.0000,13500.0000,0.000,8094.900
2009-02-09,13500.0000,13500.0000,12825.0000,13200.0000,0.000,8211.540
2009-02-10,13650.0000,14101.5000,13350.0000,13350.0000,0.000,8325.540
2009-02-11,13650.0000,14082.0000,13050.0000,13200.0000,0.000,8433.540
2009-02-12,12750.0000,12900.0000,12450.0000,12450.0000,0.000,8541.540
2009-02-13,12450.0000,13350.0000,12000.0000,12148.5000,0.000,8643.510
2009-02-17,12000.0000,12450.0000,11700.0000,11700.0000,0.000,8736.510
2009-02-18,11700.0000,11700.0000,9900.0000,9900.0000,0.000,8814.510
2009-02-19,9750.0000,9900.0000,9000.0000,9600.0000,0.000,8877.510
2009-02-20,10020.0000,10200.0000,9750.0000,9750.0000,0.000,8940.510
2009-02-23,10350.0000,10350.0000,9750.0000,9750.0000,0.000,9006.510
2009-02-24,9900.0000,10200.0000,9750.0000,10200.0000,0.000,9084.510
2009-02-25,9750.0000,10350.0000,9750.0000,10050.0000,0.000,9153.480
2009-02-26,10050.0000,10650.0000,9750.0000,10200.0000,0.000,9201.480
2009-02-27,10050.0000,10350.0000,10020.0000,10050.0000,0.000,9246.450
2009-03-02,10050.0000,10200.0000,9750.0000,9750.0000,0.000,9276.450
2009-03-03,10350.0000,10632.0000,9750.0000,10032.0000,0.000,9330.060
2009-03-04,10350.0000,11098.5000,10050.0000,10500.0000,0.000,9387.060
2009-03-05,10800.0000,10800.0000,10050.0000,10650.0000,0.000,9435.060
2009-03-06,13950.0000,17100.0000,13350.0000,14250.0000,0.000,9573.060
2009-03-09,14700.0000,14700.0000,13200.0000,13500.0000,0.000,9705.030
2009-03-10,14532.0000,14595.0000,13200.0000,13650.0000,0.000,9828.030
2009-03-11,13500.0000,13948.5000,13350.0000,13446.0000,0.000,9961.590
2009-03-12,13440.0000,13948.5000,13440.0000,13650.0000,0.000,10105.590
2009-03-13,14550.0000,15300.0000,13800.0000,14550.0000,0.000,10273.590
2009-03-16,13500.0000,14700.0000,13500.0000,13650.0000,0.000,10399.590
2009-03-17,13650.0000,13650.0000,13200.0000,13350.0000,0.000,10522.590
2009-03-18,13338.0000,13350.0000,12600.0000,12900.0000,0.000,10627.590
2009-03-19,12600.0000,12750.0000,12450.0000,12450.0000,0.000,10723.590
2009-03-20,12450.0000,12750.0000,12450.0000,12486.0000,0.000,10814.310
2009-03-23,12150.0000,12450.0000,12000.0000,12157.5000,0.000,10898.460
2009-03-24,12748.5000,12750.0000,12301.5000,12600.0000,0.000,11003.430
2009-03-25,13050.0000,13050.0000,12000.0000,12298.5000,0.000,11111.400
2009-03-26,12600.0000,12900.0000,12000.0000,12300.0000,0.000,11204.400
2009-03-27,12150.0000,12595.5000,12000.0000,12030.0000,0.000,11295.000
2009-03-30,11868.0000,12300.0000,11739.0000,12150.0000,0.000,11382.000
2009-03-31,12732.0000,13200.0000,12169.5000,13200.0000,0.000,11496.000
2009-04-01,13182.0000,13800.0000,13182.0000,13500.0000,0.000,11610.000
2009-04-02,13648.5000,14100.0000,13503.0000,13800.0000,0.000,11727.000
2009-04-03,13798.5000,13948.5000,13500.0000,13948.5000,0.000,11840.970
2009-04-06,13800.0000,13800.0000,13050.0000,13350.0000,0.000,11912.970
2009-04-07,13050.0000,13950.0000,13050.0000,13650.0000,0.000,11969.970
2009-04-08,14100.0000,14550.0000,13950.0000,13951.5000,0.000,12054.000
2009-04-09,13950.0000,14550.0000,13950.0000,14250.0000,0.000,12138.000
2009-04-13,13950.0000,14700.0000,13950.0000,14400.0000,0.000,12219.000
2009-04-14,14700.0000,15450.0000,14250.0000,15300.0000,0.000,12330.000
2009-04-15,16500.0000,19950.0000,16350.0000,19500.0000,0.000,12516.000
2009-04-16,20250.0000,21300.0000,18901.5000,19800.0000,0.000,12686.970
2009-04-17,20850.0000,20850.0000,18000.0000,19200.0000,0.000,12824.970
2009-04-20,18600.0000,18600.0000,18000.0000,18300.0000,0.000,12950.970
2009-04-21,18450.0000,18450.0000,15900.0000,16200.0000,0.000,13004.970
2009-04-22,16201.5000,17400.0000,16201.5000,17250.0000,0.000,13085.970
2009-04-23,17550.0000,17625.0000,16050.0000,16500.0000,0.000,13148.970
2009-04-24,15450.0000,17250.0000,15450.0000,17100.0000,0.000,13226.970
2009-04-27,16350.0000,17250.0000,15600.0000,15600.0000,0.000,13289.970
2009-04-28,16500.0000,17250.0000,16200.0000,17101.5000,0.000,13389.030
2009-04-29,16200.0000,18150.0000,15900.0000,16200.0000,0.000,13479.030
2009-04-30,17700.0000,17700.0000,16500.0000,16500.0000,0.000,13611.030
2009-05-01,16929.0000,17548.5000,16501.5000,16651.5000,0.000,13752.060
2009-05-04,16722.0000,17550.0000,16650.0000,17550.0000,0.000,13908.060
2009-05-05,18280.5000,18298.5000,16800.0000,17280.0000,0.000,14058.660
2009-05-06,16800.0000,18300.0000,16800.0000,18300.0000,0.000,14220.660
2009-05-07,18300.0000,18900.0000,17701.5000,18750.0000,0.000,14394.660
2009-05-08,18900.0000,20400.0000,18451.5000,19501.5000,0.000,14580.690
2009-05-11,19500.0000,19950.0000,18600.0000,19350.0000,0.000,14766.690
2009-05-12,19200.0000,19350.0000,18000.0000,19348.5000,0.000,14958.660
2009-05-13,18151.5000,18789.0000,16800.0000,16950.0000,0.000,15097.020
2009-05-14,16950.0000,18000.0000,16650.0000,18000.0000,0.000,15247.020
2009-05-15,17700.0000,18750.0000,17550.0000,18300.0000,0.000,15400.020
2009-05-18,18300.0000,19950.0000,18300.0000,19350.0000,0.000,15502.020
2009-05-19,20100.0000,21150.0000,19050.0000,19500.0000,0.000,15622.020
2009-05-20,20098.5000,20698.5000,19950.0000,19950.0000,0.000,15748.020
2009-05-21,20100.0000,20100.0000,18450.0000,18600.0000,0.000,15851.100
2009-05-22,18600.0000,18750.0000,18150.0000,18150.0000,0.000,15941.100
2009-05-26,18000.0000,19350.0000,18000.0000,18601.5000,0.000,16022.130
2009-05-27,19200.0000,20100.0000,18900.0000,20100.0000,0.000,16151.130
2009-05-28,20550.0000,22500.0000,20550.0000,21600.0000,0.000,16316.130
2009-05-29,22500.0000,27150.0000,21750.0000,25350.0000,0.000,16565.130
2009-06-01,31800.0000,48750.0000,30150.0000,33000.0000,0.000,16976.130
2009-06-02,33000.0000,35100.0000,28950.0000,31348.5000,0.000,17353.380
2009-06-03,31350.0000,32848.5000,30150.0000,30900.0000,0.000,17728.230
2009-06-04,32100.0000,32100.0000,29850.0000,30600.0000,0.000,18088.230
2009-06-05,30600.0000,30600.0000,28350.0000,28350.0000,0.000,18409.260
2009-06-08,28500.0000,29550.0000,28351.5000,28650.0000,0.000,18736.260
2009-06-09,27300.0000,28800.0000,26250.0000,26970.0000,0.000,19035.060
2009-06-10,28950.0000,28950.0000,25650.0000,26400.0000,0.000,19320.060
2009-06-11,26436.0000,28798.5000,26100.0000,27900.0000,0.000,19614.060
2009-06-12,28348.5000,28800.0000,25500.0000,27000.0000,0.000,19884.060
2009-06-15,30750.0000,40200.0000,29700.0000,33150.0000,0.000,20271.060
2009-06-16,37050.0000,37275.0000,33750.0000,35250.0000,0.000,20697.090
2009-06-17,36000.0000,36000.0000,30750.0000,32550.0000,0.000,21081.090
2009-06-18,31650.0000,31650.0000,29400.0000,29400.0000,0.000,21396.090
2009-06-19,28650.0000,29100.0000,26400.0000,27300.0000,0.000,21663.060
2009-06-22,27450.0000,28050.0000,26250.0000,26850.0000,0.000,21915.060
2009-06-23,26400.0000,27300.0000,25950.0000,26250.0000,0.000,22152.060
2009-06-24,27000.0000,27000.0000,26250.0000,26550.0000,0.000,22377.060
2009-06-25,26100.0000,27450.0000,25200.0000,25950.0000,0.000,22506.060
2009-06-26,27000.0000,27000.0000,25500.0000,25950.0000,0.000,22629.060
2009-06-29,25500.0000,26850.0000,25500.0000,26250.0000,0.000,22770.060
2009-06-30,27450.0000,27600.0000,25800.0000,25950.0000,0.000,22923.060
2009-07-01,26400.0000,26550.0000,24150.0000,25050.0000,0.000,23100.060
2009-07-02,26100.0000,26400.0000,24450.0000,25500.0000,0.000,23265.060
2009-07-06,26250.0000,27300.0000,26100.0000,26550.0000,0.000,23466.060
2009-07-07,28500.0000,28500.0000,25800.0000,26550.0000,0.000,23655.060
2009-07-08,26700.0000,26850.0000,25650.0000,25950.0000,0.000,23862.060
2009-07-09,26550.0000,26550.0000,26100.0000,26250.0000,0.000,24045.030
2009-07-10,24450.0000,26550.0000,24450.0000,26100.0000,0.000,24243.030
2009-07-13,26850.0000,26850.0000,25800.0000,26100.0000,0.000,24435.030
2009-07-14,26400.0000,27150.0000,26250.0000,26550.0000,0.000,24633.000
2009-07-15,26700.0000,27000.0000,26250.0000,26400.0000,0.000,24810.000
2009-07-16,27150.0000,27150.0000,26100.0000,26250.0000,0.000,24989.400
2009-07-17,26700.0000,27000.0000,26400.0000,26400.0000,0.000,25151.400
2009-07-20,26700.0000,27300.0000,26400.0000,26400.0000,0.000,25304.400
2009-07-21,26700.0000,27450.0000,26400.0000,27150.0000,0.000,25457.370
2009-07-22,26850.0000,31650.0000,26850.0000,31350.0000,0.000,25697.370
2009-07-23,31950.0000,33450.0000,30000.0000,30300.0000,0.000,25916.400
2009-07-24,29400.0000,32700.0000,28950.0000,32100.0000,0.000,26219.400
2009-07-27,33900.0000,34200.0000,31800.0000,33900.0000,0.000,26537.400
2009-07-28,34200.0000,34200.0000,31500.0000,32550.0000,0.000,26822.400
2009-07-29,32250.0000,32700.0000,30150.0000,30450.0000,0.000,27044.400
2009-07-30,30900.0000,32700.0000,30450.0000,32250.0000,0.000,27299.400
2009-07-31,31500.0000,40950.0000,31500.0000,39300.0000,0.000,27686.400
2009-08-03,41700.0000,42300.0000,36600.0000,37800.0000,0.000,28070.400
2009-08-04,40200.0000,40200.0000,32250.0000,38400.0000,0.000,28475.400
2009-08-05,37800.0000,39150.0000,37500.0000,37500.0000,0.000,28853.370
2009-08-06,37500.0000,38700.0000,36750.0000,37350.0000,0.000,29198.370
2009-08-07,38250.0000,39000.0000,36600.0000,39000.0000,0.000,29546.370
2009-08-10,40650.0000,42000.0000,38850.0000,41850.0000,0.000,29876.370
2009-08-11,39300.0000,41250.0000,37500.0000,40350.0000,0.000,30023.370
2009-08-12,40950.0000,40950.0000,39000.0000,40050.0000,0.000,30197.400
2009-08-13,39750.0000,42150.0000,37953.0000,42150.0000,0.000,30422.400
2009-08-14,43200.0000,45150.0000,41550.0000,42450.0000,0.000,30659.400
2009-08-17,13800.0000,19350.0000,13200.0000,17100.0000,0.001,30434.400
2009-08-18,16500.0000,16500.0000,15000.0000,15900.0000,0.000,30179.400
2009-08-19,15600.0000,15750.0000,14850.0000,15000.0000,0.000,29940.000
2009-08-20,15600.0000,15600.0000,15000.0000,15300.0000,0.000,29718.000
2009-08-21,15450.0000,15450.0000,14700.0000,15000.0000,0.000,29460.000
2009-08-24,15750.0000,15750.0000,14400.0000,14400.0000,0.000,29208.000
2009-08-25,14100.0000,14700.0000,13200.0000,14250.0000,0.000,28830.000
2009-08-26,13950.0000,14250.0000,13500.0000,13789.5000,0.000,28400.790
2009-08-27,13950.0000,13950.0000,13201.5000,13798.5000,0.000,28025.760
2009-08-28,13800.0000,13950.0000,13050.0000,13422.0000,0.000,27706.200
2009-08-31,13350.0000,14550.0000,13050.0000,14124.0000,0.000,27442.680
2009-09-01,14250.0000,14400.0000,13650.0000,13800.0000,0.000,27181.680
2009-09-02,13800.0000,13950.0000,13500.0000,13797.0000,0.000,26932.620
2009-09-03,13800.0000,13950.0000,13350.0000,13350.0000,0.000,26668.620
2009-09-04,13500.0000,14025.0000,13200.0000,13948.5000,0.000,26428.590
2009-09-08,13950.0000,13950.0000,13534.5000,13534.5000,0.000,26180.280
2009-09-09,13530.0000,14100.0000,13500.0000,14070.0000,0.000,25936.680
2009-09-10,14100.0000,16800.0000,14098.5000,15750.0000,0.000,25732.680
2009-09-11,16650.0000,17850.0000,16200.0000,17398.5000,0.000,25579.650
2009-09-14,18000.0000,18000.0000,16050.0000,16650.0000,0.000,25402.650
2009-09-15,16800.0000,17100.0000,15000.0000,15750.0000,0.000,25186.650
2009-09-16,17400.0000,21450.0000,17100.0000,20550.0000,0.000,25066.650
2009-09-17,19800.0000,20850.0000,18300.0000,19200.0000,0.000,24931.650
2009-09-18,19500.0000,19500.0000,18150.0000,18450.0000,0.000,24775.650
2009-09-21,20250.0000,22200.0000,19950.0000,20700.0000,0.000,24667.650
2009-09-22,20550.0000,21000.0000,19200.0000,20100.0000,0.000,24547.650
2009-09-23,20700.0000,20850.0000,19800.0000,20100.0000,0.000,24418.650
2009-09-24,19800.0000,19950.0000,16800.0000,16950.0000,0.000,24229.650
2009-09-25,18000.0000,18600.0000,17100.0000,18450.0000,0.000,24073.650
2009-09-28,18750.0000,18750.0000,17250.0000,17550.0000,0.000,23896.650
2009-09-29,18000.0000,18750.0000,18000.0000,18750.0000,0.000,23743.650
2009-09-30,20100.0000,20100.0000,18300.0000,18300.0000,0.000,23566.650
2009-10-01,19200.0000,19200.0000,17400.0000,17700.0000,0.000,23293.650
2009-10-02,17700.0000,18450.0000,16498.5000,18450.0000,0.000,23056.650
2009-10-05,18000.0000,18750.0000,18000.0000,18750.0000,0.000,22789.650
2009-10-06,18750.0000,18750.0000,17700.0000,18150.0000,0.000,22474.650
2009-10-07,18150.0000,18300.0000,17700.0000,18000.0000,0.000,22183.650
2009-10-08,17700.0000,17850.0000,17250.0000,17850.0000,0.000,21931.650
2009-10-09,16650.0000,18450.0000,16650.0000,17850.0000,0.000,21643.650
2009-10-12,18150.0000,18150.0000,17100.0000,17100.0000,0.000,21199.650
2009-10-13,16950.0000,18001.5000,16950.0000,17100.0000,0.000,20785.650
2009-10-14,16950.0000,18000.0000,16950.0000,17250.0000,0.000,20362.650
2009-10-15,17700.0000,17700.0000,17250.0000,17250.0000,0.000,19957.650
2009-10-16,17250.0000,17550.0000,17250.0000,17550.0000,0.000,19561.650
2009-10-19,18300.0000,18300.0000,17700.0000,18000.0000,0.000,19141.650
2009-10-20,18000.0000,18000.0000,16351.5000,16800.0000,0.000,18640.650
2009-10-21,16800.0000,16950.0000,16500.0000,16575.0000,0.000,18165.150
2009-10-22,16500.0000,16950.0000,16500.0000,16950.0000,0.000,17703.150
2009-10-23,16650.0000,17100.0000,16350.0000,16350.0000,0.000,17187.150
2009-10-26,16350.0000,17100.0000,15750.0000,15750.0000,0.000,16653.150
2009-10-27,15750.0000,16800.0000,15750.0000,15900.0000,0.000,16629.150
2009-10-28,15750.0000,15900.0000,15000.0000,15000.0000,0.000,16611.150
2009-10-29,15000.0000,15900.0000,14700.0000,14850.0000,0.000,16608.150
2009-10-30,15300.0000,16200.0000,14700.0000,15300.0000,0.000,16608.150
2009-11-02,16050.0000,16500.0000,15450.0000,15750.0000,0.000,16623.150
2009-11-03,15600.0000,15900.0000,15000.0000,15000.0000,0.000,16635.150
2009-11-04,15450.0000,16500.0000,15450.0000,16500.0000,0.000,16680.150
2009-11-05,16500.0000,16950.0000,16350.0000,16350.0000,0.000,16731.360
2009-11-06,16650.0000,16800.0000,15450.0000,15600.0000,0.000,16767.390
2009-11-09,16650.0000,16650.0000,15750.0000,15750.0000,0.000,16813.950
2009-11-10,15901.5000,16350.0000,15750.0000,16350.0000,0.000,16858.470
2009-11-11,16800.0000,16800.0000,15900.0000,16200.0000,0.000,16906.470
2009-11-12,15900.0000,16200.0000,15450.0000,15900.0000,0.000,16948.530
2009-11-13,15900.0000,15900.0000,15450.0000,15450.0000,0.000,16990.530
2009-11-16,15600.0000,15750.0000,15300.0000,15600.0000,0.000,17023.560
2009-11-17,15600.0000,15750.0000,15150.0000,15300.0000,0.000,17058.870
2009-11-18,15300.0000,15750.0000,14997.0000,15000.0000,0.000,17077.470
2009-11-19,15300.0000,15300.0000,14269.5000,14736.0000,0.000,17057.190
2009-11-20,14850.0000,15000.0000,14617.5000,14850.0000,0.000,17006.220
2009-11-23,15000.0000,15450.0000,14680.5000,14850.0000,0.000,16970.220
2009-11-24,16650.0000,17250.0000,14865.0000,15300.0000,0.000,16961.220
2009-11-25,15000.0000,15900.0000,15000.0000,15900.0000,0.000,16868.220
2009-11-27,15000.0000,15600.0000,15000.0000,15150.0000,0.000,16787.220
2009-11-30,15450.0000,15450.0000,14700.0000,15300.0000,0.000,16724.220
2009-12-01,14851.5000,15150.0000,14835.0000,15000.0000,0.000,16610.220
2009-12-02,16500.0000,16950.0000,15750.0000,15750.0000,0.000,16523.220
2009-12-03,15900.0000,16800.0000,15450.0000,15900.0000,0.000,16439.220
2009-12-04,16800.0000,16801.5000,16050.0000,16800.0000,0.000,16436.220
2009-12-07,13500.0000,14250.0000,13200.0000,14101.5000,0.000,16349.250
2009-12-08,13500.0000,13503.0000,13200.0000,13452.0000,0.000,16267.290
2009-12-09,13050.0000,13800.0000,13050.0000,13350.0000,0.000,16159.290
2009-12-10,13200.0000,13500.0000,13198.5000,13500.0000,0.000,16063.290
2009-12-11,13272.0000,13272.0000,12600.0000,13050.0000,0.000,15970.290
2009-12-14,13050.0000,13342.5000,12750.0000,12810.0000,0.000,15857.490
2009-12-15,12900.0000,13221.0000,12519.0000,12675.0000,0.000,15735.990
2009-12-16,12792.0000,13350.0000,12601.5000,13350.0000,0.000,15639.990
2009-12-17,13350.0000,13350.0000,12900.0000,12900.0000,0.000,15537.990
2009-12-18,13050.0000,13200.0000,12180.0000,12229.5000,0.000,15425.580
2009-12-21,12180.0000,12225.0000,11307.0000,12000.0000,0.000,15308.580
2009-12-22,12000.0000,12300.0000,12000.0000,12298.5000,0.000,15212.550
2009-12-23,12300.0000,12507.0000,12150.0000,12301.5000,0.000,15116.580
2009-12-24,12300.0000,12450.0000,11739.0000,11835.0000,0.000,15008.280
2009-12-28,11835.0000,12300.0000,11700.0000,12111.0000,0.000,14905.500
2009-12-29,12300.0000,12300.0000,11850.0000,12000.0000,0.000,14794.500
2009-12-30,11700.0000,12150.0000,11700.0000,12138.0000,0.000,14677.260
2009-12-31,12088.5000,12150.0000,12000.0000,12103.5000,0.000,14583.330
2010-01-04,12145.5000,12586.5000,12145.5000,12330.0000,0.000,14498.430
2010-01-05,12300.0000,12300.0000,12154.5000,12298.5000,0.000,14405.400
2010-01-06,12300.0000,12300.0000,11979.0000,11991.0000,0.000,14318.220
2010-01-07,11850.0000,12285.0000,11850.0000,12000.0000,0.000,14243.220
2010-01-08,12300.0000,13050.0000,12099.0000,12448.5000,0.000,14174.190
2010-01-11,12750.0000,13197.0000,12150.0000,12375.0000,0.000,14121.690
2010-01-12,12555.0000,12600.0000,12069.0000,12208.5000,0.000,14068.860
2010-01-13,12424.5000,13177.5000,12300.0000,12754.5000,0.000,14017.950
2010-01-14,13200.0000,13950.0000,12750.0000,12765.0000,0.000,13958.250
2010-01-15,12735.0000,13800.0000,12600.0000,12600.0000,0.000,13910.250
2010-01-19,12600.0000,12750.0000,12067.5000,12450.0000,0.000,13829.250
2010-01-20,12300.0000,12600.0000,12118.5000,12150.0000,0.000,13745.250
2010-01-21,12750.0000,12750.0000,12075.0000,12294.0000,0.000,13679.130
2010-01-22,12450.0000,13950.0000,12450.0000,13950.0000,0.000,13643.130
2010-01-25,15000.0000,16500.0000,13950.0000,13951.5000,0.000,13595.160
2010-01-26,14175.0000,14175.0000,12600.0000,13050.0000,0.000,13532.160
2010-01-27,12900.0000,13050.0000,12450.0000,12600.0000,0.000,13466.160
2010-01-28,12750.0000,13335.0000,12600.0000,12615.0000,0.000,13409.460
2010-01-29,13498.5000,13500.0000,12750.0000,12757.5000,0.000,13352.610
2010-02-01,12607.5000,13500.0000,12600.0000,13050.0000,0.000,13307.610
2010-02-02,12750.0000,13050.0000,12750.0000,12900.0000,0.000,13265.610
2010-02-03,13200.0000,13527.0000,12600.0000,12616.5000,0.000,13223.220
2010-02-04,12631.5000,12750.0000,12304.5000,12450.0000,0.000,13175.220
2010-02-05,12600.0000,12733.5000,12150.0000,12150.0000,0.000,13121.220
2010-02-08,12450.0000,12600.0000,12036.0000,12300.0000,0.000,13061.220
2010-02-09,12306.0000,12450.0000,12165.0000,12300.0000,0.000,12989.220
2010-02-10,12300.0000,13041.0000,12300.0000,12600.0000,0.000,12938.220
2010-02-11,12450.0000,12750.0000,12165.0000,12165.0000,0.000,12875.520
2010-02-12,12450.0000,12750.0000,12450.0000,12717.0000,0.000,12829.860
2010-02-16,12457.5000,12900.0000,12457.5000,12750.0000,0.000,12769.860
2010-02-17,12751.5000,12898.5000,12450.0000,12750.0000,0.000,12706.860
2010-02-18,12823.5000,12823.5000,12501.0000,12741.0000,0.000,12625.680
2010-02-19,13050.0000,13050.0000,12516.0000,12585.0000,0.000,12595.350
2010-02-22,12450.0000,12898.5000,12450.0000,12600.0000,0.000,12578.310
2010-02-23,12600.0000,12748.5000,12150.0000,12166.5000,0.000,12554.640
2010-02-24,12150.0000,12568.5000,12150.0000,12319.5000,0.000,12531.030
2010-02-25,12256.5000,12417.0000,12004.5000,12298.5000,0.000,12516.000
2010-02-26,12300.0000,12450.0000,12001.5000,12450.0000,0.000,12508.800
2010-03-01,12750.0000,13200.0000,12450.0000,12525.0000,0.000,12505.800
2010-03-02,12600.0000,13048.5000,12375.0000,12531.0000,0.000,12489.420
2010-03-03,12750.0000,12750.0000,12300.0000,12300.0000,0.000,12477.420
2010-03-04,12450.0000,12588.0000,12150.0000,12448.5000,0.000,12481.800
2010-03-05,12159.0000,12523.5000,12150.0000,12523.5000,0.000,12492.270
2010-03-08,12750.0000,12750.0000,12363.0000,12600.0000,0.000,12498.300
2010-03-09,12450.0000,12465.0000,12256.5000,12300.0000,0.000,12498.270
2010-03-10,12444.0000,12450.0000,12150.0000,12295.5000,0.000,12507.480
2010-03-11,12298.5000,12409.5000,12195.0000,12367.5000,0.000,12512.610
2010-03-12,12300.0000,12450.0000,12213.0000,12213.0000,0.000,12516.870
2010-03-15,12150.0000,12300.0000,12150.0000,12300.0000,0.000,12520.110
2010-03-16,12153.0000,12300.0000,12150.0000,12222.0000,0.000,12522.480
2010-03-17,12294.0000,12300.0000,12000.0000,12150.0000,0.000,12518.880
2010-03-18,12300.0000,12300.0000,11887.5000,12298.5000,0.000,12518.880
2010-03-19,12009.0000,12300.0000,11850.0000,12000.0000,0.000,12519.060
2010-03-22,12000.0000,12600.0000,12000.0000,12600.0000,0.000,12531.060
2010-03-23,12600.0000,12600.0000,12255.0000,12450.0000,0.000,12531.090
2010-03-24,13200.0000,13650.0000,12562.5000,12750.0000,0.000,12538.590
2010-03-25,12646.5000,12900.0000,12001.5000,12001.5000,0.000,12534.450
2010-03-26,12000.0000,12577.5000,11998.5000,12375.0000,0.000,12526.860
2010-03-29,12898.5000,12898.5000,12195.0000,12450.0000,0.000,12520.560
2010-03-30,12474.0000,12600.0000,12003.0000,12600.0000,0.000,12520.560
2010-03-31,12300.0000,12300.0000,11850.0000,11850.0000,0.000,12508.560
2010-04-01,12000.0000,12300.0000,11851.5000,12001.5000,0.000,12505.590
2010-04-05,14700.0000,16050.0000,13824.0000,14287.5000,0.001,12545.460
2010-04-06,14400.0000,14428.5000,13050.0000,13350.0000,0.000,12533.460
2010-04-07,13350.0000,13350.0000,12615.0000,12825.0000,0.000,12510.930
2010-04-08,13800.0000,13800.0000,12951.0000,13200.0000,0.000,12513.930
2010-04-09,13200.0000,13770.0000,13050.0000,13171.5000,0.000,12525.360
2010-04-12,13200.0000,15150.0000,13072.5000,14940.0000,0.000,12571.860
2010-04-13,16800.0000,18450.0000,16200.0000,17418.0000,0.001,12665.070
2010-04-14,17850.0000,21600.0000,16650.0000,20700.0000,0.001,12818.070
2010-04-15,24750.0000,27300.0000,23100.0000,24750.0000,0.001,13055.070
2010-04-16,20250.0000,20400.0000,18300.0000,18750.0000,0.001,13177.740
2010-04-19,19350.0000,19800.0000,18300.0000,18300.0000,0.000,13294.740
2010-04-20,19500.0000,19650.0000,18150.0000,18600.0000,0.000,13423.740
2010-04-21,18450.0000,18451.5000,16650.0000,17100.0000,0.000,13519.740
2010-04-22,17100.0000,17400.0000,15900.0000,16500.0000,0.000,13603.740
2010-04-23,16950.0000,18000.0000,16200.0000,17550.0000,0.000,13702.740
2010-04-26,17700.0000,18600.0000,17100.0000,17100.0000,0.000,13801.440
2010-04-27,17400.0000,17400.0000,16200.0000,16350.0000,0.000,13874.100
2010-04-28,16950.0000,17100.0000,16350.0000,16500.0000,0.000,13949.100
2010-04-29,16650.0000,17850.0000,16200.0000,17550.0000,0.000,14045.100
2010-04-30,17850.0000,18750.0000,17400.0000,18000.0000,0.000,14150.280
2010-05-03,19350.0000,20100.0000,18150.0000,18150.0000,0.000,14261.580
2010-05-04,18150.0000,18750.0000,17400.0000,18150.0000,0.000,14372.580
2010-05-05,18000.0000,19350.0000,17250.0000,18600.0000,0.000,14501.250
2010-05-06,21150.0000,24150.0000,20250.0000,23100.0000,0.002,14716.860
2010-05-07,24450.0000,25650.0000,21900.0000,25200.0000,0.001,14974.890
2010-05-10,27450.0000,29550.0000,26250.0000,28950.0000,0.001,15304.890
2010-05-11,27600.0000,28200.0000,26250.0000,27450.0000,0.001,15603.390
2010-05-12,31200.0000,32850.0000,30450.0000,31350.0000,0.001,15979.770
2010-05-13,31500.0000,31650.0000,28650.0000,29700.0000,0.001,16327.770
2010-05-14,28500.0000,28950.0000,27450.0000,27900.0000,0.001,16636.800
2010-05-17,29850.0000,30600.0000,28200.0000,28800.0000,0.001,16962.330
2010-05-18,29100.0000,29100.0000,27150.0000,27450.0000,0.000,17259.330
2010-05-19,27000.0000,27150.0000,23700.0000,26700.0000,0.000,17547.330
2010-05-20,24750.0000,27000.0000,24300.0000,26550.0000,0.000,17832.420
2010-05-21,24750.0000,28050.0000,23850.0000,26400.0000,0.000,18113.070
2010-05-24,26700.0000,27450.0000,24900.0000,24900.0000,0.000,18366.810
2010-05-25,23250.0000,24600.0000,23100.0000,24600.0000,0.000,18612.810
2010-05-26,26250.0000,26550.0000,24750.0000,25200.0000,0.000,18872.370
2010-05-27,27000.0000,27000.0000,25200.0000,25500.0000,0.000,19139.370
2010-05-28,25500.0000,25651.5000,24750.0000,25350.0000,0.000,19400.400
2010-06-01,25200.0000,25350.0000,23550.0000,23550.0000,0.000,19631.400
2010-06-02,23850.0000,24450.0000,23250.0000,24000.0000,0.000,19859.400
2010-06-03,23700.0000,27450.0000,22950.0000,26700.0000,0.000,20144.400
2010-06-04,26400.0000,27300.0000,25350.0000,25500.0000,0.000,20399.400
2010-06-07,26250.0000,27000.0000,22650.0000,22800.0000,0.000,20615.370
2010-06-08,23400.0000,23850.0000,19650.0000,20250.0000,0.000,20772.870
2010-06-09,20550.0000,21000.0000,18600.0000,18600.0000,0.000,20895.870
2010-06-10,18750.0000,19950.0000,18750.0000,19500.0000,0.000,21033.870
2010-06-11,19650.0000,21000.0000,19350.0000,20250.0000,0.000,21201.870
2010-06-14,20550.0000,21600.0000,20250.0000,20700.0000,0.000,21375.840
2010-06-15,20850.0000,20850.0000,19650.0000,19650.0000,0.000,21483.090
2010-06-16,17700.0000,18750.0000,17400.0000,17700.0000,0.001,21570.090
2010-06-17,19050.0000,19050.0000,18150.0000,18600.0000,0.000,21685.590
2010-06-18,18150.0000,18450.0000,17700.0000,17700.0000,0.000,21775.590
2010-06-21,18450.0000,18600.0000,17400.0000,17700.0000,0.000,21866.160
2010-06-22,17550.0000,17556.0000,16650.0000,16800.0000,0.000,21903.360
2010-06-23,17250.0000,18450.0000,16650.0000,18000.0000,0.000,21915.000
2010-06-24,18000.0000,18000.0000,17250.0000,17550.0000,0.000,21852.000
2010-06-25,17250.0000,18150.0000,17100.0000,18150.0000,0.000,21720.000
2010-06-28,18300.0000,18600.0000,17400.0000,18000.0000,0.000,21705.000
2010-06-29,18750.0000,18750.0000,17100.0000,17550.0000,0.000,21690.000
2010-06-30,17700.0000,17700.0000,17100.0000,17250.0000,0.000,21663.000
2010-07-01,16800.0000,17100.0000,14550.0000,15300.0000,0.000,21627.000
2010-07-02,15450.0000,16650.0000,15450.0000,16350.0000,0.000,21624.000
2010-07-06,17100.0000,17100.0000,15900.0000,15900.0000,0.000,21591.000
2010-07-07,15900.0000,16351.5000,15600.0000,16050.0000,0.000,21570.000
2010-07-08,16200.0000,16500.0000,15600.0000,15750.0000,0.000,21558.000
2010-07-09,15750.0000,16350.0000,15450.0000,15750.0000,0.000,21543.000
2010-07-12,16350.0000,16650.0000,15750.0000,16050.0000,0.000,21513.000
2010-07-13,16200.0000,16500.0000,15901.5000,16350.0000,0.000,21480.000
2010-07-14,16350.0000,18300.0000,16050.0000,17850.0000,0.000,21474.000
2010-07-15,17700.0000,18000.0000,16650.0000,16800.0000,0.000,21447.000
2010-07-16,16800.0000,16950.0000,15750.0000,16650.0000,0.000,21408.000
2010-07-19,17400.0000,17400.0000,16050.0000,16650.0000,0.000,21279.000
2010-07-20,16050.0000,16800.0000,16050.0000,16500.0000,0.000,21105.000
2010-07-21,16800.0000,16800.0000,16300.5000,16350.0000,0.000,20853.000
2010-07-22,16800.0000,16950.0000,16350.0000,16500.0000,0.000,20634.000
2010-07-23,16200.0000,16500.0000,16050.0000,16200.0000,0.000,20331.000
2010-07-26,16050.0000,17100.0000,16050.0000,16200.0000,0.000,20061.000
2010-07-27,16200.0000,16651.5000,16200.0000,16200.0000,0.000,19827.000
2010-07-28,16350.0000,16500.0000,15900.0000,15900.0000,0.000,19569.000
2010-07-29,16050.0000,16350.0000,15900.0000,16350.0000,0.000,19347.000
2010-07-30,16200.0000,16650.0000,15750.0000,16500.0000,0.000,19143.000
2010-08-02,16350.0000,17700.0000,16350.0000,16800.0000,0.000,18948.000
2010-08-03,16800.0000,16950.0000,16350.0000,16350.0000,0.000,18747.000
2010-08-04,16350.0000,18000.0000,16350.0000,17550.0000,0.000,18600.000
2010-08-05,17700.0000,18300.0000,17400.0000,17550.0000,0.000,18459.000
2010-08-06,17250.0000,17550.0000,17100.0000,17400.0000,0.000,18303.000
2010-08-09,17400.0000,17700.0000,17100.0000,17400.0000,0.000,18141.000
2010-08-10,16950.0000,17101.5000,16500.0000,16650.0000,0.000,17967.000
2010-08-11,16500.0000,17850.0000,16200.0000,16500.0000,0.000,17826.000
2010-08-12,16350.0000,16800.0000,16200.0000,16350.0000,0.000,17673.000
2010-08-13,16200.0000,16500.0000,16200.0000,16200.0000,0.000,17463.000
2010-08-16,16350.0000,16350.0000,15900.0000,16200.0000,0.000,17277.000
2010-08-17,16050.0000,16200.0000,15900.0000,16050.0000,0.000,17142.000
2010-08-18,15750.0000,16350.0000,15750.0000,15900.0000,0.000,17055.000
2010-08-19,15750.0000,16050.0000,15450.0000,15600.0000,0.000,16995.000
2010-08-20,15600.0000,15750.0000,15000.0000,15300.0000,0.000,16911.000
2010-08-23,15000.0000,15600.0000,15000.0000,15300.0000,0.000,16812.000
2010-08-24,15150.0000,15151.5000,14700.0000,14700.0000,0.000,16692.000
2010-08-25,14850.0000,14850.0000,14037.0000,14550.0000,0.000,16590.000
2010-08-26,14562.0000,14850.0000,14250.0000,14251.5000,0.000,16521.030
2010-08-27,14250.0000,14820.0000,13950.0000,14820.0000,0.000,16445.430
2010-08-30,14850.0000,15150.0000,14400.0000,14400.0000,0.000,16379.430
2010-08-31,14400.0000,14700.0000,14304.0000,14700.0000,0.000,16319.430
2010-09-01,14850.0000,15600.0000,14701.5000,15450.0000,0.000,16292.430
2010-09-02,15450.0000,17700.0000,15300.0000,17550.0000,0.000,16283.430
2010-09-03,17250.0000,17550.0000,16950.0000,17100.0000,0.000,16274.430
2010-09-07,16800.0000,17250.0000,16350.0000,16350.0000,0.000,16238.430
2010-09-08,16200.0000,17100.0000,16200.0000,16650.0000,0.000,16211.430
2010-09-09,16950.0000,17700.0000,16350.0000,16350.0000,0.000,16187.430
2010-09-10,16350.0000,16950.0000,16050.0000,16950.0000,0.000,16181.430
2010-09-13,16950.0000,17100.0000,16350.0000,16350.0000,0.000,16202.430
2010-09-14,16500.0000,16761.0000,16200.0000,16350.0000,0.000,16202.430
2010-09-15,16350.0000,16950.0000,16350.0000,16650.0000,0.000,16217.430
2010-09-16,16800.0000,17550.0000,16350.0000,16950.0000,0.000,16235.430
2010-09-17,17700.0000,21450.0000,17400.0000,20700.0000,0.001,16334.430
2010-09-20,22050.0000,22200.0000,20250.0000,20250.0000,0.000,16424.430
2010-09-21,20400.0000,20400.0000,18750.0000,19350.0000,0.000,16490.430
2010-09-22,19200.0000,21000.0000,19200.0000,19800.0000,0.000,16559.430
2010-09-23,19800.0000,20100.0000,19050.0000,19350.0000,0.000,16589.430
2010-09-24,20250.0000,20250.0000,18900.0000,19050.0000,0.000,16634.430
2010-09-27,18750.0000,19950.0000,18750.0000,19950.0000,0.000,16700.430
2010-09-28,20250.0000,21150.0000,19650.0000,21000.0000,0.000,16787.430
2010-09-29,21150.0000,21450.0000,19800.0000,19950.0000,0.000,16856.430
2010-09-30,20700.0000,20700.0000,19350.0000,19500.0000,0.000,16919.430
2010-10-01,20400.0000,20400.0000,19500.0000,19800.0000,0.000,16985.430
2010-10-04,19800.0000,19849.5000,19050.0000,19200.0000,0.000,17045.430
2010-10-05,19200.0000,20850.0000,18450.0000,19500.0000,0.000,17111.430
2010-10-06,19350.0000,19350.0000,18600.0000,18600.0000,0.000,17159.430
2010-10-07,18600.0000,19200.0000,18600.0000,18900.0000,0.000,17219.430
2010-10-08,19200.0000,19950.0000,18900.0000,19650.0000,0.000,17285.430
2010-10-11,19500.0000,20250.0000,18900.0000,19200.0000,0.000,17339.430
2010-10-12,19350.0000,19800.0000,19050.0000,19200.0000,0.000,17387.430
2010-10-13,19800.0000,20550.0000,19200.0000,19500.0000,0.000,17450.430
2010-10-14,19650.0000,19800.0000,19050.0000,19050.0000,0.000,17480.430
2010-10-15,19500.0000,19650.0000,19050.0000,19200.0000,0.000,17513.430
2010-10-18,19200.0000,19350.0000,18750.0000,19050.0000,0.000,17546.430
2010-10-19,19350.0000,19350.0000,18000.0000,18450.0000,0.000,17567.430
2010-10-20,18750.0000,19200.0000,18450.0000,18600.0000,0.000,17606.430
2010-10-21,18900.0000,19200.0000,18600.0000,18600.0000,0.000,17648.430
2010-10-22,18750.0000,19200.0000,18450.0000,18900.0000,0.000,17699.430
2010-10-25,19200.0000,19500.0000,18300.0000,18300.0000,0.000,17741.430
2010-10-26,18900.0000,19200.0000,18450.0000,19050.0000,0.000,17798.430
2010-10-27,18750.0000,19050.0000,18450.0000,18450.0000,0.000,17846.430
2010-10-28,18600.0000,18900.0000,18300.0000,18300.0000,0.000,17894.430
2010-10-29,18300.0000,18900.0000,18300.0000,18900.0000,0.000,17960.430
2010-11-01,18900.0000,19050.0000,18600.0000,18750.0000,0.000,18029.430
2010-11-02,18750.0000,19050.0000,18600.0000,18600.0000,0.000,18095.430
2010-11-03,18750.0000,19048.5000,18450.0000,18600.0000,0.000,18173.430
2010-11-04,18750.0000,18901.5000,18300.0000,18300.0000,0.000,18248.430
2010-11-05,18300.0000,18600.0000,18300.0000,18300.0000,0.000,18329.400
2010-11-08,18450.0000,18750.0000,18000.0000,18450.0000,0.000,18402.000
2010-11-09,18450.0000,18750.0000,18150.0000,18300.0000,0.000,18480.000
2010-11-10,18450.0000,19200.0000,18300.0000,18900.0000,0.000,18564.000
2010-11-11,18900.0000,20250.0000,18450.0000,19650.0000,0.000,18648.000
2010-11-12,19650.0000,20400.0000,19350.0000,19800.0000,0.000,18693.000
2010-11-15,20400.0000,20400.0000,18750.0000,19050.0000,0.000,18732.000
2010-11-16,19050.0000,20100.0000,18750.0000,19950.0000,0.000,18804.000
2010-11-17,20250.0000,20700.0000,19200.0000,20400.0000,0.000,18879.000
2010-11-18,20550.0000,20550.0000,19500.0000,19800.0000,0.000,18948.000
2010-11-19,19800.0000,20700.0000,19500.0000,20100.0000,0.000,19011.000
2010-11-22,19950.0000,21300.0000,19650.0000,20850.0000,0.000,19101.000
2010-11-23,20850.0000,20850.0000,19800.0000,19800.0000,0.000,19170.000
2010-11-24,20250.0000,20251.5000,19650.0000,19800.0000,0.000,19233.000
2010-11-26,19800.0000,20100.0000,19650.0000,20100.0000,0.000,19296.000
2010-11-29,20100.0000,22050.0000,19950.0000,21750.0000,0.000,19317.000
2010-11-30,22500.0000,22800.0000,21150.0000,21600.0000,0.000,19344.000
2010-12-01,21450.0000,22350.0000,21150.0000,21150.0000,0.000,19380.000
2010-12-02,21600.0000,22200.0000,21300.0000,21900.0000,0.000,19422.000
2010-12-03,22050.0000,23251.5000,21750.0000,23100.0000,0.000,19497.000
2010-12-06,25350.0000,25350.0000,23550.0000,24000.0000,0.000,19596.000
2010-12-07,24301.5000,25050.0000,22500.0000,22500.0000,0.000,19647.000
2010-12-08,22800.0000,22950.0000,21450.0000,21900.0000,0.000,19665.000
2010-12-09,22200.0000,23400.0000,22200.0000,22950.0000,0.000,19725.000
2010-12-10,23250.0000,23850.0000,22800.0000,23400.0000,0.000,19803.000
2010-12-13,24000.0000,24300.0000,23100.0000,23400.0000,0.000,19875.000
2010-12-14,23700.0000,23850.0000,22650.0000,22950.0000,0.000,19950.000
2010-12-15,23250.0000,24150.0000,22200.0000,23250.0000,0.000,20025.000
2010-12-16,23100.0000,24900.0000,23100.0000,24450.0000,0.000,20142.000
2010-12-17,24900.0000,28200.0000,24900.0000,27600.0000,0.001,20316.000
2010-12-20,28800.0000,30150.0000,28200.0000,29400.0000,0.000,20511.000
2010-12-21,29700.0000,29700.0000,27150.0000,27300.0000,0.000,20673.000
2010-12-22,27000.0000,27150.0000,26100.0000,26700.0000,0.000,20823.000
2010-12-23,26700.0000,28200.0000,26551.5000,27600.0000,0.000,20985.000
2010-12-27,28500.0000,28500.0000,26700.0000,27000.0000,0.000,21144.000
2010-12-28,27150.0000,27300.0000,24450.0000,25650.0000,0.000,21273.000
2010-12-29,26400.0000,26550.0000,25350.0000,26250.0000,0.000,21417.000
2010-12-30,26100.0000,26550.0000,25800.0000,26250.0000,0.000,21573.000
2010-12-31,26100.0000,26250.0000,25665.0000,25800.0000,0.000,21717.000
2011-01-03,26250.0000,27000.0000,25950.0000,26100.0000,0.000,21867.000
2011-01-04,25950.0000,26250.0000,25200.0000,25800.0000,0.000,22005.000
2011-01-05,25800.0000,27000.0000,25500.0000,26550.0000,0.000,22170.000
2011-01-06,27000.0000,27000.0000,25950.0000,26100.0000,0.000,22311.000
2011-01-07,25950.0000,26400.0000,25500.0000,25650.0000,0.000,22455.000
2011-01-10,25800.0000,25950.0000,24900.0000,25350.0000,0.000,22596.000
2011-01-11,25500.0000,26550.0000,25200.0000,25650.0000,0.000,22731.000
2011-01-12,25800.0000,25900.5000,24750.0000,25200.0000,0.000,22860.000
2011-01-13,24900.0000,25050.0000,24150.0000,24150.0000,0.000,22971.000
2011-01-14,24150.0000,25050.0000,24150.0000,24450.0000,0.000,23088.000
2011-01-18,24600.0000,25500.0000,24450.0000,24750.0000,0.000,23217.000
2011-01-19,24750.0000,25048.5000,23400.0000,23550.0000,0.000,23322.000
2011-01-20,24000.0000,24000.0000,22800.0000,23250.0000,0.000,23418.000
2011-01-21,23400.0000,24000.0000,23250.0000,23250.0000,0.000,23517.000
2011-01-24,23400.0000,24150.0000,22950.0000,23550.0000,0.000,23610.000
2011-01-25,24000.0000,24450.0000,23550.0000,23848.5000,0.000,23693.970
2011-01-26,23850.0000,25650.0000,23700.0000,24900.0000,0.000,23795.970
2011-01-27,24600.0000,25500.0000,24600.0000,25200.0000,0.000,23918.970
2011-01-28,24900.0000,25800.0000,24600.0000,24750.0000,0.000,24014.970
2011-01-31,24600.0000,24900.0000,23700.0000,24000.0000,0.000,24086.970
2011-02-01,23550.0000,24000.0000,23250.0000,23400.0000,0.000,24158.970
2011-02-02,23400.0000,24300.0000,23400.0000,24150.0000,0.000,24239.970
2011-02-03,24750.0000,24750.0000,24000.0000,24450.0000,0.000,24311.970
2011-02-04,24450.0000,24451.5000,24000.0000,24150.0000,0.000,24398.970
2011-02-07,24150.0000,24600.0000,24000.0000,24300.0000,0.000,24488.970
2011-02-08,24900.0000,25800.0000,24450.0000,24900.0000,0.000,24584.970
2011-02-09,25050.0000,25350.0000,24450.0000,24900.0000,0.000,24647.970
2011-02-10,24900.0000,27150.0000,24750.0000,27150.0000,0.000,24758.970
2011-02-11,27000.0000,27750.0000,26100.0000,26550.0000,0.000,24866.970
2011-02-14,27000.0000,27450.0000,26400.0000,26848.5000,0.000,24965.940
2011-02-15,27150.0000,27150.0000,24600.0000,24900.0000,0.000,25001.940
2011-02-16,25950.0000,25950.0000,24750.0000,25050.0000,0.000,25022.940
2011-02-17,25500.0000,25800.0000,24900.0000,25500.0000,0.000,25082.940
2011-02-18,25800.0000,26250.0000,25050.0000,25500.0000,0.000,25154.940
2011-02-22,25200.0000,25500.0000,24900.0000,25351.5000,0.000,25202.970
2011-02-23,25200.0000,26850.0000,25198.5000,26850.0000,0.000,25271.970
2011-02-24,26550.0000,27450.0000,26100.0000,26400.0000,0.000,25331.970
2011-02-25,26700.0000,27300.0000,26250.0000,27150.0000,0.000,25415.970
2011-02-28,27750.0000,28200.0000,27300.0000,27300.0000,0.000,25496.970
2011-03-01,27450.0000,27750.0000,26700.0000,27150.0000,0.000,25550.970
2011-03-02,27450.0000,27450.0000,26250.0000,26550.0000,0.000,25529.970
2011-03-03,26700.0000,27300.0000,26100.0000,27000.0000,0.000,25481.970
2011-03-04,27150.0000,28350.0000,26850.0000,27150.0000,0.000,25478.970
2011-03-07,27300.0000,27450.0000,26100.0000,26850.0000,0.000,25481.970
2011-03-08,26850.0000,26850.0000,26400.0000,26850.0000,0.000,25466.970
2011-03-09,29700.0000,31350.0000,27600.0000,27600.0000,0.001,25478.970
2011-03-10,28500.0000,28500.0000,27000.0000,28350.0000,0.000,25532.970
2011-03-11,27600.0000,27600.0000,26700.0000,27600.0000,0.000,25559.970
2011-03-14,27750.0000,27751.5000,26850.0000,27000.0000,0.000,25574.970
2011-03-15,26550.0000,26550.0000,25350.0000,25950.0000,0.000,25577.970
2011-03-16,26550.0000,27300.0000,25950.0000,26100.0000,0.000,25577.970
2011-03-17,26400.0000,27150.0000,26250.0000,26550.0000,0.000,25592.970
2011-03-18,26700.0000,27150.0000,26400.0000,26400.0000,0.000,25589.970
2011-03-21,26850.0000,27150.0000,26250.0000,26250.0000,0.000,25592.970
2011-03-22,26700.0000,27150.0000,25950.0000,26250.0000,0.000,25604.970
2011-03-23,26250.0000,27750.0000,26250.0000,26550.0000,0.000,25628.970
2011-03-24,27300.0000,27600.0000,26700.0000,26850.0000,0.000,25652.970
2011-03-25,27450.0000,27450.0000,26700.0000,26850.0000,0.000,25685.970
2011-03-28,27300.0000,28650.0000,27000.0000,28050.0000,0.000,25763.970
2011-03-29,28800.0000,28800.0000,27750.0000,28350.0000,0.000,25841.970
2011-03-30,28350.0000,30000.0000,28050.0000,29962.5000,0.001,25946.220
2011-03-31,29850.0000,29850.0000,28800.0000,29100.0000,0.000,26057.220
2011-04-01,29850.0000,30450.0000,29250.0000,29400.0000,0.000,26180.220
2011-04-04,29700.0000,30000.0000,27750.0000,28050.0000,0.000,26276.220
2011-04-05,28500.0000,28800.0000,27600.0000,28800.0000,0.000,26381.220
2011-04-06,28950.0000,29250.0000,28350.0000,28950.0000,0.000,26483.250
2011-04-07,29100.0000,29100.0000,27900.0000,28350.0000,0.000,26552.250
2011-04-08,28500.0000,28950.0000,28050.0000,28200.0000,0.000,26612.250
2011-04-11,29100.0000,29100.0000,28050.0000,28200.0000,0.000,26681.250
2011-04-12,28200.0000,28350.0000,27000.0000,27900.0000,0.000,26759.250
2011-04-13,28050.0000,28200.0000,27300.0000,27600.0000,0.000,26843.250
2011-04-14,27600.0000,27750.0000,27150.0000,27300.0000,0.000,26906.250
2011-04-15,27600.0000,29250.0000,27600.0000,29025.0000,0.000,26997.750
2011-04-18,29400.0000,29400.0000,28050.0000,28350.0000,0.000,27081.750
2011-04-19,28650.0000,29850.0000,28050.0000,29700.0000,0.000,27189.750
2011-04-20,30600.0000,31800.0000,30450.0000,31050.0000,0.001,27312.750
2011-04-21,31650.0000,33150.0000,31200.0000,32400.0000,0.001,27462.750
2011-04-25,32550.0000,32550.0000,31050.0000,31950.0000,0.000,27558.750
2011-04-26,32550.0000,35100.0000,31950.0000,34950.0000,0.000,27726.750
2011-04-27,35550.0000,37200.0000,35100.0000,37200.0000,0.001,27933.780
2011-04-28,36900.0000,39000.0000,35400.0000,38100.0000,0.000,28197.780
2011-04-29,37500.0000,40200.0000,35250.0000,35400.0000,0.001,28404.780
2011-05-02,37500.0000,37500.0000,33450.0000,35100.0000,0.000,28596.780
2011-05-03,34950.0000,35400.0000,33150.0000,33600.0000,0.000,28758.780
2011-05-04,35250.0000,35250.0000,33450.0000,34350.0000,0.000,28938.750
2011-05-05,34050.0000,34050.0000,31950.0000,32250.0000,0.000,29046.750
2011-05-06,33000.0000,34050.0000,32400.0000,33750.0000,0.000,29193.750
2011-05-09,33750.0000,36000.0000,33150.0000,35850.0000,0.000,29367.750
2011-05-10,36450.0000,37050.0000,34800.0000,36000.0000,0.000,29541.750
2011-05-11,36300.0000,36300.0000,34500.0000,35400.0000,0.000,29706.750
2011-05-12,35850.0000,35850.0000,34350.0000,35250.0000,0.000,29880.750
2011-05-13,35100.0000,35250.0000,34206.0000,34350.0000,0.000,30027.750
2011-05-16,34350.0000,34498.5000,32250.0000,32250.0000,0.000,30129.750
2011-05-17,32250.0000,32400.0000,30750.0000,32100.0000,0.000,30234.750
2011-05-18,31350.0000,33150.0000,30843.0000,31650.0000,0.000,30330.750
2011-05-19,31800.0000,32551.5000,31200.0000,31950.0000,0.000,30417.750
2011-05-20,33750.0000,34348.5000,33000.0000,33750.0000,0.000,30525.750
2011-05-23,32850.0000,34200.0000,32700.0000,33750.0000,0.000,30648.750
2011-05-24,34050.0000,35098.5000,33150.0000,33300.0000,0.000,30774.750
2011-05-25,34050.0000,34800.0000,33300.0000,34650.0000,0.000,30948.750
2011-05-26,35250.0000,35700.0000,34350.0000,35400.0000,0.000,31134.750
2011-05-27,35851.5000,35851.5000,34500.0000,35565.0000,0.000,31315.050
2011-05-31,37500.0000,38250.0000,36900.0000,38100.0000,0.000,31549.050
2011-06-01,38250.0000,39600.0000,37950.0000,38700.0000,0.000,31798.050
2011-06-02,38850.0000,39285.0000,36900.0000,37650.0000,0.000,32026.050
2011-06-03,37500.0000,37500.0000,35550.0000,36300.0000,0.000,32221.050
2011-06-06,35422.5000,36150.0000,33900.0000,34200.0000,0.000,32368.050
2011-06-07,36450.0000,36750.0000,34800.0000,35250.0000,0.000,32536.050
2011-06-08,34650.0000,36300.0000,34500.0000,35250.0000,0.000,32680.050
2011-06-09,35400.0000,35850.0000,34650.0000,35250.0000,0.000,32818.050
2011-06-10,35100.0000,35100.0000,33900.0000,34200.0000,0.000,32902.800
2011-06-13,34200.0000,34650.0000,33600.0000,33750.0000,0.000,32995.800
2011-06-14,33600.0000,34200.0000,33150.0000,33600.0000,0.000,33079.800
2011-06-15,33300.0000,33600.0000,31650.0000,31800.0000,0.000,33154.800
2011-06-16,31500.0000,33000.0000,31198.5000,32100.0000,0.000,33220.800
2011-06-17,32100.0000,32700.0000,31500.0000,31950.0000,0.000,33280.800
2011-06-20,31800.0000,32850.0000,31500.0000,32400.0000,0.000,33361.800
2011-06-21,32850.0000,33900.0000,32850.0000,33450.0000,0.000,33466.800
2011-06-22,33300.0000,33601.5000,32400.0000,32700.0000,0.000,33556.800
2011-06-23,32400.0000,34050.0000,32100.0000,33750.0000,0.000,33673.800
2011-06-24,34350.0000,34350.0000,33000.0000,33150.0000,0.000,33784.800
2011-06-27,33300.0000,33601.5000,32700.0000,32850.0000,0.000,33895.800
2011-06-28,33000.0000,33600.0000,32850.0000,33075.0000,0.000,33976.800
2011-06-29,33150.0000,33300.0000,32850.0000,33150.0000,0.000,34072.800
2011-06-30,32100.0000,33000.0000,31650.0000,33000.0000,0.000,34138.800
2011-07-01,33000.0000,34350.0000,32998.5000,34050.0000,0.000,34198.800
2011-07-05,34350.0000,34950.0000,34050.0000,34050.0000,0.000,34231.800
2011-07-06,33750.0000,34185.0000,33150.0000,33450.0000,0.000,34261.800
2011-07-07,33450.0000,35100.0000,33450.0000,35100.0000,0.000,34264.800
2011-07-08,34650.0000,35250.0000,34350.0000,34650.0000,0.000,34213.800
2011-07-11,34200.0000,34650.0000,34050.0000,34050.0000,0.000,34132.800
2011-07-12,35250.0000,36000.0000,34500.0000,35100.0000,0.000,34126.800
2011-07-13,35850.0000,35850.0000,34950.0000,35250.0000,0.000,34129.800
2011-07-14,35250.0000,36150.0000,34783.5000,34950.0000,0.000,34156.800
2011-07-15,35850.0000,35850.0000,34350.0000,34500.0000,0.000,34159.800
2011-07-18,34650.0000,34651.5000,33000.0000,33150.0000,0.000,34177.800
2011-07-19,33150.0000,33750.0000,33000.0000,33150.0000,0.000,34165.800
2011-07-20,33750.0000,34500.0000,33150.0000,33450.0000,0.000,34117.800
2011-07-21,33750.0000,34050.0000,33300.0000,33450.0000,0.000,34066.800
2011-07-22,33900.0000,33900.0000,33150.0000,33750.0000,0.000,34033.800
2011-07-25,33150.0000,33600.0000,32850.0000,33000.0000,0.000,33988.800
2011-07-26,33000.0000,33750.0000,32250.0000,32550.0000,0.000,33952.800
2011-07-27,33000.0000,33000.0000,27450.0000,30000.0000,0.000,33907.800
2011-07-28,30000.0000,31500.0000,28950.0000,30150.0000,0.000,33868.800
2011-07-29,29400.0000,30450.0000,27900.0000,29700.0000,0.000,33829.800
2011-08-01,31350.0000,31350.0000,28950.0000,30000.0000,0.000,33790.800
2011-08-02,30300.0000,30450.0000,28500.0000,28650.0000,0.000,33688.800
2011-08-03,28500.0000,29550.0000,25650.0000,28200.0000,0.000,33577.800
2011-08-04,27750.0000,28200.0000,25650.0000,25950.0000,0.000,33430.800
2011-08-05,25950.0000,26850.0000,22650.0000,24900.0000,0.000,33235.800
2011-08-08,21450.0000,23250.0000,21150.0000,21450.0000,0.000,32956.800
2011-08-09,24000.0000,24750.0000,21750.0000,24600.0000,0.000,32737.500
2011-08-10,24750.0000,24750.0000,23398.5000,23700.0000,0.000,32449.500
2011-08-11,24300.0000,25200.0000,23857.5000,24600.0000,0.000,32167.500
2011-08-12,25500.0000,27000.0000,25200.0000,26550.0000,0.000,31945.500
2011-08-15,27300.0000,29250.0000,27300.0000,28200.0000,0.000,31783.500
2011-08-16,27900.0000,28800.0000,27450.0000,27900.0000,0.000,31657.500
2011-08-17,28800.0000,29250.0000,28200.0000,28800.0000,0.000,31528.500
2011-08-18,28050.0000,28050.0000,25800.0000,26550.0000,0.000,31354.500
2011-08-19,25950.0000,27000.0000,25050.0000,25650.0000,0.000,31162.500
2011-08-22,27750.0000,28350.0000,26025.0000,26550.0000,0.000,31009.500
2011-08-23,26550.0000,27600.0000,26400.0000,27448.5000,0.000,30883.470
2011-08-24,28050.0000,28050.0000,27000.0000,27750.0000,0.000,30766.470
2011-08-25,27900.0000,28050.0000,26850.0000,27150.0000,0.000,30673.470
2011-08-26,26550.0000,27300.0000,26250.0000,27300.0000,0.000,30577.470
2011-08-29,27900.0000,28500.0000,27450.0000,28350.0000,0.000,30505.470
2011-08-30,30150.0000,32250.0000,30150.0000,30450.0000,0.000,30466.470
2011-08-31,31650.0000,31650.0000,29850.0000,30150.0000,0.000,30400.470
2011-09-01,30300.0000,30300.0000,29250.0000,29550.0000,0.000,30337.470
2011-09-02,28800.0000,29250.0000,28050.0000,28950.0000,0.000,30241.470
2011-09-06,27750.0000,29250.0000,27750.0000,28350.0000,0.000,30145.470
2011-09-07,28650.0000,30150.0000,28650.0000,29400.0000,0.000,30076.470
2011-09-08,29700.0000,30900.0000,29250.0000,29850.0000,0.000,30011.970
2011-09-09,29700.0000,29998.5000,28350.0000,28950.0000,0.000,29927.970
2011-09-12,28215.0000,29100.0000,27450.0000,28650.0000,0.000,29840.970
2011-09-13,28950.0000,29100.0000,28350.0000,28800.0000,0.000,29735.970
2011-09-14,30000.0000,30600.0000,28800.0000,29100.0000,0.000,29636.970
2011-09-15,29100.0000,29250.0000,27750.0000,28800.0000,0.000,29543.970
2011-09-16,28800.0000,28800.0000,27900.0000,28200.0000,0.000,29405.970
2011-09-19,27750.0000,27900.0000,26400.0000,26700.0000,0.000,29246.970
2011-09-20,27000.0000,27300.0000,25500.0000,25800.0000,0.000,29081.970
2011-09-21,25500.0000,26850.0000,25500.0000,25650.0000,0.000,28892.970
2011-09-22,24750.0000,25500.0000,23700.0000,24600.0000,0.000,28679.970
2011-09-23,24150.0000,24900.0000,23850.0000,24750.0000,0.000,28475.970
2011-09-26,25350.0000,25810.5000,24450.0000,25050.0000,0.000,28286.970
2011-09-27,25500.0000,26100.0000,23700.0000,24150.0000,0.000,28106.970
2011-09-28,24000.0000,24748.5000,22950.0000,23100.0000,0.000,27905.970
2011-09-29,23550.0000,24000.0000,21750.0000,22200.0000,0.000,27680.970
2011-09-30,22200.0000,22800.0000,21600.0000,22800.0000,0.000,27467.970
2011-10-03,22800.0000,22800.0000,21150.0000,21450.0000,0.000,27221.970
2011-10-04,21150.0000,22200.0000,20250.0000,22050.0000,0.000,27002.970
2011-10-05,22350.0000,23689.5000,22050.0000,22965.0000,0.000,26811.270
2011-10-06,22950.0000,23400.0000,22500.0000,23250.0000,0.000,26676.270
2011-10-07,23100.0000,24450.0000,22800.0000,23550.0000,0.000,26544.270
2011-10-10,24300.0000,24750.0000,23400.0000,24150.0000,0.000,26433.270
2011-10-11,24600.0000,25200.0000,23850.0000,24150.0000,0.000,26316.270
2011-10-12,24900.0000,25195.5000,23850.0000,24150.0000,0.000,26226.270
2011-10-13,24150.0000,24450.0000,23250.0000,24000.0000,0.000,26142.270
2011-10-14,23700.0000,24000.0000,21150.0000,22200.0000,0.000,26067.270
2011-10-17,22050.0000,22800.0000,20700.0000,22200.0000,0.000,26013.270
2011-10-18,21900.0000,23100.0000,21450.0000,22500.0000,0.000,26034.270
2011-10-19,22500.0000,22500.0000,21292.5000,21750.0000,0.000,25977.270
2011-10-20,21750.0000,21750.0000,20850.0000,21600.0000,0.000,25935.270
2011-10-21,22200.0000,22650.0000,21900.0000,22500.0000,0.000,25893.270
2011-10-24,22800.0000,23700.0000,22500.0000,22650.0000,0.000,25815.270
2011-10-25,24000.0000,24300.0000,23400.0000,23850.0000,0.000,25728.270
2011-10-26,24300.0000,24300.0000,23100.0000,23550.0000,0.000,25641.270
2011-10-27,24600.0000,25950.0000,23625.0000,24300.0000,0.000,25551.270
2011-10-28,24750.0000,26550.0000,24450.0000,26250.0000,0.000,25545.270
2011-10-31,27000.0000,27000.0000,24900.0000,25350.0000,0.000,25539.270
2011-11-01,24150.0000,24900.0000,23550.0000,24900.0000,0.000,25506.270
2011-11-02,25050.0000,25650.0000,24750.0000,25050.0000,0.000,25458.300
2011-11-03,25200.0000,25500.0000,24300.0000,25200.0000,0.000,25407.300
2011-11-04,24600.0000,24750.0000,23700.0000,24150.0000,0.000,25347.300
2011-11-07,24000.0000,24000.0000,22200.0000,22500.0000,0.000,25251.300
2011-11-08,22500.0000,22950.0000,21750.0000,22500.0000,0.000,25134.300
2011-11-09,22050.0000,22950.0000,21900.0000,21900.0000,0.000,24963.300
2011-11-10,22500.0000,23400.0000,22350.0000,23100.0000,0.000,24822.300
2011-11-11,23250.0000,24000.0000,23209.5000,24000.0000,0.000,24711.300
2011-11-14,24900.0000,25950.0000,24150.0000,25350.0000,0.000,24639.300
2011-11-15,25050.0000,26550.0000,24900.0000,26400.0000,0.000,24600.300
2011-11-16,26850.0000,27300.0000,26250.0000,26250.0000,0.000,24537.300
2011-11-17,26250.0000,26700.0000,25200.0000,25350.0000,0.000,24447.300
2011-11-18,25350.0000,25800.0000,24450.0000,25200.0000,0.000,24372.300
2011-11-21,24600.0000,25050.0000,23700.0000,24300.0000,0.000,24285.300
2011-11-22,24000.0000,25051.5000,24000.0000,24300.0000,0.000,24195.300
2011-11-23,25200.0000,25500.0000,24270.0000,24900.0000,0.000,24111.300
2011-11-25,24750.0000,24900.0000,24150.0000,24450.0000,0.000,24024.300
2011-11-28,25800.0000,25800.0000,24600.0000,24600.0000,0.000,23952.300
2011-11-29,24750.0000,25350.0000,24150.0000,24150.0000,0.000,23901.300
2011-11-30,25050.0000,25200.0000,24000.0000,24000.0000,0.000,23865.300
2011-12-01,23850.0000,24750.0000,23700.0000,24150.0000,0.000,23835.300
2011-12-02,24300.0000,25050.0000,24150.0000,24600.0000,0.000,23835.300
2011-12-05,25050.0000,25800.0000,24750.0000,25650.0000,0.000,23853.300
2011-12-06,26550.0000,27150.0000,25800.0000,26100.0000,0.000,23874.300
2011-12-07,26250.0000,27150.0000,24900.0000,26700.0000,0.000,23925.300
2011-12-08,26700.0000,26850.0000,24600.0000,25200.0000,0.000,23967.300
2011-12-09,25950.0000,26250.0000,25050.0000,26100.0000,0.000,24045.300
2011-12-12,26250.0000,26250.0000,24750.0000,25800.0000,0.000,24105.300
2011-12-13,26550.0000,26850.0000,25200.0000,25200.0000,0.000,24180.300
2011-12-14,25350.0000,25755.0000,24750.0000,24750.0000,0.000,24234.300
2011-12-15,24900.0000,25200.0000,22800.0000,22800.0000,0.000,24231.000
2011-12-16,23250.0000,23700.0000,22950.0000,23250.0000,0.000,24231.000
2011-12-19,23550.0000,24300.0000,22650.0000,23250.0000,0.000,24225.000
2011-12-20,23251.5000,24000.0000,22950.0000,23100.0000,0.000,24204.000
2011-12-21,23100.0000,23700.0000,22500.0000,23400.0000,0.000,24189.000
2011-12-22,23400.0000,23700.0000,22950.0000,23700.0000,0.000,24180.000
2011-12-23,23850.0000,23850.0000,23250.0000,23700.0000,0.000,24174.000
2011-12-27,23700.0000,23850.0000,22950.0000,23100.0000,0.000,24192.000
2011-12-28,23100.0000,23250.0000,22500.0000,22650.0000,0.000,24201.000
2011-12-29,22950.0000,22950.0000,22350.0000,22800.0000,0.000,24207.000
2011-12-30,22800.0000,23550.0000,22500.0000,23100.0000,0.000,24234.000
2012-01-03,23550.0000,24150.0000,23250.0000,23700.0000,0.000,24276.000
2012-01-04,23850.0000,23850.0000,22800.0000,23700.0000,0.000,24300.000
2012-01-05,23400.0000,23850.0000,23100.0000,23850.0000,0.000,24324.000
2012-01-06,24000.0000,24750.0000,23538.0000,24750.0000,0.000,24342.000
2012-01-09,24900.0000,25350.0000,24585.0000,24900.0000,0.000,24369.000
2012-01-10,25200.0000,25200.0000,24450.0000,24600.0000,0.000,24375.000
2012-01-11,24600.0000,25650.0000,24000.0000,25350.0000,0.000,24357.000
2012-01-12,25200.0000,25350.0000,24750.0000,25200.0000,0.000,24354.000
2012-01-13,25200.0000,25350.0000,24300.0000,24750.0000,0.000,24351.000
2012-01-17,24750.0000,25350.0000,24600.0000,24750.0000,0.000,24345.000
2012-01-18,25200.0000,25350.0000,24300.0000,25350.0000,0.000,24348.000
2012-01-19,25500.0000,26100.0000,25200.0000,25500.0000,0.000,24375.000
2012-01-20,25350.0000,25500.0000,24750.0000,25200.0000,0.000,24429.000
2012-01-23,24900.0000,25200.0000,24450.0000,24450.0000,0.000,24468.000
2012-01-24,23850.0000,23850.0000,22050.0000,23400.0000,0.000,24498.000
2012-01-25,23250.0000,23850.0000,23250.0000,23700.0000,0.000,24510.000
2012-01-26,24150.0000,24750.0000,24000.0000,24450.0000,0.000,24519.000
2012-01-27,24450.0000,24600.0000,24000.0000,24600.0000,0.000,24504.000
2012-01-30,25050.0000,25050.0000,24450.0000,25050.0000,0.000,24477.000
2012-01-31,25050.0000,26083.5000,24750.0000,25650.0000,0.000,24465.000
2012-02-01,26250.0000,27000.0000,25950.0000,26550.0000,0.000,24489.000
2012-02-02,26250.0000,27300.0000,26250.0000,27000.0000,0.000,24525.000
2012-02-03,27450.0000,28050.0000,27150.0000,27450.0000,0.000,24588.000
2012-02-06,27600.0000,27900.0000,27150.0000,27450.0000,0.000,24651.000
2012-02-07,27150.0000,27450.0000,26250.0000,26700.0000,0.000,24687.000
2012-02-08,26850.0000,27150.0000,25650.0000,26250.0000,0.000,24723.000
2012-02-09,26250.0000,26550.0000,25500.0000,25500.0000,0.000,24741.000
2012-02-10,25500.0000,25500.0000,24450.0000,24600.0000,0.000,24750.000
2012-02-13,25500.0000,26400.0000,24900.0000,26400.0000,0.000,24798.000
2012-02-14,26700.0000,27300.0000,25200.0000,25350.0000,0.000,24822.000
2012-02-15,25350.0000,25650.0000,24300.0000,24450.0000,0.000,24819.000
2012-02-16,25050.0000,25050.0000,24300.0000,24450.0000,0.000,24795.000
2012-02-17,24750.0000,24757.5000,24000.0000,24600.0000,0.000,24765.000
2012-02-21,24000.0000,24600.0000,23700.0000,24000.0000,0.000,24711.000
2012-02-22,24000.0000,24000.0000,23400.0000,24000.0000,0.000,24687.000
2012-02-23,23700.0000,24150.0000,23550.0000,23850.0000,0.000,24642.000
2012-02-24,24300.0000,24330.0000,23700.0000,23700.0000,0.000,24600.000
2012-02-27,24000.0000,24000.0000,23550.0000,23700.0000,0.000,24570.000
2012-02-28,24000.0000,24600.0000,23700.0000,24600.0000,0.000,24567.000
2012-02-29,24900.0000,26100.0000,24825.0000,25800.0000,0.000,24627.000
2012-03-01,25800.0000,25950.0000,24900.0000,25350.0000,0.000,24669.000
2012-03-02,25500.0000,26250.0000,25050.0000,26250.0000,0.000,24729.000
2012-03-05,28200.0000,32496.0000,28200.0000,32250.0000,0.001,24912.000
2012-03-06,28650.0000,29700.0000,27150.0000,27900.0000,0.000,25002.000
2012-03-07,27600.0000,28500.0000,26400.0000,26550.0000,0.000,25059.000
2012-03-08,27450.0000,27750.0000,26700.0000,27000.0000,0.000,25125.000
2012-03-09,27450.0000,28200.0000,27150.0000,27450.0000,0.000,25212.000
2012-03-12,27900.0000,27900.0000,26400.0000,26400.0000,0.000,25287.000
2012-03-13,26850.0000,27000.0000,26250.0000,26700.0000,0.000,25365.000
2012-03-14,26250.0000,26850.0000,25500.0000,25650.0000,0.000,25416.000
2012-03-15,25500.0000,26400.0000,25500.0000,25800.0000,0.000,25458.000
2012-03-16,26550.0000,28050.0000,25950.0000,28050.0000,0.000,25545.000
2012-03-19,28950.0000,29550.0000,28350.0000,29100.0000,0.000,25650.000
2012-03-20,28500.0000,28650.0000,27750.0000,28200.0000,0.000,25719.000
2012-03-21,28500.0000,29250.0000,27750.0000,28950.0000,0.000,25800.000
2012-03-22,28800.0000,29865.0000,28200.0000,28950.0000,0.000,25887.000
2012-03-23,29250.0000,29700.0000,28050.0000,29250.0000,0.000,25965.000
2012-03-26,30000.0000,31200.0000,29730.0000,30450.0000,0.000,26070.000
2012-03-27,30750.0000,31200.0000,28650.0000,29100.0000,0.000,26157.000
2012-03-28,30000.0000,30150.0000,29100.0000,30000.0000,0.000,26262.000
2012-03-29,29700.0000,30900.0000,29400.0000,30750.0000,0.000,26370.000
2012-03-30,31950.0000,32100.0000,31050.0000,32100.0000,0.000,26502.000
2012-04-02,11100.0000,12150.0000,10500.0000,10948.5000,0.002,26216.970
2012-04-03,10950.0000,11548.5000,9622.5000,10200.0000,0.001,25931.970
2012-04-04,10500.0000,10800.0000,9942.0000,10800.0000,0.000,25679.970
2012-04-05,11325.0000,11985.0000,11025.0000,11985.0000,0.000,25445.670
2012-04-09,12450.0000,12666.0000,11550.0000,12000.0000,0.000,25196.670
2012-04-10,12150.0000,12298.5000,10650.0000,10807.5000,0.000,24920.820
2012-04-11,11700.0000,11700.0000,10222.5000,10800.0000,0.000,24635.820
2012-04-12,10350.0000,10575.0000,10050.0000,10500.0000,0.000,24332.820
2012-04-13,10350.0000,10498.5000,9900.0000,10050.0000,0.000,24002.820
2012-04-16,10350.0000,10350.0000,9750.0000,9900.0000,0.000,23660.820
2012-04-17,9675.0000,9900.0000,9226.5000,9600.0000,0.000,23303.820
2012-04-18,9450.0000,9597.0000,9162.0000,9196.5000,0.000,22938.750
2012-04-19,9199.5000,9598.5000,9199.5000,9375.0000,0.000,22592.250
2012-04-20,9450.0000,9600.0000,9375.0000,9375.0000,0.000,22254.750
2012-04-23,9210.0000,10011.0000,9091.5000,9360.0000,0.000,21931.950
2012-04-24,9748.5000,9748.5000,9151.5000,9151.5000,0.000,21622.980
2012-04-25,9168.0000,9300.0000,9000.0000,9150.0000,0.000,21277.980
2012-04-26,9150.0000,9300.0000,9064.5000,9150.0000,0.000,20953.980
2012-04-27,9150.0000,9600.0000,9150.0000,9322.5000,0.000,20651.430
2012-04-30,9375.0000,9750.0000,9375.0000,9450.0000,0.000,20351.430
2012-05-01,9480.0000,9600.0000,9450.0000,9450.0000,0.000,20048.430
2012-05-02,9600.0000,9600.0000,9229.5000,9300.0000,0.000,19754.430
2012-05-03,9300.0000,9462.0000,9015.0000,9150.0000,0.000,19457.430
2012-05-04,9300.0000,9300.0000,8422.5000,8905.5000,0.000,19158.540
2012-05-07,9450.0000,9450.0000,8853.0000,9000.0000,0.000,18864.540
2012-05-08,9150.0000,9150.0000,8440.5000,8850.0000,0.000,18567.540
2012-05-09,8550.0000,8700.0000,7995.0000,8250.0000,0.000,18240.540
2012-05-10,8400.0000,8700.0000,8400.0000,8550.0000,0.000,17895.540
2012-05-11,8700.0000,8700.0000,8250.0000,8400.0000,0.000,17556.540
2012-05-14,8400.0000,8518.5000,8100.0000,8241.0000,0.000,17196.360
2012-05-15,8250.0000,8550.0000,8100.0000,8475.0000,0.000,16720.860
2012-05-16,8400.0000,8550.0000,8100.0000,8100.0000,0.000,16324.860
2012-05-17,8100.0000,8214.0000,7132.5000,7198.5000,0.000,15937.830
2012-05-18,6600.0000,7050.0000,6450.0000,6825.0000,0.000,15534.330
2012-05-21,6750.0000,7800.0000,6600.0000,7687.5000,0.000,15139.080
2012-05-22,7635.0000,7800.0000,7050.0000,7200.0000,0.000,14755.080
2012-05-23,7200.0000,7200.0000,6675.0000,7018.5000,0.000,14361.450
2012-05-24,7200.0000,7425.0000,6750.0000,7425.0000,0.000,13996.950
2012-05-25,7500.0000,7500.0000,6810.0000,7050.0000,0.000,13621.950
2012-05-29,6885.0000,7057.5000,6675.0000,6675.0000,0.000,13194.450
2012-05-30,6925.5000,6925.5000,6450.0000,6450.0000,0.000,12741.450
2012-05-31,7050.0000,7645.5000,6840.0000,7200.0000,0.000,12321.450
2012-06-01,7035.0000,7192.5000,6750.0000,7048.5000,0.000,11883.420
2012-06-04,6450.0000,6849.0000,6450.0000,6675.0000,0.000,11437.920
2012-06-05,6600.0000,6748.5000,6172.5000,6600.0000,0.000,10984.920
2012-06-06,6195.0000,6750.0000,6195.0000,6451.5000,0.000,10504.950
2012-06-07,6555.0000,6826.5000,6451.5000,6750.0000,0.000,10057.950
2012-06-08,6750.0000,6900.0000,6474.0000,6541.5000,0.000,9588.780
2012-06-11,6450.0000,6600.0000,6340.5000,6420.0000,0.000,9102.180
2012-06-12,6420.0000,6598.5000,6000.0000,6075.0000,0.000,8581.680
2012-06-13,6000.0000,6300.0000,5650.5000,5722.5000,0.000,8477.160
2012-06-14,6000.0000,6300.0000,5926.5000,6174.0000,0.000,8396.640
2012-06-15,6165.0000,6750.0000,6094.5000,6712.5000,0.000,8314.890
2012-06-18,6750.0000,7045.5000,6750.0000,6900.0000,0.000,8213.190
2012-06-19,6600.0000,6750.0000,6300.0000,6390.0000,0.000,8100.990
2012-06-20,6468.0000,6750.0000,6468.0000,6675.0000,0.000,8018.340
2012-06-21,6900.0000,7050.0000,6750.0000,6898.5000,0.000,7940.310
2012-06-22,6900.0000,7203.0000,6870.0000,7018.5000,0.000,7870.680
2012-06-25,7125.0000,7125.0000,6750.0000,6852.0000,0.000,7806.720
2012-06-26,7651.5000,9523.5000,7500.0000,8098.5000,0.001,7770.690
2012-06-27,8250.0000,9000.0000,7710.0000,8100.0000,0.000,7740.690
2012-06-28,7800.0000,8250.0000,7240.5000,7366.5000,0.000,7704.090
2012-06-29,7500.0000,7800.0000,7366.5000,7575.0000,0.000,7668.090
2012-07-02,8250.0000,8250.0000,7357.5000,7648.5000,0.000,7633.560
2012-07-03,7500.0000,7950.0000,7500.0000,7656.0000,0.000,7599.480
2012-07-05,7650.0000,7710.0000,7365.0000,7452.0000,0.000,7565.490
2012-07-06,7410.0000,7647.0000,7275.0000,7510.5000,0.000,7532.700
2012-07-09,7425.0000,7620.0000,7230.0000,7290.0000,0.000,7495.500
2012-07-10,7350.0000,7500.0000,7233.0000,7350.0000,0.000,7456.050
2012-07-11,7485.0000,7485.0000,7240.5000,7312.5000,0.000,7413.300
2012-07-12,7312.5000,7633.5000,7200.0000,7425.0000,0.000,7372.800
2012-07-13,7500.0000,7500.0000,6915.0000,7066.5000,0.000,7328.130
2012-07-16,7050.0000,7068.0000,6525.0000,6750.0000,0.000,7280.130
2012-07-17,6750.0000,6840.0000,6600.0000,6748.5000,0.000,7236.990
2012-07-18,6630.0000,7020.0000,6525.0000,6900.0000,0.000,7194.990
2012-07-19,6525.0000,6900.0000,6525.0000,6750.0000,0.000,7152.990
2012-07-20,6750.0000,6877.5000,6450.0000,6555.0000,0.000,7119.090
2012-07-23,6555.0000,6555.0000,6384.0000,6450.0000,0.000,7077.090
2012-07-24,7200.0000,7800.0000,6750.0000,6750.0000,0.000,7044.090
2012-07-25,7050.0000,7050.0000,6600.0000,6675.0000,0.000,7012.770
2012-07-26,7050.0000,7050.0000,6600.0000,6601.5000,0.000,6975.300
2012-07-27,6600.0000,6600.0000,6150.0000,6150.0000,0.000,6936.300
2012-07-30,6150.0000,6165.0000,5925.0000,6105.0000,0.000,6914.430
2012-07-31,6300.0000,6300.0000,5881.5000,6150.0000,0.000,6900.930
2012-08-01,6300.0000,6405.0000,5880.0000,5925.0000,0.000,6865.680
2012-08-02,6000.0000,6000.0000,5737.5000,5880.0000,0.000,6839.280
2012-08-03,6000.0000,6058.5000,5851.5000,5895.0000,0.000,6816.810
2012-08-06,6000.0000,6075.0000,5664.0000,5985.0000,0.000,6788.010
2012-08-07,6150.0000,6435.0000,6000.0000,6120.0000,0.000,6769.410
2012-08-08,6150.0000,6369.0000,5925.0000,6300.0000,0.000,6761.910
2012-08-09,6150.0000,6300.0000,6150.0000,6150.0000,0.000,6755.910
2012-08-10,6150.0000,6390.0000,6150.0000,6375.0000,0.000,6739.410
2012-08-13,6450.0000,6450.0000,6150.0000,6405.0000,0.000,6726.540
2012-08-14,6570.0000,7650.0000,6450.0000,7650.0000,0.000,6746.040
2012-08-15,7800.0000,7800.0000,6600.0000,7065.0000,0.000,6755.340
2012-08-16,7050.0000,7050.0000,6750.0000,6751.5000,0.000,6761.340
2012-08-17,6615.0000,6751.5000,6337.5000,6600.0000,0.000,6758.340
2012-08-20,6750.0000,6750.0000,6450.0000,6750.0000,0.000,6762.510
2012-08-21,6750.0000,7200.0000,6664.5000,6810.0000,0.000,6770.310
2012-08-22,7050.0000,7198.5000,6826.5000,7033.5000,0.000,6789.480
2012-08-23,7050.0000,7050.0000,6775.5000,6975.0000,0.000,6814.530
2012-08-24,7050.0000,7725.0000,6900.0000,7650.0000,0.000,6844.050
2012-08-27,7395.0000,8040.0000,7350.0000,7350.0000,0.000,6856.800
2012-08-28,7350.0000,7650.0000,7237.5000,7350.0000,0.000,6865.800
2012-08-29,7350.0000,7351.5000,7050.0000,7162.5000,0.000,6881.250
2012-08-30,7200.0000,7273.5000,7056.0000,7153.5000,0.000,6890.820
2012-08-31,7050.0000,7350.0000,7050.0000,7141.5000,0.000,6895.680
2012-09-04,7200.0000,7498.5000,6975.0000,7353.0000,0.000,6902.370
2012-09-05,7498.5000,7498.5000,7125.0000,7245.0000,0.000,6910.230
2012-09-06,7245.0000,7498.5000,7245.0000,7426.5000,0.000,6896.790
2012-09-07,7464.0000,8245.5000,7428.0000,7947.0000,0.000,6893.730
2012-09-10,8775.0000,8775.0000,8100.0000,8101.5000,0.000,6908.430
2012-09-11,7905.0000,8233.5000,7689.0000,7935.0000,0.000,6915.630
2012-09-12,8250.0000,8475.0000,7987.5000,8248.5000,0.000,6927.630
2012-09-13,8550.0000,10050.0000,8250.0000,10047.0000,0.000,6975.450
2012-09-14,9885.0000,10350.0000,9154.5000,9180.0000,0.000,7010.010
2012-09-17,9030.0000,9600.0000,9000.0000,9421.5000,0.000,7048.230
2012-09-18,9300.0000,10749.0000,9300.0000,10650.0000,0.000,7115.430
2012-09-19,10803.0000,11251.5000,10200.0000,10201.5000,0.000,7172.460
2012-09-20,11100.0000,13125.0000,10545.0000,12555.0000,0.000,7277.310
2012-09-21,13350.0000,14070.0000,12600.0000,12660.0000,0.001,7382.010
2012-09-24,12288.0000,12300.0000,10515.0000,11698.5000,0.000,7474.650
2012-09-25,12300.0000,12600.0000,11427.0000,12000.0000,0.000,7579.650
2012-09-26,12582.0000,12582.0000,9150.0000,9300.0000,0.000,7630.680
2012-09-27,9000.0000,10035.0000,8415.0000,9180.0000,0.000,7676.280
2012-09-28,9568.5000,10725.0000,9000.0000,10500.0000,0.000,7751.280
2012-10-01,10993.5000,11385.0000,10050.0000,10051.5000,0.000,7821.210
2012-10-02,10875.0000,10875.0000,10198.5000,10312.5000,0.000,7898.460
2012-10-03,9300.0000,9300.0000,8250.0000,8698.5000,0.000,7937.430
2012-10-04,8260.5000,8695.5000,7803.0000,8689.5000,0.000,7977.720
2012-10-05,7825.0000,8125.0000,6900.0000,7725.0000,0.005,8000.190
2012-10-08,7550.0000,8500.0000,7250.0000,8375.0000,0.000,8044.690
2012-10-09,8725.0000,8875.0000,8000.0000,8250.0000,0.000,8087.590
2012-10-10,8150.0000,8450.0000,7575.0000,7875.0000,0.000,8122.090
2012-10-11,8000.0000,8324.7500,7625.0000,7800.0000,0.000,8159.590
2012-10-12,5975.0000,6200.0000,5875.0000,6075.0000,0.002,8163.490
2012-10-15,6150.0000,6150.0000,5975.5000,6000.0000,0.000,8165.590
2012-10-16,6000.0000,6100.0000,5950.0000,6000.0000,0.000,8165.890
2012-10-17,6075.0000,6125.0000,5950.0000,6000.0000,0.000,8163.490
2012-10-18,6075.0000,6125.0000,5925.0000,6000.0000,0.001,8157.490
2012-10-19,6000.0000,6024.7500,5675.0000,5700.0000,0.000,8148.490
2012-10-22,5650.0000,5800.0000,5000.0000,5650.0000,0.000,8133.990
2012-10-23,5650.0000,5650.0000,5425.0000,5575.0000,0.000,8117.390
2012-10-24,5525.0000,5575.0000,5425.0000,5500.0000,0.000,8074.390
2012-10-25,5500.0000,5675.0000,5425.0000,5575.0000,0.000,8044.590
2012-10-26,5525.0000,5625.0000,5375.0000,5400.0000,0.000,8017.560
2012-10-31,5325.0000,5431.2500,5300.0000,5375.0000,0.000,7993.060
2012-11-01,5350.0000,5625.0000,5350.0000,5550.0000,0.000,7969.060
2012-11-02,5525.0000,5550.0000,5500.0000,5500.0000,0.000,7942.860
2012-11-05,5500.0000,5675.0000,5450.0000,5550.0000,0.000,7913.190
2012-11-06,5625.0000,5925.0000,5550.0000,5800.0000,0.000,7889.690
2012-11-07,5850.0000,5850.0000,5450.0000,5575.0000,0.000,7848.190
2012-11-08,5600.0000,5600.0000,5300.0000,5350.0000,0.000,7808.190
2012-11-09,5300.0000,5550.0000,5300.0000,5500.0000,0.000,7771.190
2012-11-12,5300.0000,5525.0000,5200.0000,5250.0000,0.000,7732.940
2012-11-13,5200.0000,5350.0000,5175.0000,5225.0000,0.000,7694.370
2012-11-14,5225.0000,5275.0000,4775.0000,4825.0000,0.000,7648.040
2012-11-15,4825.0000,4875.0000,4375.0000,4675.0000,0.000,7594.480
2012-11-16,4675.0000,4900.0000,4500.0000,4825.0000,0.000,7546.080
2012-11-19,4900.0000,5025.0000,4800.0000,4975.0000,0.000,7497.050
2012-11-20,4875.0000,5502.5000,4750.0000,5400.0000,0.000,7446.110
2012-11-21,5400.0000,5600.0000,5325.0000,5375.0000,0.000,7391.580
2012-11-23,5550.0000,5550.0000,5250.0000,5350.0000,0.000,7339.880
2012-11-26,5350.0000,5549.7500,5250.0000,5400.0000,0.000,7282.910
2012-11-27,5350.0000,5550.0000,5325.0000,5450.0000,0.000,7190.970
2012-11-28,5450.0000,5475.0000,5350.0000,5425.0000,0.000,7115.870
2012-11-29,5500.0000,5875.0000,5424.7500,5775.0000,0.000,7042.940
2012-11-30,5850.0000,5850.0000,5575.0000,5675.0000,0.000,6943.440
2012-12-03,5750.0000,5750.0000,5625.0000,5675.0000,0.000,6852.910
2012-12-04,5775.0000,5975.0000,5500.0000,5550.0000,0.000,6712.810
2012-12-05,5700.0000,5700.0000,5300.0000,5425.0000,0.000,6568.110
2012-12-06,5400.0000,5575.0000,5325.2500,5575.0000,0.000,6445.640
2012-12-07,5650.0000,5650.0000,5400.0000,5525.0000,0.000,6316.140
2012-12-10,5425.0000,5525.0000,5300.0000,5425.0000,0.000,6238.640
2012-12-11,5600.0000,5625.0000,5400.0000,5475.0000,0.000,6164.540
2012-12-12,5525.0000,5775.0000,5500.0000,5575.0000,0.000,6066.040
2012-12-13,5575.0000,5650.0000,5450.0000,5525.0000,0.000,5975.510
2012-12-14,5475.0000,5650.0000,5400.0000,5475.0000,0.000,5878.760
2012-12-17,5450.0000,5525.0000,5375.0000,5475.0000,0.000,5814.290
2012-12-18,5450.0000,5550.0000,5375.0000,5550.0000,0.000,5751.500
2012-12-19,5450.0000,5700.0000,5450.0000,5650.0000,0.000,5710.000
2012-12-20,5700.0000,5875.0000,5625.0000,5750.0000,0.000,5657.500
2012-12-21,5650.0000,5675.0000,5475.0000,5525.0000,0.000,5603.000
2012-12-24,5500.0000,5525.0000,5375.0000,5425.0000,0.000,5554.000
2012-12-26,5425.0000,5600.0000,5425.0000,5525.0000,0.000,5508.500
2012-12-27,5550.0000,5550.0000,5425.0000,5425.0000,0.000,5495.500
2012-12-28,5700.0000,6800.0000,5625.0000,6175.0000,0.003,5499.000
2012-12-31,6275.0000,6450.0000,5800.0000,5950.0000,0.001,5498.000
2013-01-02,6100.0000,6450.0000,5922.5000,6325.0000,0.001,5504.500
2013-01-03,6500.0000,6800.0000,6350.0000,6350.0000,0.001,5511.500
2013-01-04,6625.0000,6625.0000,6250.0000,6425.0000,0.000,5526.000
2013-01-07,6500.0000,6597.5000,6350.0000,6475.0000,0.000,5542.500
2013-01-08,6500.0000,6500.0000,6275.0000,6375.0000,0.000,5558.500
2013-01-09,6325.0000,6450.0000,6325.0000,6450.0000,0.000,5577.500
2013-01-10,6425.0000,6475.0000,6337.5000,6425.0000,0.000,5594.500
2013-01-11,6400.0000,6875.0000,6400.0000,6850.0000,0.001,5623.500
2013-01-14,6925.0000,7100.0000,6550.0000,6675.0000,0.000,5649.500
2013-01-15,6625.0000,6825.0000,6600.0000,6725.0000,0.000,5673.000
2013-01-16,6775.0000,6850.0000,6450.0000,6475.0000,0.000,5692.500
2013-01-17,6450.0000,6675.0000,6450.0000,6500.0000,0.000,5711.500
2013-01-18,6525.0000,6550.0000,6225.0000,6475.0000,0.000,5725.000
2013-01-22,6500.0000,6550.0000,6375.0000,6500.0000,0.000,5743.500
2013-01-23,6500.0000,6525.0000,6400.0000,6450.0000,0.000,5765.500
2013-01-24,6450.0000,6500.0000,6375.0000,6425.0000,0.000,5784.000
2013-01-25,6550.0000,6550.0000,6400.0000,6475.0000,0.000,5808.500
2013-01-28,6550.0000,7025.0000,6550.0000,6875.0000,0.001,5841.500
2013-01-29,6875.0000,8625.0000,6850.0000,8075.0000,0.002,5906.500
2013-01-30,8200.0000,8450.0000,7325.0000,7575.0000,0.001,5964.500
2013-01-31,7500.0000,7695.0000,6950.0000,7150.0000,0.000,6011.000
2013-02-01,7375.0000,7375.0000,7000.0000,7225.0000,0.000,6056.000
2013-02-04,7275.0000,7300.0000,6725.0000,6875.0000,0.000,6085.500
2013-02-05,6875.0000,6875.0000,6700.0000,6800.0000,0.000,6114.000
2013-02-06,6675.0000,7075.0000,6675.0000,7000.0000,0.000,6147.000
2013-02-07,7075.0000,7750.0000,7025.0000,7600.0000,0.001,6191.000
2013-02-08,7750.0000,7925.0000,7525.0000,7550.0000,0.000,6233.000
2013-02-11,7600.0000,7600.0000,7000.0000,7025.0000,0.000,6265.000
2013-02-12,7125.0000,7150.0000,6750.0000,7000.0000,0.000,6289.500
2013-02-13,6975.0000,7274.7500,6950.0000,7100.0000,0.000,6318.000
2013-02-14,7025.0000,7174.7500,6750.0000,6825.0000,0.000,6341.000
2013-02-15,6850.0000,6858.7500,6500.0000,6625.0000,0.000,6362.500
2013-02-19,6625.0000,6625.0000,6250.0000,6337.5000,0.000,6380.750
2013-02-20,6450.0000,6875.0000,6400.0000,6525.0000,0.000,6399.750
2013-02-21,6525.0000,6600.0000,6250.0000,6350.0000,0.000,6416.250
2013-02-22,6450.0000,6450.0000,6200.0000,6450.0000,0.000,6436.750
2013-02-25,6450.0000,6500.0000,6250.0000,6275.0000,0.000,6452.750
2013-02-26,6275.0000,6300.2500,6150.0000,6175.0000,0.000,6464.750
2013-02-27,6175.0000,6300.0000,5925.0000,6075.0000,0.000,6475.750
2013-02-28,6025.0000,6050.0000,5900.0000,6025.0000,0.000,6486.750
2013-03-01,6150.0000,6450.0000,6075.2500,6287.5000,0.000,6503.000
2013-03-04,6375.0000,6449.0000,6037.5000,6100.0000,0.000,6514.000
2013-03-05,6100.0000,6182.5000,5975.0000,5975.2500,0.000,6520.505
2013-03-06,6100.0000,6175.0000,5975.0000,6100.0000,0.000,6527.505
2013-03-07,6100.0000,6350.0000,6000.0000,6350.0000,0.000,6544.005
2013-03-08,6350.0000,6675.0000,6350.0000,6550.0000,0.000,6566.505
2013-03-11,6425.0000,6450.0000,4625.0000,5075.0000,0.002,6557.505
2013-03-12,5025.0000,5075.0000,4725.0000,4925.0000,0.000,6547.505
2013-03-13,4922.5000,5075.0000,4750.0000,4925.0000,0.000,6522.505
2013-03-14,5075.0000,5075.0000,4775.0000,4850.0000,0.000,6500.505
2013-03-15,4875.0000,4888.0000,4800.0000,4825.0000,0.000,6470.505
2013-03-18,4800.0000,4875.0000,4800.0000,4837.5000,0.000,6440.255
2013-03-19,4875.0000,4875.0000,4700.0000,4762.5000,0.000,6407.005
2013-03-20,4750.0000,4800.0000,4625.0000,4687.5000,0.000,6371.255
2013-03-21,4625.0000,4775.2500,4600.0000,4725.0000,0.000,6338.255
2013-03-22,4825.0000,5000.0000,4775.0000,4900.0000,0.000,6307.255
2013-03-25,4875.0000,5000.0000,4650.0000,4737.5000,0.000,6273.505
2013-03-26,4725.0000,4784.0000,4625.0000,4725.0000,0.000,6231.005
2013-03-27,4650.0000,4725.0000,4625.0000,4725.0000,0.000,6192.005
2013-03-28,4675.0000,4825.0000,4650.0000,4700.0000,0.000,6151.505
2013-04-01,4700.0000,4700.0000,4625.0000,4625.0000,0.000,6114.505
2013-04-02,4675.0000,4700.0000,4525.0000,4550.0000,0.000,6075.505
2013-04-03,4625.0000,4625.0000,4400.0000,4400.0000,0.000,6034.005
2013-04-04,4475.0000,4475.0000,4250.0000,4325.0000,0.000,5990.505
2013-04-05,4325.0000,4500.0000,4275.0000,4450.0000,0.000,5950.505
2013-04-08,4450.0000,4525.0000,4375.0000,4525.0000,0.000,5912.505
2013-04-09,4525.0000,4625.0000,4475.0000,4545.0000,0.000,5873.905
2013-04-10,4650.0000,4800.0000,4575.0000,4750.0000,0.000,5831.405
2013-04-11,5125.0000,5275.0000,4925.0000,4925.0000,0.000,5768.405
2013-04-12,5000.0000,5000.0000,4825.0000,4950.0000,0.000,5715.905
2013-04-15,4925.0000,5050.0000,4775.0000,4775.0000,0.000,5668.405
2013-04-16,5000.0000,5100.0000,4750.0000,4825.0000,0.000,5620.405
2013-04-17,4900.0000,4900.0000,4625.0000,4675.0000,0.000,5576.405
2013-04-18,4675.0000,4700.0000,4400.0000,4474.7500,0.000,5529.900
2013-04-19,4375.0000,4550.0000,4375.0000,4437.5000,0.000,5478.650
2013-04-22,4400.0000,4452.5000,4325.0000,4400.0000,0.000,5414.650
2013-04-23,4400.0000,4550.0000,4325.0000,4475.0000,0.000,5353.150
2013-04-24,4500.0000,4600.2500,4425.0000,4550.0000,0.000,5303.650
2013-04-25,4650.0000,4675.0000,4575.0000,4650.0000,0.000,5256.650
2013-04-26,4575.0000,4675.0000,4525.0000,4525.0000,0.000,5205.150
2013-04-29,4500.0000,4675.0000,4500.0000,4625.0000,0.000,5161.150
2013-04-30,4625.0000,4650.0000,4525.0000,4550.0000,0.000,5119.650
2013-05-01,4550.0000,4575.0000,4450.0000,4475.0000,0.000,5082.400
2013-05-02,4450.0000,4550.0000,4400.0000,4425.0000,0.000,5040.400
2013-05-03,4400.0000,4500.0000,4355.0000,4475.0000,0.000,5002.900
2013-05-06,4550.0000,4684.5000,4475.0000,4625.0000,0.000,4966.400
2013-05-07,4625.0000,4700.0000,4550.0000,4650.0000,0.000,4933.900
2013-05-08,4750.0000,4750.0000,4500.0000,4725.0000,0.000,4904.900
2013-05-09,4750.0000,4800.0000,4650.0000,4675.0000,0.000,4876.900
2013-05-10,4750.0000,4750.0000,4625.0000,4675.0000,0.000,4849.900
2013-05-13,4700.0000,4756.7500,4675.0000,4675.0000,0.000,4817.650
2013-05-14,4675.0000,4800.0000,4650.0000,4775.0000,0.000,4791.150
2013-05-15,4800.0000,4950.0000,4775.0000,4875.0000,0.000,4769.145
2013-05-16,4950.0000,5450.0000,4950.0000,5150.0000,0.000,4750.145
2013-05-17,5225.0000,5375.0000,5150.0000,5250.0000,0.000,4728.145
2013-05-20,5250.0000,5325.0000,5050.0000,5150.0000,0.000,4700.145
2013-05-21,5225.0000,5300.0000,5125.0000,5200.0000,0.000,4702.645
2013-05-22,5150.0000,5160.2500,5050.0000,5150.0000,0.000,4707.145
2013-05-23,5075.0000,5100.0000,4900.0000,5075.0000,0.000,4710.145
2013-05-24,5100.0000,5100.0000,4950.0000,5050.0000,0.000,4714.145
2013-05-28,5050.0000,5250.0000,5025.0000,5125.0000,0.000,4720.145
2013-05-29,5100.0000,5175.0000,5075.0000,5125.0000,0.000,4725.895
2013-05-30,5100.0000,5200.0000,5100.0000,5150.0000,0.000,4733.645
2013-05-31,5175.0000,5200.0000,5150.0000,5175.0000,0.000,4743.395
2013-06-03,5300.0000,5300.0000,4725.0000,4825.0000,0.000,4745.395
2013-06-04,4800.0000,4975.0000,4800.0000,4925.0000,0.000,4745.895
2013-06-05,4850.0000,4949.5000,4725.0000,4749.7500,0.000,4746.140
2013-06-06,4775.0000,4800.2500,4662.5000,4700.0000,0.000,4745.640
2013-06-07,4750.0000,4800.0000,4675.0000,4762.5000,0.000,4746.390
2013-06-10,4850.0000,4850.0000,4675.0000,4700.0000,0.000,4746.390
2013-06-11,4700.0000,4750.0000,4675.0000,4750.0000,0.000,4748.890
2013-06-12,4750.0000,4750.0000,4700.0000,4725.0000,0.000,4752.390
2013-06-13,4700.0000,4975.0000,4700.0000,4975.0000,0.000,4763.890
2013-06-14,5000.0000,5000.0000,4750.0000,4825.0000,0.000,4773.890
2013-06-17,4850.0000,4850.0000,4700.0000,4737.5000,0.000,4779.640
2013-06-18,4700.0000,4762.5000,4650.0000,4750.0000,0.000,4784.140
2013-06-19,4625.0000,4750.0000,4625.0000,4675.0000,0.000,4786.740
2013-06-20,4650.0000,4712.5000,4525.0000,4675.0000,0.000,4785.240
2013-06-21,4725.0000,4750.0000,4575.0000,4725.0000,0.000,4781.240
2013-06-24,4625.0000,4725.0000,4475.0000,4587.5000,0.000,4773.990
2013-06-25,4575.0000,4642.0000,4525.0000,4625.0000,0.000,4770.990
2013-06-26,4625.0000,4650.0000,4525.0000,4600.0000,0.000,4766.490
2013-06-27,4575.0000,4625.0000,4550.0000,4575.0000,0.000,4764.490
2013-06-28,4575.0000,4750.0000,4575.0000,4650.0000,0.000,4767.995
2013-07-01,4700.0000,4774.7500,4700.0000,4725.0000,0.000,4773.745
2013-07-02,4700.0000,4800.0000,4650.0000,4650.0000,0.000,4778.745
2013-07-03,4650.0000,4775.0000,4625.0000,4725.0000,0.000,4783.745
2013-07-05,4700.0000,4747.5000,4625.0000,4707.0000,0.000,4786.885
2013-07-08,4700.0000,4875.0000,4675.0000,4762.5000,0.000,4789.135
2013-07-09,4750.0000,4950.0000,4675.0000,4800.0000,0.000,4794.635
2013-07-10,4850.0000,5050.0000,4775.0000,4950.0000,0.000,4801.135
2013-07-11,4975.0000,5100.0000,4875.0000,4900.0000,0.000,4808.135
2013-07-12,4900.0000,4900.0000,4800.0000,4825.0000,0.000,4815.135
2013-07-15,4850.0000,4897.5000,4750.0000,4775.0000,0.000,4822.135
2013-07-16,4850.0000,4850.0000,4625.0000,4675.0000,0.000,4826.135
2013-07-17,4750.0000,4750.0000,4625.0000,4700.0000,0.000,4827.635
2013-07-18,4675.0000,4725.2500,4625.0000,4687.5000,0.000,4828.385
2013-07-19,4750.0000,4750.0000,4650.0000,4700.0000,0.000,4827.885
2013-07-22,4750.0000,4775.0000,4650.0000,4675.0000,0.000,4827.885
2013-07-23,4700.0000,4750.0000,4650.0000,4650.0000,0.000,4827.385
2013-07-24,4650.0000,4675.0000,4125.0000,4425.0000,0.000,4822.385
2013-07-25,3750.0000,3750.0000,3375.0000,3500.0000,0.002,4796.885
2013-07-26,3625.0000,3625.0000,3475.0000,3475.0000,0.001,4768.885
2013-07-29,3500.0000,3575.0000,3475.0000,3475.0000,0.000,4735.385
2013-07-30,3500.0000,3525.0000,3450.0000,3475.0000,0.000,4699.885
2013-07-31,3575.0000,3650.0000,3500.0000,3500.0000,0.000,4666.885
2013-08-01,3550.0000,3575.0000,3500.0000,3550.0000,0.000,4633.885
2013-08-02,3600.0000,3600.0000,3550.0000,3575.0000,0.000,4602.385
2013-08-05,3575.0000,3625.0000,3550.0000,3575.0000,0.000,4572.385
2013-08-06,3575.0000,3600.0000,3550.0000,3550.0000,0.000,4542.385
2013-08-07,3625.0000,3625.0000,3500.0000,3575.0000,0.000,4511.385
2013-08-08,3575.0000,3650.0000,3500.0000,3600.0000,0.000,4480.885
2013-08-09,3650.0000,3797.5000,3650.0000,3725.0000,0.000,4452.385
2013-08-12,3750.0000,3750.0000,3450.0000,3450.0000,0.000,4417.885
2013-08-13,3450.0000,3500.0000,3450.0000,3475.0000,0.000,4390.885
2013-08-14,3525.0000,3550.0000,3475.0000,3475.0000,0.000,4361.885
2013-08-15,3500.0000,3525.0000,3425.0000,3425.0000,0.000,4335.390
2013-08-16,3425.0000,3475.0000,3425.0000,3450.0000,0.000,4310.390
2013-08-19,3450.0000,3450.0000,3400.0000,3425.0000,0.000,4283.640
2013-08-20,3400.0000,3527.5000,3375.0000,3450.0000,0.000,4258.640
2013-08-21,3500.0000,3550.0000,3450.0000,3525.0000,0.000,4234.140
2013-08-22,3575.0000,3700.0000,3550.0000,3650.0000,0.000,4212.640
2013-08-23,3675.0000,3725.0000,3600.0000,3650.0000,0.000,4186.140
2013-08-26,3650.0000,3725.0000,3650.0000,3675.0000,0.000,4163.140
2013-08-27,3650.0000,3677.5000,3550.0000,3550.0000,0.000,4139.390
2013-08-28,3625.0000,3700.0000,3550.0000,3650.0000,0.000,4117.390
2013-08-29,3675.0000,3725.0000,3625.0000,3650.0000,0.000,4096.890
2013-08-30,3650.0000,3725.0000,3625.0000,3675.0000,0.000,4076.890
2013-09-03,3700.0000,3750.0000,3675.0000,3700.0000,0.000,4056.390
2013-09-04,3600.0000,3925.0000,3600.0000,3825.0000,0.000,4041.140
2013-09-05,3850.0000,4300.0000,3850.0000,4250.0000,0.000,4033.640
2013-09-06,4375.0000,4375.0000,4200.0000,4200.0000,0.000,4025.640
2013-09-09,4150.0000,4250.0000,3900.0000,3975.0000,0.000,4013.640
2013-09-10,4075.0000,4125.0000,4000.0000,4025.0000,0.000,4001.140
2013-09-11,4125.0000,4225.0000,4000.0000,4025.0000,0.000,3987.140
2013-09-12,4000.0000,4075.0000,3925.0000,3925.0000,0.000,3972.640
2013-09-13,4000.0000,4000.0000,3800.0000,3850.0000,0.000,3955.140
2013-09-16,3925.0000,3942.7500,3800.0000,3850.0000,0.000,3938.000
2013-09-17,3925.0000,3925.0000,3875.0000,3875.0000,0.000,3920.250
2013-09-18,3875.0000,3925.0000,3825.0000,3900.0000,0.000,3902.250
2013-09-19,3950.0000,4000.0000,3900.0000,3950.0000,0.000,3882.250
2013-09-20,3975.0000,3975.0000,3850.0000,3875.0000,0.000,3861.750
2013-09-23,3825.0000,3925.0000,3800.0000,3825.0000,0.000,3841.750
2013-09-24,3875.0000,3875.0000,3750.0000,3775.0000,0.000,3821.750
2013-09-25,3875.0000,3875.0000,3750.0000,3825.0000,0.000,3804.750
2013-09-26,3875.0000,3950.0000,3775.0000,3875.0000,0.000,3788.250
2013-09-27,3875.0000,3900.0000,3800.0000,3850.0000,0.000,3771.500
2013-09-30,3800.0000,3850.0000,3775.0000,3775.0000,0.000,3753.000
2013-10-01,3825.0000,3875.0000,3750.0000,3775.0000,0.000,3735.000
2013-10-02,3775.0000,3775.0000,3700.0000,3700.0000,0.000,3716.000
2013-10-03,3750.0000,3850.0000,3675.0000,3775.0000,0.000,3703.000
2013-10-04,3800.0000,3800.0000,3725.0000,3775.0000,0.000,3708.500
2013-10-07,3775.0000,3775.0000,3700.0000,3700.0000,0.000,3713.000
2013-10-08,3700.0000,3750.0000,3675.0000,3675.0000,0.000,3717.000
2013-10-09,3675.0000,3750.0000,3500.0000,3650.0000,0.000,3720.500
2013-10-10,3650.0000,3725.0000,3625.0000,3650.0000,0.000,3723.500
2013-10-11,3625.0000,3675.0000,3625.0000,3650.0000,0.000,3725.500
2013-10-14,3625.0000,3725.0000,3600.0000,3725.0000,0.000,3728.500
2013-10-15,3650.0000,3750.0000,3625.0000,3625.0000,0.000,3729.500
2013-10-16,3675.0000,3750.0000,3650.0000,3725.0000,0.000,3733.000
2013-10-17,3675.0000,3750.0000,3625.0000,3650.0000,0.000,3734.500
2013-10-18,3650.0000,3650.0000,3550.0000,3575.0000,0.000,3734.000
2013-10-21,3575.0000,3625.0000,3550.0000,3550.0000,0.000,3730.500
2013-10-22,3500.0000,3625.0000,3447.5000,3500.0000,0.000,3731.500
2013-10-23,3500.0000,3575.0000,3450.0000,3524.7500,0.000,3732.495
2013-10-24,3500.0000,3550.0000,3475.0000,3500.0000,0.000,3732.995
2013-10-25,3450.0000,3550.0000,3450.0000,3525.0000,0.000,3734.995
2013-10-28,3550.0000,3550.0000,3450.0000,3450.0000,0.000,3734.995
2013-10-29,3425.0000,3500.0000,3425.0000,3500.0000,0.000,3736.495
2013-10-30,3525.0000,3525.0000,3450.0000,3500.0000,0.000,3737.495
2013-10-31,3475.0000,3499.7500,3375.0000,3375.0000,0.000,3734.495
2013-11-01,3425.0000,3450.0000,3375.0000,3375.0000,0.000,3728.995
2013-11-04,3375.0000,3450.0000,3325.0000,3400.0000,0.000,3723.995
2013-11-05,3600.0000,3649.7500,3375.0000,3475.0000,0.000,3719.995
2013-11-06,3625.0000,3625.0000,3450.0000,3525.0000,0.000,3719.495
2013-11-07,3475.0000,3542.5000,3375.0000,3375.0000,0.000,3713.995
2013-11-08,3375.0000,3425.0000,3275.0000,3375.0000,0.000,3708.495
2013-11-11,3350.0000,3400.0000,3300.0000,3375.0000,0.000,3702.495
2013-11-12,3325.0000,3375.0000,3125.0000,3175.0000,0.000,3691.995
2013-11-13,3225.0000,3375.0000,3175.0000,3375.0000,0.000,3682.995
2013-11-14,3400.0000,4200.0000,3375.0000,4000.0000,0.001,3677.995
2013-11-15,4100.0000,4350.0000,4050.0000,4125.0000,0.001,3676.495
2013-11-18,4175.0000,4250.0000,3800.0000,4000.0000,0.000,3676.995
2013-11-19,4025.0000,4150.0000,3925.0000,3975.0000,0.000,3675.995
2013-11-20,2875.0000,2875.0000,2475.0000,2625.0000,0.008,3647.995
2013-11-21,2625.0000,2650.0000,2550.0000,2575.0000,0.001,3620.995
2013-11-22,2600.0000,2625.0000,2550.0000,2625.0000,0.001,3596.495
2013-11-25,2725.0000,2875.0000,2650.0000,2850.0000,0.002,3576.495
2013-11-26,2875.0000,2950.0000,2775.0000,2800.0000,0.001,3554.995
2013-11-27,2875.0000,2875.0000,2775.0000,2775.0000,0.001,3532.495
2013-11-29,2900.0000,2900.0000,2800.0000,2875.0000,0.000,3510.995
2013-12-02,2800.0000,2925.0000,2750.0000,2775.0000,0.001,3488.995
2013-12-03,2875.0000,2875.0000,2750.0000,2775.0000,0.001,3467.995
2013-12-04,2825.0000,2850.0000,2750.0000,2825.0000,0.001,3448.995
2013-12-05,2850.0000,2850.0000,2775.0000,2775.0000,0.000,3427.995
2013-12-06,2800.0000,2825.0000,2750.0000,2750.0000,0.000,3405.495
2013-12-09,2800.0000,2800.0000,2650.0000,2687.5000,0.001,3382.245
2013-12-10,2750.0000,2800.0000,2675.0000,2725.0000,0.000,3361.245
2013-12-11,2750.0000,2775.0000,2700.0000,2750.0000,0.000,3340.745
2013-12-12,2775.0000,3075.0000,2700.0000,3025.0000,0.002,3327.245
2013-12-13,3125.0000,3250.0000,3050.0000,3175.0000,0.002,3315.245
2013-12-16,3200.0000,3250.0000,3050.0000,3100.0000,0.001,3301.745
2013-12-17,3075.0000,3150.0000,2925.0000,3025.0000,0.001,3288.245
2013-12-18,3050.0000,3050.0000,2925.0000,2925.0000,0.000,3273.245
2013-12-19,2925.0000,3025.0000,2875.0000,3000.0000,0.000,3260.245
2013-12-20,3050.0000,3075.0000,2975.0000,3000.0000,0.000,3247.245
2013-12-23,3025.0000,3175.0000,2950.0000,3125.0000,0.001,3236.745
2013-12-24,3250.0000,3400.0000,3125.0000,3325.0000,0.001,3228.745
2013-12-26,3500.0000,3875.0000,3425.0000,3600.0000,0.002,3228.245
2013-12-27,3750.0000,3750.0000,3525.0000,3537.5000,0.001,3224.495
2013-12-30,3700.0000,3700.0000,3400.0000,3500.0000,0.001,3221.495
2013-12-31,3425.0000,3575.0000,3375.0000,3450.0000,0.000,3218.995
2014-01-02,3500.0000,3625.0000,3475.0000,3600.0000,0.001,3219.995
2014-01-03,3725.0000,3750.0000,3525.0000,3650.0000,0.001,3222.995
2014-01-06,3725.0000,4050.0000,3675.0000,3725.0000,0.002,3227.000
2014-01-07,3775.0000,3875.0000,3625.0000,3675.0000,0.001,3230.500
2014-01-08,3725.0000,3750.0000,3550.0000,3650.0000,0.001,3233.000
2014-01-09,2900.0000,2975.0000,2800.0000,2975.0000,0.007,3223.500
2014-01-10,3050.0000,3250.0000,2975.0000,3125.0000,0.002,3216.000
2014-01-13,3225.0000,3250.0000,3075.0000,3100.0000,0.002,3208.000
2014-01-14,3150.0000,3225.0000,3025.0000,3175.0000,0.001,3204.000
2014-01-15,3150.0000,3225.0000,3125.0000,3224.7500,0.001,3200.995
2014-01-16,3250.0000,3275.0000,3175.0000,3200.0000,0.001,3196.995
2014-01-17,3200.0000,3425.0000,3125.0000,3300.0000,0.001,3193.495
2014-01-21,3375.0000,3425.0000,3325.0000,3425.0000,0.001,3191.495
2014-01-22,3450.0000,3475.0000,3375.0000,3450.0000,0.001,3192.995
2014-01-23,3450.0000,3474.7500,3350.0000,3400.0000,0.001,3193.495
2014-01-24,3400.0000,3425.0000,3175.0000,3225.0000,0.001,3190.495
2014-01-27,3250.0000,3262.5000,3025.0000,3050.0000,0.001,3187.995
2014-01-28,3075.0000,3200.0000,3075.0000,3175.0000,0.000,3183.995
2014-01-29,3125.0000,3200.0000,3125.0000,3175.0000,0.000,3167.495
2014-01-30,3225.0000,3275.0000,3200.0000,3275.0000,0.000,3150.495
2014-01-31,3275.0000,3275.0000,3150.0000,3175.0000,0.000,3133.995
2014-02-03,3175.0000,3200.0000,3075.0000,3075.0000,0.000,3115.995
2014-02-04,3200.0000,3200.0000,3100.0000,3125.0000,0.000,3125.995
2014-02-05,3125.0000,3200.0000,3025.0000,3150.0000,0.001,3137.495
2014-02-06,3150.0000,3275.0000,3075.0000,3250.0000,0.001,3149.995
2014-02-07,3250.0000,3250.0000,3125.0000,3212.5000,0.001,3157.245
2014-02-10,3200.0000,3325.0000,3175.0000,3300.0000,0.001,3167.245
2014-02-11,3300.0000,3325.0000,3200.0000,3225.0000,0.000,3176.245
2014-02-12,3250.0000,3300.0000,3125.0000,3150.0000,0.000,3181.745
2014-02-13,3150.0000,3225.0000,3125.0000,3200.0000,0.000,3190.245
2014-02-14,3200.0000,3200.0000,3125.0000,3200.0000,0.000,3198.745
2014-02-18,3200.0000,3224.7500,3150.0000,3150.0000,0.000,3205.245
2014-02-19,3175.0000,3200.0000,3125.0000,3150.0000,0.000,3212.745
2014-02-20,3150.0000,3200.0000,3125.0000,3200.0000,0.000,3221.745
2014-02-21,3200.0000,3350.0000,3175.0000,3275.0000,0.001,3233.495
2014-02-24,3325.0000,3350.0000,3175.0000,3250.0000,0.000,3243.995
2014-02-25,3225.0000,3250.0000,3175.0000,3175.0000,0.000,3252.495
2014-02-26,3200.0000,3250.0000,3150.0000,3150.0000,0.000,3254.995
2014-02-27,3175.0000,3225.0000,3150.0000,3150.0000,0.000,3254.495
2014-02-28,3175.0000,3225.0000,3125.0000,3125.0000,0.000,3254.995
2014-03-03,3125.0000,3200.0000,3075.0000,3075.0000,0.001,3255.995
2014-03-04,3100.0000,3175.0000,3075.0000,3100.0000,0.000,3259.495
2014-03-05,3175.0000,3200.0000,3100.0000,3200.0000,0.000,3263.495
2014-03-06,3200.0000,3200.0000,3125.0000,3150.0000,0.000,3266.495
2014-03-07,3150.0000,3225.0000,3100.0000,3200.0000,0.000,3267.995
2014-03-10,3200.0000,3225.0000,3125.0000,3200.0000,0.000,3265.495
2014-03-11,3175.0000,3800.0000,3150.0000,3725.0000,0.002,3267.995
2014-03-12,3575.0000,3600.0000,3300.0000,3450.0000,0.001,3266.245
2014-03-13,3475.0000,3475.0000,3275.0000,3325.0000,0.001,3262.745
2014-03-14,3225.0000,3250.0000,3125.0000,3175.0000,0.001,3257.245
2014-03-17,3225.0000,3325.0000,3125.0000,3150.0000,0.001,3248.245
2014-03-18,3225.0000,3325.0000,3175.0000,3200.0000,0.000,3239.245
2014-03-19,3150.0000,3250.2500,3150.0000,3175.0000,0.000,3228.245
2014-03-20,3225.0000,3325.0000,3150.0000,3150.0000,0.001,3217.745
2014-03-21,3200.0000,3225.0000,3125.0000,3150.0000,0.000,3207.745
2014-03-24,3150.0000,3199.7500,3025.0000,3062.5000,0.001,3209.495
2014-03-25,3100.0000,3150.0000,3000.0000,3050.0000,0.000,3207.995
2014-03-26,3050.0000,3075.0000,3000.0000,3000.0000,0.000,3205.995
2014-03-27,3050.0000,3050.2500,2900.0000,2950.0000,0.000,3201.495
2014-03-28,2975.0000,3049.7500,2900.0000,3000.0000,0.000,3197.000
2014-03-31,2975.0000,2975.0000,2875.0000,2925.0000,0.000,3191.500
2014-04-01,2950.0000,3025.0000,2950.0000,3025.0000,0.000,3186.000
2014-04-02,3075.0000,3125.0000,3025.2500,3075.0000,0.000,3179.000
2014-04-03,3100.0000,3125.0000,2975.0000,3000.0000,0.000,3170.000
2014-04-04,2950.0000,2975.0000,2900.0000,2950.0000,0.000,3161.000
2014-04-07,2975.0000,3000.0000,2875.0000,2950.0000,0.000,3155.500
2014-04-08,2950.0000,3000.0000,2900.2500,3000.0000,0.000,3154.500
2014-04-09,3025.0000,3075.0000,3000.0000,3050.0000,0.000,3152.000
2014-04-10,3000.0000,3075.0000,2900.0000,2925.0000,0.000,3147.000
2014-04-11,2875.0000,2925.2500,2825.0000,2825.0000,0.000,3138.000
2014-04-14,2825.0000,2900.0000,2775.0000,2775.0000,0.000,3130.000
2014-04-15,2775.0000,2800.0000,2550.0000,2675.0000,0.001,3122.000
2014-04-16,2675.0000,2812.5000,2675.0000,2800.0000,0.000,3115.500
2014-04-17,2825.0000,2900.0000,2800.0000,2875.0000,0.000,3110.000
2014-04-21,2875.0000,2950.0000,2850.0000,2925.0000,0.000,3103.500
2014-04-22,2950.0000,3000.0000,2900.0000,2925.0000,0.000,3097.750
2014-04-23,2975.0000,3000.0000,2875.0000,2875.0000,0.000,3089.250
2014-04-24,2900.0000,2950.0000,2900.0000,2925.0000,0.000,3083.250
2014-04-25,2975.0000,2975.0000,2825.0000,2875.0000,0.000,3077.750
2014-04-28,2875.0000,2900.0000,2750.0000,2825.0000,0.000,3070.250
2014-04-29,2825.0000,2875.0000,2775.0000,2850.0000,0.000,3063.250
2014-04-30,2850.0000,2875.0000,2775.0000,2850.0000,0.000,3057.250
2014-05-01,2800.0000,2900.0000,2800.0000,2850.0000,0.000,3051.250
2014-05-02,2850.0000,2900.0000,2800.0000,2825.0000,0.000,3043.750
2014-05-05,2800.0000,2875.0000,2775.0000,2825.0000,0.000,3034.750
2014-05-06,2800.0000,2875.0000,2725.0000,2800.0000,0.000,3025.750
2014-05-07,2750.0000,2800.0000,2625.0000,2725.0000,0.000,3016.750
2014-05-08,2750.0000,2750.0000,2625.0000,2675.0000,0.000,3007.250
2014-05-09,2700.0000,2700.0000,2550.0000,2625.0000,0.000,2996.750
2014-05-12,2675.0000,2750.0000,2550.0000,2675.0000,0.000,2987.750
2014-05-13,2700.0000,2800.0000,2625.0000,2725.0000,0.000,2980.750
2014-05-14,2650.0000,2824.7500,2650.0000,2775.0000,0.000,2974.250
2014-05-15,2825.0000,2825.0000,2700.0000,2750.0000,0.000,2965.250
2014-05-16,2700.0000,2750.0000,2675.0000,2700.0000,0.000,2956.250
2014-05-19,2700.0000,2775.0000,2700.0000,2725.0000,0.000,2946.750
2014-05-20,2725.0000,2750.0000,2675.0000,2700.0000,0.000,2936.750
2014-05-21,2650.0000,2700.0000,2575.0000,2625.7500,0.000,2914.765
2014-05-22,2575.0000,2750.0000,2575.0000,2650.0000,0.000,2898.765
2014-05-23,2700.0000,2750.0000,2675.0000,2675.0000,0.000,2885.765
2014-05-27,2700.0000,2750.0000,2650.0000,2700.0000,0.000,2876.265
2014-05-28,2700.0000,2750.0000,2675.0000,2675.0000,0.000,2866.765
2014-05-29,2675.0000,2825.0000,2675.0000,2775.0000,0.000,2858.265
2014-05-30,2750.0000,2850.0000,2725.0000,2725.0000,0.000,2849.265
2014-06-02,2725.0000,2774.7500,2675.0000,2675.0000,0.000,2839.765
2014-06-03,2675.0000,2675.0000,2600.0000,2650.0000,0.000,2829.765
2014-06-04,2700.0000,2705.0000,2600.0000,2675.0000,0.000,2822.015
2014-06-05,2675.2500,2750.0000,2675.0000,2700.0000,0.000,2815.015
2014-06-06,2675.0000,2725.0000,2647.5000,2675.0000,0.000,2808.515
2014-06-09,2675.0000,2775.0000,2675.0000,2675.0000,0.000,2803.015
2014-06-10,2700.0000,2800.0000,2700.0000,2775.0000,0.000,2798.515
2014-06-11,2800.0000,2900.0000,2775.0000,2800.0000,0.000,2796.015
2014-06-12,2750.0000,2825.0000,2650.0000,2725.0000,0.000,2790.015
2014-06-13,2675.0000,2725.0000,2675.0000,2725.0000,0.000,2783.015
2014-06-16,2675.0000,2750.0000,2675.0000,2725.0000,0.000,2777.515
2014-06-17,2700.0000,2750.0000,2700.0000,2725.0000,0.000,2773.015
2014-06-18,2725.0000,2750.0000,2700.0000,2725.0000,0.000,2768.515
2014-06-19,2725.0000,2750.0000,2675.0000,2725.0000,0.000,2763.015
2014-06-20,2750.0000,2775.0000,2725.0000,2775.0000,0.000,2757.515
2014-06-23,2800.0000,2850.0000,2725.0000,2800.0000,0.000,2755.015
2014-06-24,2800.0000,2875.0000,2775.0000,2825.0000,0.000,2755.015
2014-06-25,2800.0000,2850.0000,2800.0000,2825.0000,0.000,2756.015
2014-06-26,2825.0000,2850.0000,2725.0000,2775.0000,0.000,2758.015
2014-06-27,2800.0000,2825.0000,2750.0000,2775.0000,0.000,2757.515
2014-06-30,2775.0000,2950.0000,2775.0000,2902.5000,0.000,2758.065
2014-07-01,2975.0000,3025.0000,2875.0000,3025.0000,0.001,2760.065
2014-07-02,3150.0000,3250.0000,3095.2500,3225.0000,0.002,2766.065
2014-07-03,3300.0000,3375.0000,3200.0000,3275.0000,0.001,2774.065
2014-07-07,3200.0000,3250.0000,3075.0000,3175.0000,0.001,2779.065
2014-07-08,3150.0000,3179.5000,3075.0000,3125.0000,0.001,2784.065
2014-07-09,3125.0000,3150.0000,3075.0000,3125.0000,0.000,2790.065
2014-07-10,3075.0000,3100.0000,3000.0000,3075.0000,0.000,2794.565
2014-07-11,3075.0000,3150.0000,3075.0000,3125.0000,0.000,2800.065
2014-07-14,3150.0000,3200.0000,3100.0000,3125.0000,0.000,2805.565
2014-07-15,3100.0000,3175.0000,3050.0000,3075.0000,0.000,2810.565
2014-07-16,3075.0000,3075.0000,2925.0000,2925.0000,0.000,2812.565
2014-07-17,3075.0000,3150.0000,2950.0000,2950.0000,0.001,2815.565
2014-07-18,2950.0000,3000.0000,2900.0000,2975.0000,0.000,2820.565
2014-07-21,3000.0000,3050.0000,2975.0000,3050.0000,0.000,2828.065
2014-07-22,3075.0000,3075.0000,3000.0000,3000.0000,0.000,2835.565
2014-07-23,2975.0000,3000.0000,2900.0000,3000.0000,0.000,2842.065
2014-07-24,3000.0000,3000.0000,2925.0000,2975.0000,0.000,2847.065
2014-07-25,2975.0000,2975.0000,2925.0000,2975.0000,0.000,2851.065
2014-07-28,2950.0000,2952.5000,2875.0000,2900.0000,0.000,2854.065
2014-07-29,2875.0000,2975.0000,2875.0000,2950.0000,0.000,2859.065
2014-07-30,2925.0000,2975.0000,2925.0000,2950.0000,0.000,2863.565
2014-07-31,2975.0000,2975.0000,2900.0000,2950.0000,0.000,2868.565
2014-08-01,2975.0000,2975.0000,2825.0000,2850.0000,0.000,2873.050
2014-08-04,2850.0000,2900.0000,2800.0000,2850.0000,0.000,2877.050
2014-08-05,2825.0000,2975.0000,2825.0000,2950.0000,0.000,2882.550
2014-08-06,2950.0000,2975.0000,2925.0000,2950.0000,0.000,2887.550
2014-08-07,2925.0000,2950.0000,2875.0000,2900.0000,0.000,2892.050
2014-08-08,2875.0000,2950.0000,2875.0000,2912.5000,0.000,2894.800
2014-08-11,2925.0000,2950.0000,2900.0000,2950.0000,0.000,2899.300
2014-08-12,2950.0000,3000.0000,2925.0000,2975.0000,0.000,2905.300
2014-08-13,3000.0000,3000.0000,2950.0000,2975.0000,0.000,2911.800
2014-08-14,2975.0000,3150.0000,2975.0000,3125.0000,0.000,2920.800
2014-08-15,3150.0000,3200.0000,3125.0000,3150.0000,0.000,2929.800
2014-08-18,3200.0000,3225.0000,3100.0000,3200.0000,0.000,2940.300
2014-08-19,3225.0000,3400.0000,3175.0000,3325.0000,0.001,2953.300
2014-08-20,3350.0000,3400.0000,3300.0000,3300.0000,0.000,2963.800
2014-08-21,3300.0000,3325.0000,3175.0000,3200.0000,0.000,2971.800
2014-08-22,3250.0000,3250.0000,3175.0000,3225.0000,0.000,2981.800
2014-08-25,3250.0000,3287.5000,3225.0000,3225.0000,0.000,2991.800
2014-08-26,3225.0000,3324.7500,3225.0000,3275.0000,0.000,3002.800
2014-08-27,3300.0000,3350.0000,3275.0000,3325.0000,0.000,3014.800
2014-08-28,3325.0000,3550.0000,3325.0000,3500.0000,0.001,3030.300
2014-08-29,3625.0000,3800.0000,3575.0000,3750.0000,0.002,3050.800
2014-09-02,3850.0000,3850.0000,3425.0000,3625.0000,0.001,3067.800
2014-09-03,3625.0000,3625.0000,3525.0000,3550.0000,0.000,3082.800
2014-09-04,3575.0000,3625.0000,3550.0000,3550.0000,0.000,3097.300
2014-09-05,3550.0000,3550.0000,3500.0000,3525.0000,0.000,3111.300
2014-09-08,3550.0000,3550.0000,3375.0000,3450.0000,0.000,3124.800
2014-09-09,3400.0000,3500.0000,3325.0000,3350.0000,0.001,3136.300
2014-09-10,3375.0000,3400.0000,3300.0000,3375.0000,0.000,3145.750
2014-09-11,3375.0000,3475.0000,3325.0000,3425.0000,0.000,3153.750
2014-09-12,3450.0000,3450.0000,3400.0000,3412.5000,0.000,3157.500
2014-09-15,3450.0000,3525.0000,3412.5000,3450.0000,0.001,3161.000
2014-09-16,3500.0000,3650.0000,3475.0000,3575.0000,0.001,3169.000
2014-09-17,3625.0000,3625.0000,3500.0000,3525.0000,0.000,3177.000
2014-09-18,3500.0000,3547.5000,3375.0000,3400.0000,0.001,3182.500
2014-09-19,3450.0000,3460.0000,3350.0000,3400.0000,0.000,3189.000
2014-09-22,3375.0000,3450.0000,3350.0000,3425.0000,0.000,3195.000
2014-09-23,3425.0000,3500.0000,3400.0000,3425.0000,0.000,3201.000
2014-09-24,3425.0000,3499.7500,3400.0000,3400.0000,0.000,3207.500
2014-09-25,3400.0000,3400.0000,3275.0000,3325.0000,0.000,3215.500
2014-09-26,3300.0000,3400.0000,3275.0000,3325.0000,0.000,3223.000
2014-09-29,3275.0000,3350.0000,3275.0000,3300.0000,0.000,3229.500
2014-09-30,3325.0000,3375.0000,3300.0000,3350.0000,0.000,3235.500
2014-10-01,3325.0000,3325.0000,3250.0000,3250.0000,0.000,3240.500
2014-10-02,3250.0000,3312.5000,3250.0000,3275.0000,0.000,3246.000
2014-10-03,3300.0000,3375.0000,3300.0000,3350.0000,0.000,3253.500
2014-10-06,3375.0000,3375.0000,3344.5000,3350.0000,0.000,3261.000
2014-10-07,3350.0000,3375.0000,3325.0000,3350.0000,0.000,3270.000
2014-10-08,3350.0000,3375.0000,3325.0000,3350.0000,0.000,3278.000
2014-10-09,3350.0000,3400.0000,3350.0000,3350.0000,0.000,3286.000
2014-10-10,3350.0000,3350.0000,3200.0000,3200.0000,0.001,3291.000
2014-10-13,3225.0000,3275.0000,2900.0000,2900.0000,0.001,3292.000
2014-10-14,2825.0000,2897.5000,2050.0000,2475.0000,0.002,3284.500
2014-10-15,2350.0000,2650.0000,2325.0000,2425.0000,0.000,3274.000
2014-10-16,2500.0000,2750.0000,2475.0000,2700.0000,0.000,3269.000
2014-10-17,2800.0000,2899.7500,2675.0000,2699.7500,0.000,3264.995
2014-10-20,2650.0000,2850.0000,2650.0000,2825.0000,0.000,3263.245
2014-10-21,2875.0000,2975.0000,2850.0000,2950.0000,0.000,3263.245
2014-10-22,3025.0000,3050.0000,2925.0000,2950.0000,0.000,3262.745
2014-10-23,3000.0000,3025.0000,2875.0000,2875.0000,0.000,3260.745
2014-10-24,2950.0000,2950.0000,2800.0000,2925.0000,0.000,3256.745
2014-10-27,3075.0000,3350.0000,2850.0000,3050.0000,0.003,3254.745
2014-10-28,3175.0000,3175.0000,2875.0000,2925.0000,0.001,3249.245
2014-10-29,2925.0000,2975.0000,2750.0000,2775.0000,0.001,3238.245
2014-10-30,2825.0000,2850.0000,2650.0000,2650.0000,0.001,3225.245
2014-10-31,2750.0000,2824.7500,2675.0000,2800.0000,0.001,3217.245
2014-11-03,2975.0000,2975.0000,2800.0000,2875.0000,0.001,3210.245
2014-11-04,2900.0000,2950.0000,2675.0000,2775.0000,0.002,3201.245
2014-11-05,3050.0000,3375.0000,2900.0000,3225.0000,0.003,3200.245
2014-11-06,1573.7500,1875.0000,1430.0000,1625.0000,0.009,3166.245
2014-11-07,1700.0000,1725.0000,1365.0000,1417.5000,0.003,3124.595
2014-11-10,1400.0000,1596.7500,1392.5000,1557.2500,0.001,3080.740
2014-11-11,1575.0000,1625.0000,1462.5000,1462.5000,0.001,3037.490
2014-11-12,1612.5000,1612.5000,1499.0000,1512.5000,0.001,2996.740
2014-11-13,1600.0000,1610.0000,1465.2500,1486.7500,0.001,2955.475
2014-11-14,1475.0000,1500.0000,1387.5000,1400.0000,0.000,2912.975
2014-11-17,1406.2500,1500.0000,1333.7500,1375.0000,0.001,2871.475
2014-11-18,1381.7500,1424.7500,1360.2500,1384.0000,0.000,2832.155
2014-11-19,1377.5000,1389.7500,1200.0000,1341.0000,0.001,2791.475
2014-11-20,1325.0000,1395.0000,1300.0000,1325.0000,0.000,2749.475
2014-11-21,1325.0000,1374.0000,1300.0000,1332.5000,0.000,2707.875
2014-11-24,1350.0000,1374.0000,1312.5000,1313.7500,0.000,2665.150
2014-11-25,1300.0000,1348.7500,1300.0000,1320.0000,0.000,2620.050
2014-11-26,1303.7500,1345.0000,1287.5000,1325.0000,0.000,2576.050
2014-11-28,1300.0000,1339.7500,1275.0000,1300.0000,0.000,2534.050
2014-12-01,1417.5000,1625.0000,1375.0000,1600.0000,0.002,2498.050
2014-12-02,1737.5000,1975.0000,1685.0000,1950.5000,0.002,2468.560
2014-12-03,2000.0000,2075.0000,1783.7500,1900.0000,0.001,2438.060
2014-12-04,1875.0000,1875.0000,1675.0000,1687.5000,0.000,2403.810
2014-12-05,1687.5000,1712.5000,1575.0000,1600.0000,0.000,2369.310
2014-12-08,1623.7500,1800.0000,1623.7500,1675.0000,0.000,2336.310
2014-12-09,1625.0000,1705.0000,1575.0000,1575.0000,0.000,2301.810
2014-12-10,1604.0000,1647.0000,1497.5000,1497.5000,0.000,2264.760
2014-12-11,1497.5000,1541.2500,1425.0000,1425.0000,0.000,2228.260
2014-12-12,1475.0000,1575.0000,1425.2500,1498.0000,0.000,2192.720
2014-12-15,1562.5000,1588.0000,1475.5000,1525.0000,0.000,2156.220
2014-12-16,1512.5000,1600.0000,1452.5000,1550.2500,0.000,2120.225
2014-12-17,1450.0000,1575.0000,1450.0000,1525.2500,0.000,2083.730
2014-12-18,1548.7500,1575.0000,1475.0000,1522.7500,0.000,2047.185
2014-12-19,1516.7500,1555.0000,1486.7500,1529.0000,0.000,2010.765
2014-12-22,1555.0000,1555.0000,1478.7500,1525.0000,0.000,1977.265
2014-12-23,1510.0000,1525.0000,1455.2500,1525.0000,0.000,1949.765
2014-12-24,1520.0000,1520.0000,1450.0000,1467.5000,0.000,1929.615
2014-12-26,1475.0000,1475.0000,1450.0000,1473.7500,0.000,1910.590
2014-12-29,1425.0000,1623.2500,1412.7500,1550.0000,0.000,1887.590
2014-12-30,1550.0000,1675.0000,1512.5000,1600.0000,0.000,1865.595
2014-12-31,1550.0000,1593.7500,1475.0000,1500.0000,0.000,1839.095
2015-01-02,1610.0000,1610.0000,1430.0000,1500.2500,0.000,1810.100
2015-01-05,1534.2500,1534.2500,1481.2500,1495.0000,0.000,1781.000
2015-01-06,1502.5000,1537.5000,1400.0000,1455.2500,0.000,1752.605
2015-01-07,1480.2500,1505.7500,1425.0000,1500.0000,0.000,1724.105
2015-01-08,1500.0000,1500.0000,1430.0000,1474.7500,0.000,1692.600
2015-01-09,1492.5000,1545.0000,1450.0000,1525.0000,0.000,1664.600
2015-01-12,1598.7500,1608.5000,1475.0000,1475.0000,0.000,1638.600
2015-01-13,1475.0000,1549.2500,1455.7500,1462.5000,0.000,1614.850
2015-01-14,1450.0000,1512.5000,1450.0000,1485.0000,0.000,1588.550
2015-01-15,1475.0000,1475.2500,1390.0000,1392.5000,0.000,1558.900
2015-01-16,1410.0000,1450.0000,1377.5000,1446.5000,0.000,1532.330
2015-01-20,1377.5000,1446.0000,1377.5000,1400.0000,0.000,1495.830
2015-01-21,1400.0000,1428.2500,1377.7500,1380.0000,0.000,1490.930
2015-01-22,1425.0000,1425.0000,1325.0000,1330.0000,0.000,1489.180
2015-01-23,1300.0000,1363.5000,1277.5000,1300.0000,0.000,1484.035
2015-01-26,1300.0000,1362.5000,1256.2500,1350.0000,0.000,1481.785
2015-01-27,1362.5000,1375.7500,1270.0000,1300.0000,0.000,1477.535
2015-01-28,1312.5000,1350.0000,1287.5000,1325.0000,0.000,1474.300
2015-01-29,1325.0000,1375.0000,1277.5000,1350.0000,0.000,1473.300
2015-01-30,1305.0000,1350.0000,1280.0000,1325.0000,0.000,1472.300
2015-02-02,1300.0000,1350.0000,1287.5000,1300.0000,0.000,1470.620
2015-02-03,1300.0000,1325.0000,1275.0000,1315.0000,0.000,1470.100
2015-02-04,1281.5000,1301.2500,1281.2500,1281.2500,0.000,1469.225
2015-02-05,1278.5000,1369.7500,1278.5000,1350.0000,0.000,1469.575
2015-02-06,1350.0000,1362.5000,1303.0000,1305.0000,0.000,1469.400
2015-02-09,1301.2500,1399.2500,1301.2500,1302.5000,0.000,1469.050
2015-02-10,1325.0000,1400.0000,1316.0000,1325.0000,0.000,1469.050
2015-02-11,1350.0000,1362.0000,1325.0000,1350.0000,0.000,1470.050
2015-02-12,1350.0000,1355.0000,1301.0000,1323.0000,0.000,1464.510
2015-02-13,1312.5000,1425.0000,1312.5000,1336.0000,0.000,1452.220
2015-02-17,1322.0000,1461.7500,1322.0000,1375.0000,0.000,1441.720
2015-02-18,1375.0000,1700.0000,1375.0000,1675.0000,0.001,1441.470
2015-02-19,1825.0000,1825.0000,1580.0000,1611.2500,0.001,1441.695
2015-02-20,1600.5000,1600.5000,1475.0000,1502.5000,0.000,1438.245
2015-02-23,1487.5000,1497.5000,1450.0000,1470.0000,0.000,1436.145
2015-02-24,1500.0000,1598.7500,1474.7500,1575.0000,0.000,1437.695
2015-02-25,1600.0000,1618.5000,1550.0000,1568.2500,0.000,1440.560
2015-02-26,1550.0000,1600.0000,1525.0000,1544.5000,0.000,1441.490
2015-02-27,1529.5000,1673.0000,1529.5000,1620.0000,0.000,1443.390
2015-03-02,1595.0000,1675.0000,1575.0000,1588.0000,0.000,1444.145
2015-03-03,1625.0000,1987.5000,1625.0000,1825.0000,0.002,1450.140
2015-03-04,1875.0000,2125.0000,1810.0000,2105.0000,0.002,1461.785
2015-03-05,2150.0000,2222.5000,1856.2500,1977.7500,0.001,1470.760
2015-03-06,1362.5000,1412.5000,1228.7500,1350.2500,0.007,1467.265
2015-03-09,1375.0000,1375.0000,1250.0000,1300.0000,0.002,1462.765
2015-03-10,1310.0000,1310.0000,1275.0000,1282.5000,0.001,1459.065
2015-03-11,1300.0000,1385.0000,1237.5000,1325.0000,0.002,1456.090
2015-03-12,1320.7500,1325.0000,1275.0000,1325.0000,0.001,1451.590
2015-03-13,1300.0000,1302.5000,1250.0000,1275.0000,0.001,1445.090
2015-03-16,1300.0000,1372.2500,1256.2500,1346.2500,0.002,1442.015
2015-03-17,1425.0000,1450.0000,1302.7500,1316.0000,0.002,1438.330
2015-03-18,1450.0000,1450.0000,1333.2500,1367.5000,0.001,1435.780
2015-03-19,1385.0000,1425.0000,1367.5000,1425.0000,0.001,1435.175
2015-03-20,1425.0000,1550.0000,1402.5000,1500.0000,0.002,1435.175
2015-03-23,1525.0000,1569.5000,1475.0000,1487.5000,0.001,1435.430
2015-03-24,1523.2500,1525.0000,1400.0000,1440.2500,0.001,1433.735
2015-03-25,1467.5000,1486.2500,1406.2500,1435.0000,0.001,1432.935
2015-03-26,1377.7500,1420.0000,1350.0000,1362.5000,0.001,1430.935
2015-03-27,1375.0000,1422.5000,1232.7500,1325.0000,0.001,1427.735
2015-03-30,1342.5000,1375.0000,1297.7500,1325.0000,0.001,1426.385
2015-03-31,1375.0000,1386.0000,1302.5000,1340.5000,0.000,1424.265
2015-04-01,1367.2500,1387.5000,1325.0000,1346.7500,0.000,1423.200
2015-04-02,1362.5000,1385.0000,1327.5000,1375.0000,0.001,1423.100
2015-04-06,1375.0000,1387.5000,1337.5000,1337.5000,0.000,1423.250
2015-04-07,1350.0000,1375.0000,1300.0000,1375.0000,0.001,1424.750
2015-04-08,1303.7500,1342.2500,1302.5000,1315.0000,0.000,1424.050
2015-04-09,1302.5000,1325.0000,1277.5000,1305.0000,0.000,1424.150
2015-04-10,1321.2500,1337.5000,1287.5000,1287.7500,0.000,1423.405
2015-04-13,1362.5000,1417.5000,1337.5000,1346.2500,0.001,1423.330
2015-04-14,1474.7500,1525.0000,1403.2500,1455.5000,0.002,1425.940
2015-04-15,1575.0000,1625.0000,1527.2500,1587.5000,0.002,1431.690
2015-04-16,1625.0000,1700.0000,1500.0000,1525.0000,0.002,1435.890
2015-04-17,1500.0000,1612.5000,1462.5000,1602.5000,0.001,1442.315
2015-04-20,1650.0000,1680.0000,1531.2500,1575.0000,0.001,1446.815
2015-04-21,1569.7500,1612.5000,1507.5000,1575.0000,0.001,1452.215
2015-04-22,1575.0000,1594.0000,1500.0000,1500.0000,0.001,1456.165
2015-04-23,1500.0000,1524.7500,1437.5000,1437.5000,0.001,1458.415
2015-04-24,1425.0000,1437.5000,1375.0000,1415.0000,0.000,1459.715
2015-04-27,1400.0000,1520.7500,1400.0000,1450.5000,0.001,1462.265
2015-04-28,1650.0000,1650.0000,1475.0000,1475.0000,0.001,1465.045
2015-04-29,1475.0000,1525.0000,1427.7500,1432.5000,0.000,1466.195
2015-04-30,1475.0000,1487.5000,1400.0000,1400.0000,0.000,1460.695
2015-05-01,1400.0000,1437.5000,1375.0000,1386.2500,0.000,1456.195
2015-05-04,1412.5000,1434.7500,1375.0000,1376.2500,0.001,1453.670
2015-05-05,1387.5000,1415.7500,1319.2500,1320.0000,0.001,1450.670
2015-05-06,1375.0000,1406.5000,1300.0000,1350.0000,0.001,1446.170
2015-05-07,1427.5000,1449.7500,1269.2500,1312.5000,0.001,1441.055
2015-05-08,1325.0000,1325.0000,1225.0000,1270.0000,0.002,1435.565
2015-05-11,1253.7500,1275.0000,1153.7500,1174.0000,0.002,1426.645
2015-05-12,1162.5000,1174.7500,1002.5000,1062.7500,0.003,1416.140
2015-05-13,1107.5000,1125.0000,1062.7500,1100.2500,0.001,1401.645
2015-05-14,1100.2500,1137.2500,1076.7500,1102.5000,0.000,1381.595
2015-05-15,1083.0000,1136.5000,1051.5000,1076.2500,0.001,1363.565
2015-05-18,1075.0000,1075.0000,1012.5000,1056.0000,0.001,1357.680
2015-05-19,1069.0000,1069.0000,777.7500,850.0000,0.005,1348.680
2015-05-20,800.0000,800.0000,681.2500,737.5000,0.004,1337.780
2015-05-21,750.0000,829.7500,725.0000,788.2500,0.002,1327.045
2015-05-22,800.0000,812.5000,732.5000,752.5000,0.002,1315.595
2015-05-26,825.0000,825.0000,737.5000,737.5000,0.002,1304.845
2015-05-27,725.0000,750.0000,653.2500,687.5000,0.003,1291.670
2015-05-28,702.2500,744.2500,675.0000,725.0000,0.001,1279.850
2015-05-29,745.7500,775.0000,725.0000,732.5000,0.002,1267.150
2015-06-01,740.0000,775.0000,703.2500,720.2500,0.002,1253.055
2015-06-02,703.7500,772.0000,703.7500,741.2500,0.002,1237.880
2015-06-03,762.2500,770.0000,706.2500,724.7500,0.001,1222.625
2015-06-04,737.7500,737.7500,710.0000,717.0000,0.001,1208.160
2015-06-05,712.5000,730.5000,690.0000,696.7500,0.002,1193.395
2015-06-08,712.5000,745.0000,696.7500,745.0000,0.001,1181.045
2015-06-09,750.0000,750.0000,695.0000,712.7500,0.002,1168.800
2015-06-10,701.2500,731.2500,690.2500,731.2500,0.001,1156.925
2015-06-11,745.0000,745.0000,690.2500,728.7500,0.002,1144.690
2015-06-12,736.7500,745.0000,692.5000,705.0000,0.002,1131.855
2015-06-15,725.0000,725.0000,700.0000,713.2500,0.001,1118.620
2015-06-16,710.0000,784.5000,700.2500,712.5000,0.004,1106.120
2015-06-17,737.5000,742.5000,700.0000,700.0000,0.002,1092.620
2015-06-18,737.5000,750.0000,712.5000,717.5000,0.003,1080.670
2015-06-19,730.0000,730.0000,680.0000,707.5000,0.002,1068.720
2015-06-22,707.7500,707.7500,682.5000,699.7500,0.001,1056.960
2015-06-23,700.0000,700.0000,654.0000,700.0000,0.001,1044.035
2015-06-24,700.0000,700.0000,657.7500,685.0000,0.001,1028.625
2015-06-25,700.0000,732.2500,663.5000,721.7500,0.004,1011.310
2015-06-26,722.5000,725.0000,682.5000,700.2500,0.001,994.815
2015-06-29,710.7500,710.7500,657.5000,675.0000,0.002,976.265
2015-06-30,715.0000,715.0000,672.0000,702.5000,0.001,958.815
2015-07-01,702.5000,702.7500,664.5000,687.5000,0.002,941.065
2015-07-02,677.7500,680.0000,628.2500,680.0000,0.002,924.665
2015-07-06,672.0000,672.0000,612.5000,650.0000,0.002,908.915
2015-07-07,641.2500,645.0000,601.2500,629.0000,0.001,893.195
2015-07-08,626.0000,634.7500,575.0000,600.0000,0.002,876.185
2015-07-09,600.0000,600.0000,565.0000,575.0000,0.002,858.185
2015-07-10,585.0000,625.0000,567.5000,595.5000,0.002,841.445
2015-07-13,620.0000,622.2500,587.5000,600.0000,0.001,825.445
2015-07-14,616.7500,617.5000,585.0000,595.2500,0.001,809.625
2015-07-15,587.5000,605.7500,557.5000,570.2500,0.001,793.505
2015-07-16,575.0000,575.0000,512.5000,550.0000,0.002,778.105
2015-07-17,562.5000,562.5000,527.5000,547.5000,0.001,762.055
2015-07-20,546.2500,550.0000,485.7500,508.0000,0.003,745.965
2015-07-21,512.5000,528.0000,493.0000,525.2500,0.001,731.070
2015-07-22,545.7500,545.7500,500.0000,535.7500,0.001,718.305
2015-07-23,550.0000,550.2500,483.0000,507.5000,0.002,707.200
2015-07-24,507.5000,520.0000,487.5000,518.2500,0.001,695.560
2015-07-27,530.0000,530.0000,462.5000,470.7500,0.002,682.925
2015-07-28,475.0000,504.0000,475.0000,498.5000,0.002,671.370
2015-07-29,500.0000,519.0000,442.5000,465.0000,0.003,659.550
2015-07-30,475.0000,475.0000,450.0000,472.7500,0.002,652.005
2015-07-31,458.7500,464.5000,450.0000,454.0000,0.001,646.335
2015-08-03,475.0000,475.0000,452.7500,454.0000,0.001,639.650
2015-08-04,458.0000,458.0000,405.7500,449.5000,0.002,633.590
2015-08-05,450.0000,450.0000,425.7500,438.7500,0.001,627.615
2015-08-06,430.0000,438.5000,420.0000,420.0000,0.001,622.265
2015-08-07,412.5000,445.0000,387.5000,427.7500,0.002,616.320
2015-08-10,406.7500,435.0000,400.2500,403.5000,0.002,609.740
2015-08-11,475.0000,475.2500,388.7500,427.5000,0.011,603.885
2015-08-12,427.5000,449.5000,408.2500,416.5000,0.003,597.390
2015-08-13,425.0000,503.5000,405.0000,450.5000,0.009,591.905
2015-08-14,375.0000,398.7500,250.5000,362.2500,0.010,584.810
2015-08-17,375.0000,375.0000,277.5000,287.5000,0.006,576.625
2015-08-18,275.0000,325.0000,262.5000,302.7500,0.007,567.780
2015-08-19,315.7500,316.0000,260.0000,281.7500,0.006,559.160
2015-08-20,280.2500,292.5000,262.5000,275.0000,0.004,550.035
2015-08-21,275.0000,275.0000,250.0000,252.7500,0.003,540.515
2015-08-24,238.7500,250.0000,207.7500,214.5000,0.006,530.705
2015-08-25,222.5000,237.5000,209.7500,214.2500,0.005,520.725
2015-08-26,215.5000,222.5000,200.0000,202.0000,0.003,510.515
2015-08-27,202.5000,220.0000,202.0000,213.7500,0.004,500.790
2015-08-28,232.0000,247.5000,212.5000,213.2500,0.006,490.705
2015-08-31,220.0000,227.5000,212.5000,223.7500,0.006,481.030
2015-09-01,225.0000,249.5000,215.0000,220.0000,0.003,471.435
2015-09-02,223.5000,229.5000,216.2500,219.5000,0.006,461.825
2015-09-03,235.5000,235.5000,215.0000,217.2500,0.008,452.470
2015-09-04,220.0000,223.2500,192.0000,202.5000,0.009,442.085
2015-09-08,207.7500,207.7500,187.5000,195.7500,0.006,431.995
2015-09-09,200.0000,203.2500,162.5000,164.0000,0.009,421.775
2015-09-10,167.5000,173.7500,150.0000,166.2500,0.008,411.050
2015-09-11,158.7500,158.7500,143.0000,147.0000,0.006,400.240
2015-09-14,149.5000,149.5000,132.7500,135.0000,0.005,389.340
2015-09-15,141.2500,141.2500,125.0000,125.5000,0.010,378.850
2015-09-16,142.0000,142.0000,125.0000,133.7500,0.010,368.945
2015-09-17,138.5000,140.0000,125.5000,127.0000,0.006,359.485
2015-09-18,135.0000,315.0000,127.5000,296.2500,0.047,353.910
2015-09-21,239.2500,260.0000,175.0000,200.2500,0.052,346.005
2015-09-22,217.5000,221.2500,187.7500,192.5000,0.014,337.855
2015-09-23,215.0000,250.0000,197.5000,231.5000,0.027,330.580
2015-09-24,250.0000,250.0000,206.5000,212.5000,0.015,323.425
2015-09-25,227.5000,240.0000,212.5000,220.2500,0.009,316.830
2015-09-28,242.0000,275.0000,228.7500,249.7500,0.037,310.875
2015-09-29,255.0000,275.0000,225.0000,237.5000,0.014,305.465
2015-09-30,232.7500,237.5000,212.7500,220.0000,0.009,299.360
2015-10-01,222.7500,223.7500,202.0000,215.0000,0.008,292.945
2015-10-02,218.7500,237.5000,207.7500,226.2500,0.006,287.320
2015-10-05,233.7500,235.0000,215.5000,225.0000,0.006,281.455
2015-10-06,223.0000,242.2500,215.0000,232.5000,0.008,276.690
2015-10-07,237.5000,237.5000,225.0000,228.0000,0.005,271.280
2015-10-08,225.0000,233.2500,217.7500,225.0000,0.006,266.480
2015-10-09,230.0000,230.0000,210.2500,221.2500,0.006,261.450
2015-10-12,222.5000,225.0000,150.0000,195.5000,0.016,256.280
2015-10-13,192.5000,210.7500,179.0000,185.0000,0.014,250.900
2015-10-14,186.7500,186.7500,167.5000,174.2500,0.012,245.395
2015-10-15,176.0000,176.0000,162.5000,170.0000,0.007,240.020
2015-10-16,137.5000,155.0000,137.5000,140.5000,0.022,234.430
2015-10-19,137.5000,162.2500,137.5000,152.5000,0.010,228.925
2015-10-20,162.0000,167.5000,140.0000,160.0000,0.008,224.055
2015-10-21,166.2500,175.0000,150.2500,152.5000,0.008,218.555
2015-10-22,137.5000,153.7500,137.5000,150.0000,0.005,213.225
2015-10-23,145.0000,148.0000,126.2500,137.2500,0.008,206.960
2015-10-26,145.0000,147.5000,137.5000,137.7500,0.004,202.470
2015-10-27,138.0000,143.0000,113.0000,119.7500,0.012,199.115
2015-10-28,118.7500,134.5000,115.0000,125.0000,0.012,195.560
2015-10-29,128.7500,128.7500,100.0000,111.2500,0.008,192.150
2015-10-30,112.5000,112.5000,103.0000,106.2500,0.007,188.775
2015-11-02,113.7500,138.7500,107.7500,125.5000,0.017,186.230
2015-11-03,135.0000,171.7500,133.7500,157.5000,0.024,185.090
2015-11-04,175.0000,181.2500,145.2500,151.5000,0.019,183.835
2015-11-05,156.0000,165.2500,148.2500,157.7500,0.009,182.950
2015-11-06,160.7500,162.0000,132.5000,142.5000,0.012,181.525
2015-11-09,154.0000,175.0000,140.2500,149.5000,0.010,180.250
2015-11-10,156.7500,158.0000,131.2500,143.0000,0.008,178.635
2015-11-11,143.0000,150.0000,125.0000,125.0000,0.008,176.735
2015-11-12,131.2500,134.5000,112.5000,125.2500,0.007,174.850
2015-11-13,125.0000,132.2500,115.2500,115.2500,0.005,172.810
2015-11-16,125.0000,125.0000,100.7500,101.5000,0.009,170.790
2015-11-17,108.7500,124.5000,102.5000,111.2500,0.008,169.100
2015-11-18,112.5000,115.0000,101.2500,105.0000,0.008,167.920
2015-11-19,110.2500,112.5000,100.0000,100.0000,0.010,166.595
2015-11-20,93.2500,106.2500,79.7500,105.7500,0.033,165.770
2015-11-23,114.5000,216.2500,112.4175,213.0000,0.317,167.330
2015-11-24,306.0000,392.5000,188.5000,192.0000,1.045,168.660
2015-11-25,202.7500,292.0000,195.0000,285.7500,0.691,171.700
2015-11-27,277.5000,310.0000,253.0000,276.5000,0.270,174.690
2015-11-30,235.7500,261.5000,231.2500,242.5000,0.125,173.615
2015-12-01,276.0000,287.5000,242.7500,248.7500,0.143,174.585
2015-12-02,246.7500,255.0000,215.2500,221.2500,0.062,175.160
2015-12-03,219.0000,221.2500,202.0000,209.0000,0.036,174.710
2015-12-04,210.0000,219.0000,194.2500,198.5000,0.032,174.430
2015-12-07,191.0000,194.2500,159.2500,174.7500,0.054,173.520
2015-12-08,168.7500,199.2500,162.7500,177.5000,0.069,172.075
2015-12-09,129.5000,132.0000,112.7500,119.7500,0.182,169.720
2015-12-10,123.0000,124.0000,114.2500,117.0000,0.056,167.660
2015-12-11,116.2500,117.2500,110.0000,110.5000,0.036,165.570
2015-12-14,109.2500,131.2500,103.0000,120.7500,0.126,163.460
2015-12-15,123.0000,123.2500,109.5000,111.7500,0.038,161.195
2015-12-16,110.7500,116.2500,110.5000,114.0000,0.026,158.825
2015-12-17,116.7500,126.1250,110.7500,116.2500,0.082,156.590
2015-12-18,113.7500,118.7500,111.3750,114.5000,0.025,154.380
2015-12-21,117.0000,127.2500,113.7500,126.5000,0.085,152.485
2015-12-22,127.5000,138.7500,125.5000,129.5000,0.095,151.165
2015-12-23,131.2500,133.0000,122.5025,123.7500,0.031,149.940
2015-12-24,121.0000,124.5000,117.5000,123.7500,0.019,148.930
2015-12-28,120.7500,123.7500,119.4000,121.5000,0.022,147.960
2015-12-29,121.7500,122.2500,115.2500,118.0000,0.023,147.510
2015-12-30,114.5000,125.7500,114.5000,120.2500,0.040,146.865
2015-12-31,116.7500,118.7500,110.0250,112.0000,0.032,145.905
2016-01-04,111.2500,111.2500,103.7500,110.0000,0.018,145.055
2016-01-05,110.7500,110.7500,103.7500,105.2500,0.022,144.160
2016-01-06,104.7500,104.7525,89.5000,91.0000,0.046,143.235
2016-01-07,86.2500,86.2500,81.1250,82.2500,0.033,142.125
2016-01-08,82.7500,85.7500,81.5000,82.2500,0.017,141.375
2016-01-11,82.2500,86.5000,77.0000,78.2500,0.022,140.440
2016-01-12,78.2500,81.7500,72.5000,73.7500,0.023,139.690
2016-01-13,76.7500,76.7500,65.5000,69.2500,0.032,138.950
2016-01-14,71.2500,72.7500,66.4875,70.7500,0.018,137.855
2016-01-15,70.5000,70.5000,65.0000,66.7500,0.017,136.040
2016-01-19,80.7500,95.2500,75.7500,78.0000,0.362,134.570
2016-01-20,76.0000,77.0000,70.0000,75.2500,0.033,132.920
2016-01-21,77.5000,78.8750,72.7525,76.7500,0.021,131.605
2016-01-22,77.5000,80.5000,75.2500,76.5000,0.015,130.145
2016-01-25,81.0000,92.5000,79.2500,89.2500,0.120,129.070
2016-01-26,93.5000,98.5000,88.0000,91.5000,0.050,128.400
2016-01-27,90.5000,91.5000,80.5000,82.7500,0.024,127.550
2016-01-28,81.7500,83.2500,77.0000,78.5000,0.018,126.815
2016-01-29,77.2500,82.0000,76.7500,81.2500,0.009,126.410
2016-02-01,81.0000,81.0000,77.0000,78.2500,0.008,125.750
2016-02-02,80.0000,80.0000,73.5000,74.5000,0.013,125.140
2016-02-03,77.2500,78.2475,70.5000,74.2500,0.009,124.625
2016-02-04,73.5000,79.3750,73.5000,76.5000,0.007,124.040
2016-02-05,77.0000,79.5000,74.0000,77.2500,0.008,121.325
2016-02-08,79.2500,79.2500,72.5000,75.0000,0.005,118.985
2016-02-09,75.0000,75.2500,71.7500,73.5000,0.005,114.740
2016-02-10,74.2500,74.7500,68.5000,70.2500,0.006,110.615
2016-02-11,74.0000,74.0000,67.7525,71.2500,0.007,107.190
2016-02-12,72.2500,74.7500,70.7500,72.2500,0.006,103.660
2016-02-16,74.0000,75.0000,72.5000,75.0000,0.006,100.735
2016-02-17,75.0000,82.2500,74.5000,79.5000,0.014,98.145
2016-02-18,81.5000,83.2500,76.2500,77.7500,0.007,95.730
2016-02-19,75.5000,81.0000,73.2500,75.5000,0.011,93.745
2016-02-22,77.7500,78.2500,74.7500,74.7500,0.006,91.690
2016-02-23,78.5000,82.2500,76.5000,77.5000,0.030,90.845
2016-02-24,78.2500,80.5000,76.0000,78.7500,0.010,90.080
2016-02-25,80.0000,81.5000,77.5000,78.0000,0.004,89.430
2016-02-26,78.0000,79.3075,74.0000,75.5000,0.021,88.525
2016-02-29,76.2500,76.7500,72.2500,74.0000,0.005,87.770
2016-03-01,76.2500,79.4900,75.5000,77.0000,0.010,87.030
2016-03-02,77.2500,93.0000,76.4750,90.2500,0.025,86.510
2016-03-03,96.7500,112.2500,95.0000,99.7500,0.127,86.215
2016-03-04,99.7500,100.2500,90.7500,93.0000,0.022,85.545
2016-03-07,91.2500,101.2500,88.5000,99.2500,0.015,84.940
2016-03-08,97.0000,98.7500,92.5000,93.5000,0.010,84.335
2016-03-09,93.0000,93.7500,90.0025,90.2500,0.007,83.665
2016-03-10,92.7500,92.7500,85.0000,88.0000,0.008,82.995
2016-03-11,86.7500,96.5000,86.5000,94.0000,0.011,82.515
2016-03-14,91.7500,98.7500,91.5025,95.5000,0.009,82.020
2016-03-15,93.5000,94.1000,88.2500,89.0000,0.008,81.560
2016-03-16,88.2500,91.7500,87.0000,90.0000,0.005,81.160
2016-03-17,89.0000,90.0000,85.2500,89.7500,0.004,80.850
2016-03-18,89.5000,92.7500,88.7500,89.5000,0.005,80.820
2016-03-21,90.7500,93.7500,87.7500,87.7500,0.004,80.930
2016-03-22,87.5000,92.7500,86.0000,89.2500,0.007,81.070
2016-03-23,88.7500,91.6250,85.5000,85.7500,0.006,81.220
2016-03-24,86.2500,88.0000,84.0000,85.0000,0.004,81.445
2016-03-28,85.0000,87.0000,81.7500,82.0000,0.007,81.700
2016-03-29,85.0000,90.5000,81.5000,87.2500,0.014,82.030
2016-03-30,82.0000,85.2500,78.7500,79.5000,0.012,82.285
2016-03-31,84.5000,85.4350,81.0750,83.0000,0.007,82.385
2016-04-01,82.0000,91.0000,81.5000,88.2500,0.015,82.645
2016-04-04,87.5000,91.7500,86.2500,86.7500,0.009,82.845
2016-04-05,86.7500,90.0000,84.0000,84.0000,0.008,82.995
2016-04-06,83.7500,90.7500,83.7500,90.0000,0.009,83.010
2016-04-07,90.7500,92.2500,86.7500,88.5000,0.005,82.950
2016-04-08,87.5000,93.2500,87.5000,90.0000,0.008,83.095
2016-04-11,90.5000,94.7500,90.0000,90.2500,0.009,83.330
2016-04-12,90.7500,93.7500,90.4925,92.5000,0.005,83.555
2016-04-13,94.5000,95.0000,88.5000,93.5000,0.011,83.860
2016-04-14,94.7500,97.5000,92.2500,95.5000,0.008,84.280
2016-04-15,97.5000,108.7500,97.5000,106.0000,0.028,84.915
2016-04-18,108.2500,114.5000,107.5000,109.5000,0.015,85.575
2016-04-19,110.0000,112.5000,101.2500,104.5000,0.011,86.120
2016-04-20,102.7500,105.7500,100.7500,100.7500,0.007,86.635
2016-04-21,100.5000,104.4975,100.0000,101.7500,0.005,87.200
2016-04-22,102.5000,107.0000,102.0000,104.5000,0.006,87.885
2016-04-25,102.5000,108.0000,100.2500,103.2500,0.005,88.525
2016-04-26,103.7500,105.2500,101.2500,104.0000,0.004,89.160
2016-04-27,105.0000,105.0000,99.0000,101.5000,0.008,89.690
2016-04-28,114.0000,114.7500,103.5000,105.0000,0.038,90.200
2016-04-29,109.2500,109.2500,101.2500,101.2500,0.010,90.670
2016-05-02,100.2500,104.0000,97.5000,98.0000,0.009,91.120
2016-05-03,101.2500,101.2500,93.0000,93.2500,0.007,91.490
2016-05-04,91.7500,92.7500,86.5000,86.7500,0.010,91.675
2016-05-05,87.0000,87.7500,81.0000,81.7500,0.011,91.735
2016-05-06,82.5000,87.2500,80.2550,85.5000,0.009,91.885
2016-05-09,86.2500,88.7500,82.7500,87.0000,0.006,92.115
2016-05-10,93.7500,96.0000,88.5000,93.5000,0.014,92.505
2016-05-11,92.5000,94.8625,88.5000,88.7500,0.006,92.740
2016-05-12,88.2500,88.7500,83.7500,84.2500,0.008,92.620
2016-05-13,85.2500,87.0525,81.0000,83.2500,0.006,92.290
2016-05-16,84.2500,88.7500,84.2500,85.7500,0.003,92.145
2016-05-17,87.7500,88.2500,84.2500,85.7500,0.006,91.875
2016-05-18,85.0000,87.3000,83.7500,84.2500,0.004,91.690
2016-05-19,84.0000,85.9975,82.5000,82.7500,0.006,91.540
2016-05-20,85.0000,87.5000,82.5025,86.2500,0.006,91.505
2016-05-23,86.7500,91.7500,85.7500,86.0000,0.005,91.345
2016-05-24,88.7500,88.7500,83.0025,86.5000,0.005,91.165
2016-05-25,86.5000,90.5000,85.5000,89.0000,0.004,91.165
2016-05-26,89.0000,90.6075,86.2500,87.0000,0.003,91.105
2016-05-27,86.5000,90.5000,86.5000,87.5000,0.005,91.060
2016-05-31,86.7500,89.7450,84.7500,85.2500,0.004,90.975
2016-06-01,84.7500,87.2500,83.7500,84.7500,0.003,90.915
2016-06-02,85.0000,87.5000,84.5000,85.5000,0.004,90.840
2016-06-03,85.7500,87.0000,83.5000,84.2500,0.003,90.810
2016-06-06,83.5000,93.2500,83.5000,90.2500,0.014,90.915
2016-06-07,95.0000,95.9725,90.0000,91.2500,0.007,91.100
2016-06-08,91.5000,92.0000,88.0000,88.0000,0.005,91.115
2016-06-09,88.5000,91.2475,87.0000,90.7500,0.004,91.340
2016-06-10,88.2500,91.2500,87.5000,88.2500,0.002,91.445
2016-06-13,87.7500,89.5000,87.0000,87.5000,0.003,91.430
2016-06-14,86.7500,87.5000,85.2500,86.0000,0.003,91.415
2016-06-15,86.5000,91.5000,86.2500,88.0000,0.011,91.495
2016-06-16,87.7500,90.2475,85.5000,86.2500,0.004,91.420
2016-06-17,85.7500,89.5000,85.7500,89.2500,0.003,91.435
2016-06-20,90.0000,90.6000,88.2500,89.7500,0.003,91.430
2016-06-21,89.5000,89.5000,86.7275,88.7500,0.002,91.400
2016-06-22,89.2500,90.5000,85.7500,86.2500,0.007,91.275
2016-06-23,87.0000,89.0000,86.2500,87.0000,0.002,91.145
2016-06-24,82.2500,85.0000,80.2500,80.5000,0.009,90.845
2016-06-27,82.2500,82.2500,74.0000,75.2500,0.011,90.230
2016-06-28,78.0000,80.5000,75.0025,80.0000,0.005,89.640
2016-06-29,81.7500,82.5000,77.5000,81.7500,0.005,89.185
2016-06-30,81.0000,81.7500,79.2500,81.5000,0.002,88.800
2016-07-01,88.7500,101.2500,88.7500,90.2500,0.143,88.570
2016-07-05,90.0000,90.0000,82.5000,84.7500,0.016,88.175
2016-07-06,84.5000,87.2500,82.5000,83.7500,0.010,87.785
2016-07-07,83.7500,85.5000,81.2500,83.2500,0.006,87.370
2016-07-08,83.2500,84.0000,81.2500,82.5000,0.006,86.990
2016-07-11,84.0000,84.5000,82.5000,84.5000,0.004,86.580
2016-07-12,85.7500,91.4975,84.0850,90.5000,0.013,86.365
2016-07-13,90.0000,90.5250,86.5000,87.7500,0.008,86.160
2016-07-14,89.0000,90.2500,87.5000,89.5000,0.005,86.085
2016-07-15,89.2500,90.2500,87.7500,89.2500,0.005,86.135
2016-07-18,88.7500,89.5000,87.2500,88.0000,0.004,86.260
2016-07-19,87.5000,89.0000,84.0000,84.5000,0.007,86.240
2016-07-20,84.0000,87.5000,84.0000,85.7500,0.004,86.215
2016-07-21,85.5000,88.0000,85.4825,87.7500,0.004,86.100
2016-07-22,88.7500,88.7500,84.7500,86.0000,0.006,86.045
2016-07-25,84.5000,86.0000,82.0000,83.2500,0.004,86.025
2016-07-26,83.7500,85.2500,82.5000,83.5000,0.003,86.030
2016-07-27,83.2500,85.5000,82.0000,82.5000,0.006,85.965
2016-07-28,83.5000,85.0000,82.9375,83.7500,0.003,85.925
2016-07-29,85.0000,85.0000,82.7800,84.2500,0.001,85.925
2016-08-01,87.0000,89.7500,85.5000,86.0000,0.005,85.990
2016-08-02,87.5000,87.5000,84.0025,85.0000,0.002,85.965
2016-08-03,84.0000,88.2500,83.7500,85.7500,0.003,85.960
2016-08-04,87.2500,88.4000,85.7500,86.7500,0.004,85.965
2016-08-05,86.7500,87.5000,85.0000,86.5000,0.003,85.915
2016-08-08,86.7500,89.2500,85.5000,87.7500,0.003,85.930
2016-08-09,88.5000,90.8875,88.4400,90.2475,0.007,85.985
2016-08-10,87.5000,90.2500,85.0000,86.2500,0.007,86.005
2016-08-11,87.0000,88.7500,85.2500,88.5000,0.004,86.080
2016-08-12,88.7500,91.0000,88.2500,90.2500,0.005,86.175
2016-08-15,90.5000,91.2500,88.8625,90.2500,0.003,86.295
2016-08-16,89.7500,91.5000,88.8750,91.2500,0.003,86.315
2016-08-17,90.0000,92.7500,89.5000,91.2500,0.005,86.315
2016-08-18,90.5000,93.7500,90.5000,92.0000,0.002,86.395
2016-08-19,93.7500,93.7500,89.0000,92.0000,0.002,86.420
2016-08-22,92.0000,95.2500,91.2500,91.7500,0.003,86.490
2016-08-23,91.7500,93.0000,90.2525,91.7500,0.003,86.575
2016-08-24,92.2500,94.4975,90.0000,90.5000,0.004,86.665
2016-08-25,91.2500,93.4750,90.2500,90.5000,0.003,86.715
2016-08-26,91.5000,93.5000,90.7500,93.0000,0.003,86.850
2016-08-29,93.5000,93.5000,90.7500,90.7500,0.003,86.880
2016-08-30,90.7500,92.7500,90.2500,90.7500,0.001,86.900
2016-08-31,90.7500,91.7500,89.5000,90.2500,0.002,86.930
2016-09-01,91.5000,93.2500,88.0000,89.0000,0.003,86.985
2016-09-02,91.2100,91.5000,87.7500,88.2500,0.003,87.010
2016-09-06,88.8000,92.7500,87.7500,91.5000,0.004,87.230
2016-09-07,91.7500,93.5000,90.5000,93.2500,0.003,87.590
2016-09-08,93.5000,93.5000,90.7500,93.2500,0.002,87.855
2016-09-09,93.5000,93.5000,89.2500,90.0000,0.006,88.020
2016-09-12,90.3225,92.5000,87.5000,90.0000,0.005,88.190
2016-09-13,89.5000,89.5000,85.3750,85.7500,0.004,88.100
2016-09-14,86.0000,87.7500,84.5000,85.2500,0.005,88.110
2016-09-15,86.0000,87.2500,80.7500,84.5000,0.004,88.125
2016-09-16,83.5000,84.5000,83.2500,83.7500,0.002,88.135
2016-09-19,84.0000,85.2500,82.5000,84.0000,0.003,88.165
2016-09-20,83.7500,86.2500,83.7500,84.7500,0.005,88.170
2016-09-21,85.7500,87.2500,85.2500,86.7500,0.005,88.095
2016-09-22,87.5000,87.7500,87.0000,87.2500,0.006,88.085
2016-09-23,86.7500,87.7500,86.2500,86.5000,0.002,88.025
2016-09-26,87.0000,87.5000,85.5000,85.5000,0.005,87.950
2016-09-27,86.2500,86.2500,84.0000,85.0000,0.003,87.890
2016-09-28,85.7500,87.1875,85.0000,86.2500,0.006,87.925
2016-09-29,86.5000,87.2500,83.9800,85.5000,0.003,87.920
2016-09-30,85.5000,86.2500,85.0000,86.0000,0.002,87.885
2016-10-03,86.5000,86.7500,85.0000,86.0000,0.003,87.885
2016-10-04,85.0000,86.2500,85.0000,86.2500,0.005,87.945
2016-10-05,85.5000,86.2500,84.7500,85.0000,0.005,87.975
2016-10-06,85.7500,86.0000,83.7500,85.0000,0.004,88.025
2016-10-07,85.0000,85.5000,83.0000,84.7500,0.003,88.045
2016-10-10,85.0000,85.0000,82.5000,83.5000,0.003,88.030
2016-10-11,83.2500,88.2500,83.0000,86.7500,0.007,88.045
2016-10-12,87.7500,100.0000,87.7500,95.0000,0.054,88.245
2016-10-13,97.2500,122.5000,95.2500,101.2500,0.195,88.555
2016-10-14,104.7500,106.0000,92.7500,93.5000,0.047,88.690
2016-10-17,93.0000,101.7500,93.0000,101.5000,0.014,88.990
2016-10-18,101.5000,113.5000,101.4975,105.7500,0.028,89.350
2016-10-19,105.5000,118.5000,105.0000,116.2500,0.032,89.870
2016-10-20,118.0000,139.7500,117.7500,122.2500,0.113,90.590
2016-10-21,122.7500,130.0000,119.0000,123.5000,0.043,91.290
2016-10-24,125.0000,127.0000,117.7500,121.5000,0.021,91.915
2016-10-25,119.5000,121.4975,106.2500,113.7500,0.020,92.385
2016-10-26,111.2500,112.2500,103.2500,104.5000,0.014,92.650
2016-10-27,97.0000,99.7500,93.0000,94.7500,0.031,92.720
2016-10-28,93.7500,95.7500,92.7500,95.5000,0.009,92.790
2016-10-31,95.0000,98.5000,95.0000,96.2500,0.005,92.875
2016-11-01,96.2500,101.2500,96.2500,100.0000,0.008,93.040
2016-11-02,100.0000,100.0000,90.0000,92.5000,0.007,93.055
2016-11-03,93.7500,93.7500,86.2500,87.5000,0.007,92.995
2016-11-04,86.2500,87.5000,82.5000,86.2500,0.008,92.910
2016-11-07,87.5000,88.7500,86.2500,87.5000,0.007,92.800
2016-11-08,86.2500,86.2500,81.2500,81.2500,0.028,92.610
2016-11-09,85.0000,88.7500,83.7500,86.2500,0.043,92.520
2016-11-10,88.7500,90.6250,85.0000,88.7500,0.016,92.490
2016-11-11,87.5000,90.0000,86.2500,87.5000,0.004,92.460
2016-11-14,88.7500,89.7500,86.2500,86.2500,0.004,92.420
2016-11-15,86.2500,88.7500,85.0000,86.2500,0.005,92.315
2016-11-16,87.5000,90.0000,86.2500,87.5000,0.005,92.200
2016-11-17,87.5000,88.5875,85.0000,86.2500,0.005,92.060
2016-11-18,85.0000,88.7500,81.2500,87.5000,0.011,92.010
2016-11-21,87.5000,87.5000,83.7500,85.0000,0.006,91.910
2016-11-22,85.0000,87.5000,83.7500,86.2500,0.004,91.920
2016-11-23,86.2500,87.5000,84.1275,86.2500,0.004,91.940
2016-11-25,86.2500,86.2500,83.7500,85.0000,0.003,91.950
2016-11-28,86.2500,86.2500,83.7500,85.0000,0.004,91.975
2016-11-29,85.0000,87.5000,83.7500,86.2500,0.005,92.020
2016-11-30,86.2500,87.5000,85.0000,85.0000,0.003,92.025
2016-12-01,86.2500,86.2500,82.5000,85.0000,0.006,91.990
2016-12-02,85.0000,88.7500,83.7500,86.2500,0.009,91.970
2016-12-05,86.2500,87.5000,85.0000,86.2500,0.004,91.965
2016-12-06,85.0000,86.2500,85.0000,86.2500,0.005,91.980
2016-12-07,85.0000,88.7500,85.0000,87.5000,0.003,92.030
2016-12-08,87.5000,95.0000,86.2500,92.5000,0.041,92.155
2016-12-09,93.7500,97.7500,92.5000,95.0000,0.018,92.345
2016-12-12,97.5000,97.5000,93.7500,96.2500,0.014,92.550
2016-12-13,96.2500,97.5000,93.7500,95.0000,0.010,92.730
2016-12-14,96.2500,96.2500,92.5000,95.0000,0.006,92.905
2016-12-15,93.7500,95.0000,92.5000,95.0000,0.004,93.105
2016-12-16,95.0000,95.0000,91.2500,92.5000,0.008,93.255
2016-12-19,96.2500,96.8750,93.7500,95.0000,0.010,93.460
2016-12-20,97.5000,100.0000,96.2500,96.2500,0.010,93.715
2016-12-21,97.5000,100.0000,96.2500,98.7500,0.016,93.955
2016-12-22,101.2500,105.0000,100.0000,102.5000,0.012,94.105
2016-12-23,106.2500,106.2500,100.0000,102.5000,0.009,94.130
2016-12-27,103.7500,103.7500,98.7500,101.2500,0.006,94.285
2016-12-28,100.0000,100.0000,88.7500,88.7500,0.017,94.030
2016-12-29,90.0000,92.5000,88.7500,90.0000,0.008,93.715
2016-12-30,91.2500,91.2500,87.2500,90.0000,0.007,93.190
2017-01-03,88.7500,93.7500,86.2500,87.5000,0.012,92.495
2017-01-04,90.0000,91.2500,88.7500,91.2500,0.014,91.850
2017-01-05,62.5000,77.5000,58.7500,75.0000,0.090,90.920
2017-01-06,70.0000,73.5000,67.5000,68.7500,0.019,90.020
2017-01-09,68.7500,70.0000,67.5000,68.7500,0.009,89.305
2017-01-10,67.5000,68.7500,66.2500,66.2500,0.010,88.735
2017-01-11,66.2500,66.2500,60.0000,61.2500,0.018,88.050
2017-01-12,62.5000,62.5000,60.0000,61.2500,0.006,87.350
2017-01-13,62.5000,65.0000,62.5000,63.7500,0.008,86.625
2017-01-17,63.7500,77.5000,63.7500,72.5000,0.032,86.225
2017-01-18,75.0000,77.5000,65.0000,67.5000,0.023,85.825
2017-01-19,67.5000,70.0000,65.6250,68.7500,0.008,85.475
2017-01-20,70.0000,70.0000,65.0000,67.5000,0.005,85.075
2017-01-23,68.7500,68.7500,62.5000,63.7500,0.008,84.725
2017-01-24,65.0000,65.0000,58.7500,63.7500,0.010,84.275
2017-01-25,63.7500,66.2500,62.5000,65.0000,0.003,83.800
2017-01-26,66.2500,66.2500,63.7500,65.0000,0.002,83.350
2017-01-27,65.0000,65.0000,63.7500,63.7500,0.004,82.900
2017-01-30,65.0000,66.2500,62.5000,65.0000,0.003,82.475
2017-01-31,75.0000,86.2500,71.2500,78.7500,0.123,82.300
2017-02-01,76.2500,80.0000,73.7500,77.5000,0.018,82.125
2017-02-02,78.7500,78.7500,75.0000,76.2500,0.004,81.900
2017-02-03,77.5000,77.5000,73.7500,73.7500,0.006,81.675
2017-02-06,72.5000,73.8750,68.7500,71.2500,0.011,81.375
2017-02-07,71.2500,72.5000,70.0000,71.2500,0.004,81.075
2017-02-08,71.2500,72.5000,68.7500,70.0000,0.004,80.775
2017-02-09,70.0000,73.7500,68.7500,73.7500,0.004,80.550
2017-02-10,75.0000,77.5000,72.5000,76.2500,0.008,80.350
2017-02-13,85.0000,85.0000,80.0000,82.5000,0.024,80.300
2017-02-14,85.0000,86.0000,81.2500,82.5000,0.011,80.250
2017-02-15,85.0000,85.0000,81.2500,83.7500,0.012,80.200
2017-02-16,83.7500,85.6250,82.3750,83.7500,0.007,80.150
2017-02-17,86.2500,86.2500,82.5000,83.7500,0.005,80.100
2017-02-21,83.7500,83.7500,77.5000,78.7500,0.011,79.925
2017-02-22,80.0000,81.2500,76.2500,77.5000,0.008,79.625
2017-02-23,76.2500,79.3750,76.2500,78.7500,0.004,79.300
2017-02-24,77.5000,77.5000,75.0000,75.0000,0.005,78.875
2017-02-27,75.0000,77.5000,75.0000,76.2500,0.004,78.500
2017-02-28,75.0000,77.7500,75.0000,76.2500,0.004,78.125
2017-03-01,76.2500,77.5000,75.0000,75.0000,0.005,77.725
2017-03-02,75.0000,77.5000,75.0000,77.5000,0.006,77.425
2017-03-03,77.5000,82.5000,75.0000,75.0000,0.005,77.025
2017-03-06,75.0000,77.5000,72.5000,76.2500,0.005,76.625
2017-03-07,80.0000,82.5000,75.0000,77.5000,0.008,76.200
2017-03-08,80.0000,80.0000,76.2500,77.5000,0.003,75.700
2017-03-09,80.0000,80.0000,77.5000,77.5000,0.004,75.200
2017-03-10,77.5000,78.7500,75.0000,76.2500,0.007,74.700
2017-03-13,76.2500,78.7500,73.7500,75.0000,0.006,74.425
2017-03-14,76.2500,76.2500,71.2500,72.5000,0.008,74.075
2017-03-15,72.5000,75.0000,71.2500,75.0000,0.003,73.775
2017-03-16,76.2500,77.5000,73.7500,73.7500,0.004,73.500
2017-03-17,73.7500,75.0000,73.7500,75.0000,0.002,73.175
2017-03-20,76.2500,76.2500,71.8750,72.5000,0.007,73.125
2017-03-21,73.7500,74.7500,66.2500,70.0000,0.009,73.150
2017-03-22,68.7500,72.5000,67.5000,67.5000,0.008,73.125
2017-03-23,70.0000,70.6250,67.5000,68.7500,0.003,73.175
2017-03-24,68.7500,73.7500,68.7500,72.5000,0.004,73.400
2017-03-27,72.5000,76.2500,71.5000,75.0000,0.007,73.675
2017-03-28,75.0000,76.2500,73.7500,73.7500,0.005,73.875
2017-03-29,75.0000,76.2500,71.2500,72.5000,0.008,73.875
2017-03-30,80.0000,81.2500,73.7500,76.2500,0.022,74.050
2017-03-31,76.2500,78.7500,73.7500,75.0000,0.014,74.175
2017-04-03,75.0000,78.7500,73.7500,75.0000,0.009,74.325
2017-04-04,77.5000,77.5000,75.0000,76.2500,0.005,74.575
2017-04-05,77.5000,77.5000,73.7500,73.7500,0.005,74.775
2017-04-06,73.7500,75.0000,72.5000,72.5000,0.005,74.925
2017-04-07,73.7500,73.7500,72.5000,73.7500,0.005,75.100
2017-04-10,75.0000,76.2500,72.5000,73.7500,0.008,75.300
2017-04-11,72.5000,75.0000,72.5000,75.0000,0.005,75.500
2017-04-12,75.0000,75.9250,72.5000,73.7500,0.005,75.400
2017-04-13,75.0000,76.2500,73.7500,74.3750,0.006,75.338
2017-04-17,75.0000,75.0000,72.5000,75.0000,0.007,75.313
2017-04-18,73.7500,75.0000,68.7500,70.0000,0.013,75.238
2017-04-19,70.0000,75.0000,69.3750,75.0000,0.004,75.313
2017-04-20,75.0000,75.0000,71.2500,73.7500,0.005,75.363
2017-04-21,73.7500,75.0000,72.5000,73.7500,0.003,75.438
2017-04-24,73.7500,76.2500,72.5000,76.2500,0.012,75.488
2017-04-25,77.5000,77.5000,73.7500,77.5000,0.007,75.513
2017-04-26,78.7500,80.0000,77.5000,77.5000,0.009,75.413
2017-04-27,77.5000,78.7500,75.0000,76.2500,0.005,75.288
2017-04-28,80.0000,93.7500,77.5000,83.7500,0.045,75.288
2017-05-01,35.0000,37.5000,32.5000,33.7500,0.150,74.288
2017-05-02,30.0000,31.0000,22.5000,22.5000,0.139,73.063
2017-05-03,21.2500,26.7500,20.7500,24.7500,0.091,71.983
2017-05-04,24.7500,30.0000,22.5000,23.4725,0.026,70.902
2017-05-05,23.7500,24.7500,21.2500,22.2500,0.020,69.772
2017-05-08,22.0000,23.7500,22.0000,22.5000,0.011,68.722
2017-05-09,22.5000,22.5000,19.5400,20.9800,0.022,67.617
2017-05-10,21.2500,21.2525,20.0300,20.9700,0.010,66.511
2017-05-11,20.7900,22.5625,20.0950,21.1525,0.010,65.434
2017-05-12,21.2175,21.5000,20.5025,21.0000,0.005,64.304
2017-05-15,21.5000,22.2725,20.5000,21.2500,0.006,63.229
2017-05-16,21.6575,22.1119,21.0025,22.0000,0.004,62.144
2017-05-17,21.5000,21.7500,20.5000,21.1825,0.006,61.018
2017-05-18,22.2500,22.3100,20.4650,21.2500,0.006,59.893
2017-05-19,20.5175,22.0500,20.5175,21.5000,0.004,58.773
2017-05-22,21.5000,22.0000,21.2250,21.4975,0.005,57.678
2017-05-23,21.5000,22.5000,21.2500,21.8750,0.007,56.615
2017-05-24,21.7000,22.4700,21.5000,22.2500,0.003,55.610
2017-05-25,23.0000,24.0600,22.2500,24.0000,0.012,54.590
2017-05-26,24.2500,30.2500,23.7525,29.5000,0.114,53.705
2017-05-30,29.5000,29.5000,24.7525,27.2475,0.033,52.750
2017-05-31,27.5000,28.0000,25.0000,27.7500,0.016,51.855
2017-06-01,28.0000,28.0000,25.7500,26.7500,0.011,50.990
2017-06-02,26.5000,26.7500,25.0000,25.7500,0.008,50.155
2017-06-05,25.0000,27.0000,25.0000,26.5000,0.010,49.310
2017-06-06,26.5000,27.5000,25.2500,26.7500,0.017,48.395
2017-06-07,27.5000,28.7500,26.2500,27.2500,0.035,47.440
2017-06-08,28.5000,28.5000,26.2500,26.7500,0.016,46.500
2017-06-09,26.7500,27.5000,26.5000,27.0000,0.011,45.590
2017-06-12,27.0000,27.0000,25.0000,26.0000,0.013,44.585
2017-06-13,26.5000,27.5000,25.5000,25.7500,0.006,43.600
2017-06-14,26.2500,26.7500,25.5000,25.7500,0.005,42.615
2017-06-15,25.2500,26.5000,25.2500,25.5000,0.006,41.600
2017-06-16,25.7500,26.0000,23.7500,24.1900,0.014,40.609
2017-06-19,23.7500,24.7500,23.5025,24.0050,0.007,39.639
2017-06-20,24.0000,24.5000,22.5000,23.0000,0.008,38.624
2017-06-21,22.5000,23.6175,22.2500,22.7500,0.008,37.604
2017-06-22,22.5000,24.0000,22.2575,24.0000,0.009,36.584
2017-06-23,24.2500,25.0000,23.7500,24.1250,0.006,35.591
2017-06-26,25.0000,25.0000,22.5000,23.7750,0.006,34.579
2017-06-27,23.2500,25.5000,23.2500,24.9725,0.008,33.579
2017-06-28,24.9725,26.0000,24.0000,24.5025,0.004,32.669
2017-06-29,24.5500,26.0000,23.6250,24.2500,0.005,31.654
2017-06-30,26.2500,26.2500,24.2525,25.0000,0.008,30.679
2017-07-03,25.0000,26.0000,24.2525,24.7500,0.006,29.699
2017-07-05,25.0000,26.5000,24.2725,24.5125,0.014,28.664
2017-07-06,24.5250,25.5000,24.5000,25.0000,0.009,27.614
2017-07-07,25.5000,25.5000,24.8375,25.2500,0.003,26.569
2017-07-10,25.0000,26.0000,24.6050,25.7500,0.004,25.559
2017-07-11,26.0000,27.5000,25.2500,25.7500,0.018,24.399
2017-07-12,25.2500,26.2500,25.0000,25.2500,0.005,24.229
2017-07-13,26.2500,27.1250,25.2500,26.5000,0.010,24.309
2017-07-14,27.0000,28.2500,25.7500,27.0000,0.020,24.354
2017-07-17,27.7500,27.7500,25.7500,26.2500,0.016,24.410
2017-07-18,26.5000,26.5000,25.5000,25.5000,0.018,24.475
2017-07-19,38.7500,70.0000,37.0000,58.5000,2.458,25.195
2017-07-20,66.5000,82.2500,63.7500,70.0000,1.940,26.175
2017-07-21,80.0000,80.5000,66.2500,71.7500,0.708,27.191
2017-07-24,67.5000,68.2500,57.2500,57.5000,0.208,27.918
2017-07-25,61.2500,62.7500,54.5000,56.2500,0.216,28.623
2017-07-26,55.0000,57.0000,51.2500,55.0000,0.088,29.298
2017-07-27,52.7500,58.0000,52.0000,52.7500,0.098,29.913
2017-07-28,52.7500,56.2750,52.7500,54.5000,0.077,30.579
2017-07-31,54.5000,55.0000,49.7500,50.0000,0.043,31.154
2017-08-01,49.0000,49.2500,41.2500,43.0000,0.083,31.584
2017-08-02,43.5000,45.0000,40.5000,40.5000,0.027,31.964
2017-08-03,40.0000,47.2325,38.0025,44.7500,0.070,32.422
2017-08-04,45.0000,53.7500,45.0000,49.2500,0.107,32.962
2017-08-07,50.0000,52.0000,46.2500,47.5000,0.034,33.432
2017-08-08,48.5000,50.2500,44.7500,45.5000,0.022,33.752
2017-08-09,43.7500,46.5000,42.5000,45.0000,0.028,34.107
2017-08-10,45.0000,45.0675,41.2500,43.2500,0.019,34.417
2017-08-11,48.7500,57.5000,46.2500,51.0000,0.179,34.902
2017-08-14,51.2500,55.2500,51.0000,51.2500,0.050,35.412
2017-08-15,51.0000,53.7500,50.5000,51.7500,0.038,35.917
2017-08-16,51.7500,52.2475,48.7500,48.7500,0.026,36.357
2017-08-17,48.7500,49.0000,45.7500,46.7500,0.018,36.747
2017-08-18,46.7500,47.0000,41.7500,47.0000,0.019,37.152
2017-08-21,47.2500,48.0000,45.0000,48.0000,0.010,37.572
2017-08-22,47.5000,47.7500,45.7500,47.7500,0.006,38.007
2017-08-23,46.2500,47.2500,45.2500,46.5000,0.005,38.422
2017-08-24,46.2500,46.2500,45.0000,45.2500,0.007,38.812
2017-08-25,45.0000,49.5000,45.0000,48.5000,0.027,39.272
2017-08-28,47.7500,51.0000,47.7500,49.2500,0.017,39.773
2017-08-29,50.0000,50.0000,46.2500,47.0000,0.011,40.233
2017-08-30,46.7500,48.0825,46.7500,48.0000,0.004,40.733
2017-08-31,48.7500,50.0000,47.2500,48.7500,0.009,41.253
2017-09-01,49.7500,49.7500,47.0000,48.0000,0.007,41.733
2017-09-05,46.5000,48.0000,46.5000,46.5000,0.005,42.180
2017-09-06,46.5000,48.3750,45.0000,47.0000,0.008,42.645
2017-09-07,47.5000,47.5000,45.5000,46.7500,0.006,43.080
2017-09-08,45.7500,47.2250,45.5000,46.0000,0.005,43.510
2017-09-11,46.0000,51.5000,46.0000,50.5000,0.038,44.035
2017-09-12,51.0000,52.0000,49.2500,50.0000,0.008,44.535
2017-09-13,50.5000,50.9575,47.5000,49.5000,0.008,45.030
2017-09-14,49.5000,49.7450,48.0000,48.2500,0.008,45.505
2017-09-15,48.7500,49.3775,47.5000,47.7500,0.006,45.960
2017-09-18,48.5000,49.7500,47.7500,49.2500,0.011,46.440
2017-09-19,49.5000,54.7500,49.2000,52.5000,0.046,46.975
2017-09-20,53.7500,58.2500,52.5250,53.7500,0.062,47.535
2017-09-21,53.7500,54.9975,50.2500,52.5250,0.017,48.081
2017-09-22,56.7500,56.7500,52.7500,53.2500,0.028,48.616
2017-09-25,53.0000,55.7500,52.7500,55.7500,0.016,49.191
2017-09-26,56.2500,56.2500,52.5000,53.7500,0.014,49.741
2017-09-27,53.7500,53.7500,50.7500,52.0000,0.013,50.271
2017-09-28,52.5000,53.2150,51.2500,52.7500,0.005,50.156
2017-09-29,52.0000,53.0000,50.5000,50.7500,0.016,49.771
2017-10-02,51.2500,53.2500,50.6025,51.7500,0.015,49.371
2017-10-03,51.2500,52.5000,50.7500,51.5000,0.011,49.251
2017-10-04,50.0000,52.2500,49.5000,51.0000,0.009,49.146
2017-10-05,51.0000,54.1875,50.0000,51.2500,0.032,49.071
2017-10-06,52.0000,53.7500,51.2500,53.0000,0.013,49.076
2017-10-09,53.7500,53.7500,51.2500,51.5000,0.009,49.016
2017-10-10,52.7500,53.2500,51.2500,53.0000,0.010,49.076
2017-10-11,52.2500,58.7500,52.2500,55.0000,0.097,49.316
2017-10-12,54.5000,61.7500,54.5000,57.2500,0.108,49.651
2017-10-13,58.2500,59.0000,56.0000,56.5000,0.017,49.886
2017-10-16,57.2500,57.4975,52.5000,54.0000,0.013,49.981
2017-10-17,54.5000,54.7500,50.7500,51.7500,0.016,50.066
2017-10-18,52.7500,52.7500,50.7500,51.2500,0.009,50.181
2017-10-19,50.7500,51.7500,48.0000,50.2525,0.015,50.286
2017-10-20,50.5000,52.5000,49.7500,50.7500,0.007,50.436
2017-10-23,50.7500,51.5000,49.5000,50.0000,0.006,50.416
2017-10-24,49.7500,51.5000,49.5000,49.7500,0.005,50.386
2017-10-25,49.2500,50.2500,46.2500,48.5000,0.016,50.321
2017-10-26,48.5000,49.2500,46.0000,47.0000,0.015,50.286
2017-10-27,46.7500,48.2500,45.2525,47.0000,0.006,50.291
2017-10-30,45.7500,48.5000,45.7500,47.0000,0.004,50.291
2017-10-31,46.0000,48.2500,46.0000,47.5000,0.004,50.281
2017-11-01,47.5000,47.5000,46.4950,47.2500,0.004,50.271
2017-11-02,46.5000,47.5000,46.0000,46.7500,0.003,50.276
2017-11-03,46.5000,48.2500,46.3475,47.7500,0.003,50.326
2017-11-06,47.0000,48.7500,46.5000,48.0000,0.006,50.316
2017-11-07,48.2500,48.7500,46.2475,47.2500,0.014,50.276
2017-11-08,47.2500,48.5000,46.2500,47.5000,0.008,50.286
2017-11-09,46.5000,51.7525,46.5000,49.2500,0.012,50.311
2017-11-10,50.0000,52.2500,49.0000,51.2500,0.012,50.361
2017-11-13,52.5000,52.5000,48.7225,50.0000,0.008,50.401
2017-11-14,50.0000,50.0000,48.0000,48.2500,0.008,50.436
2017-11-15,47.2500,49.9400,47.2500,48.5000,0.007,50.466
2017-11-16,49.5000,49.7500,47.7500,48.5000,0.003,50.501
2017-11-17,48.0000,49.5000,47.5000,48.0000,0.006,50.541
2017-11-20,47.5000,53.5000,47.5000,52.5000,0.039,50.581
2017-11-21,52.2500,55.0000,51.1250,51.7500,0.029,50.616
2017-11-22,52.5000,53.7500,51.0250,52.2500,0.007,50.671
2017-11-24,52.2500,53.5000,51.5000,52.5000,0.007,50.756
2017-11-27,51.5000,53.1450,50.5000,51.5000,0.019,50.831
2017-11-28,53.2500,53.2500,50.7500,52.5000,0.011,50.896
2017-11-29,52.5000,52.9850,50.6250,51.0000,0.011,50.866
2017-11-30,50.7500,51.7500,49.2500,50.2500,0.012,50.796
2017-12-01,49.2500,50.5000,48.2500,49.0000,0.012,50.725
2017-12-04,50.5000,55.0000,49.0150,53.7500,0.045,50.735
2017-12-05,54.2500,54.3750,52.2500,53.7500,0.012,50.695
2017-12-06,53.7500,54.5650,52.5000,53.7500,0.009,50.695
2017-12-07,53.2500,56.2500,53.0000,54.0000,0.021,50.735
2017-12-08,52.7500,56.5000,52.7500,55.7500,0.019,50.795
2017-12-11,57.5000,60.0000,55.0000,55.0000,0.009,50.880
2017-12-12,55.0000,55.5000,53.2500,54.5000,0.009,50.935
2017-12-13,54.0000,56.2500,53.7500,56.0000,0.011,51.025
2017-12-14,57.7500,57.7500,54.5025,55.5000,0.014,51.115
2017-12-15,55.7500,55.7500,51.3950,52.0000,0.028,51.130
2017-12-18,52.0000,53.4850,49.2500,50.7500,0.030,51.085
2017-12-19,51.0000,51.8450,49.7500,50.5000,0.014,51.065
2017-12-20,50.0000,51.2350,48.8025,50.2500,0.048,51.010
2017-12-21,80.5000,81.2500,67.5000,67.5000,0.372,51.260
2017-12-22,65.0000,66.5000,57.0000,61.2500,0.070,51.340
2017-12-26,58.0000,63.5000,58.0000,58.3575,0.025,51.377
2017-12-27,61.0000,64.4975,58.5000,59.0000,0.027,51.477
2017-12-28,58.7500,61.9975,58.0000,60.2525,0.023,51.647
2017-12-29,60.0000,61.2500,58.7500,59.0000,0.013,51.802
2018-01-02,60.0000,60.4650,58.0175,59.2500,0.014,51.982
2018-01-03,58.7500,59.2500,56.6250,57.2500,0.016,52.112
2018-01-04,57.5000,59.0000,55.2750,58.0000,0.014,52.272
2018-01-05,58.5000,59.2500,58.0000,58.7500,0.009,52.452
2018-01-08,58.7500,59.2500,56.7500,57.5000,0.007,52.632
2018-01-09,57.5000,58.2500,55.7500,56.3050,0.007,52.818
2018-01-10,56.2500,57.2500,55.7500,56.2500,0.007,53.003
2018-01-11,56.2500,56.7500,55.2500,55.6250,0.006,53.176
2018-01-12,55.5000,55.9900,52.5000,54.2475,0.011,53.311
2018-01-16,53.7500,54.2500,51.5000,51.7500,0.011,53.401
2018-01-17,63.0000,76.7500,59.2500,60.2500,0.651,53.671
2018-01-18,59.7500,60.2500,56.5000,57.0000,0.035,53.856
2018-01-19,57.0000,58.5000,55.5000,57.0000,0.021,54.036
2018-01-22,57.0000,61.2250,56.0000,60.0000,0.025,54.291
2018-01-23,60.7500,61.2500,59.0250,60.0000,0.015,54.541
2018-01-24,61.7500,61.7500,58.0000,58.7500,0.011,54.731
2018-01-25,58.7500,59.7500,57.5000,58.2500,0.009,54.871
2018-01-26,58.7500,60.2500,57.5000,59.7500,0.009,55.066
2018-01-29,60.0000,60.0000,58.2500,58.7500,0.005,55.276
2018-01-30,57.7500,59.0000,55.8425,55.8425,0.009,55.423
2018-01-31,56.0000,56.5175,53.7500,54.0000,0.008,55.533
2018-02-01,54.7500,57.4400,54.0000,54.5000,0.008,55.663
2018-02-02,54.2500,55.2500,51.0000,52.2500,0.014,55.658
2018-02-05,51.2500,52.7500,50.7500,50.7500,0.010,55.638
2018-02-06,51.0000,52.2500,47.5000,51.5000,0.015,55.623
2018-02-07,51.5000,53.0000,50.2500,50.7500,0.008,55.588
2018-02-08,50.7500,51.7500,48.1175,48.7500,0.008,55.533
2018-02-09,48.5000,49.5000,42.5250,47.7500,0.021,55.438
2018-02-12,47.5000,48.5800,46.5000,47.0000,0.004,55.358
2018-02-13,48.2500,48.2500,45.0000,47.2500,0.004,55.298
2018-02-14,48.0000,49.5000,47.2600,48.2500,0.004,55.283
2018-02-15,49.5000,49.7250,47.5000,48.7500,0.006,55.183
2018-02-16,48.7500,48.9025,47.2500,47.5000,0.005,55.058
2018-02-20,47.5000,47.5000,46.5000,47.0000,0.002,54.923
2018-02-21,47.0000,48.0000,46.5000,46.5000,0.003,54.773
2018-02-22,47.5000,48.5000,46.5000,47.2500,0.005,54.603
2018-02-23,47.5000,47.6750,46.2500,47.0000,0.002,54.443
2018-02-26,47.5000,47.5000,46.5000,47.2500,0.002,54.298
2018-02-27,48.7500,48.7500,45.5000,46.2500,0.005,54.103
2018-02-28,47.0000,47.1325,44.7500,44.7500,0.005,53.888
2018-03-01,44.5000,44.7500,42.2500,42.5000,0.005,53.698
2018-03-02,41.7500,44.7500,41.7500,44.7500,0.003,53.578
2018-03-05,44.5000,44.9100,39.2500,40.7500,0.017,53.383
2018-03-06,41.5000,42.0000,40.0000,40.2500,0.006,53.183
2018-03-07,39.7500,41.2500,39.7500,40.3325,0.003,52.639
2018-03-08,40.0000,41.0100,39.7500,41.0000,0.005,52.234
2018-03-09,41.0000,43.4750,40.5250,42.2500,0.005,51.912
2018-03-12,42.5000,42.6900,41.0000,42.2250,0.003,51.577
2018-03-13,41.7500,43.0000,40.5000,41.2500,0.004,51.197
2018-03-14,41.2500,42.0175,40.2500,40.7500,0.001,50.832
2018-03-15,41.2500,42.2500,40.5000,42.0000,0.004,50.487
2018-03-16,42.2500,43.0000,41.2500,42.2500,0.004,50.187
2018-03-19,42.5000,42.5125,40.7750,41.2500,0.001,49.852
2018-03-20,40.7500,41.7500,40.5000,41.2500,0.002,49.502
2018-03-21,41.2500,42.5000,41.2500,41.7525,0.002,49.187
2018-03-22,41.2500,42.2500,41.0250,41.5000,0.002,48.891
2018-03-23,41.5000,42.5000,39.2500,40.0000,0.007,48.566
2018-03-26,37.5000,40.0000,36.7500,39.0000,0.003,48.233
2018-03-27,39.7500,41.7500,38.7500,40.3750,0.006,47.956
2018-03-28,40.2500,41.2500,37.0000,37.5000,0.009,47.671
2018-03-29,36.7500,38.7500,36.2500,36.5000,0.005,47.196
2018-04-02,36.2500,37.2500,33.0000,33.2500,0.007,46.721
2018-04-03,32.0000,33.2500,28.7500,29.7500,0.012,46.176
2018-04-04,29.7500,32.5000,28.0000,31.5000,0.010,45.606
2018-04-05,31.2500,33.5000,31.0250,32.7500,0.005,45.061
2018-04-06,33.0000,34.8050,32.5000,33.7525,0.005,44.561
2018-04-09,34.0000,35.0000,33.0000,34.0000,0.002,44.076
2018-04-10,34.0000,34.0000,32.5000,32.7500,0.004,43.536
2018-04-11,32.7500,34.0000,32.5000,33.2500,0.002,43.026
2018-04-12,34.0000,36.2250,33.5000,35.2500,0.003,42.614
2018-04-13,35.7500,36.2500,34.3050,36.0000,0.002,42.254
2018-04-16,35.0000,37.7500,34.4475,37.2500,0.004,41.909
2018-04-17,36.2500,37.2500,35.7500,35.7500,0.002,41.579
2018-04-18,36.2500,38.0000,35.3000,37.0000,0.004,41.304
2018-04-19,36.7500,38.6025,36.0000,37.5000,0.003,41.024
2018-04-20,37.5000,39.9550,37.0250,39.0000,0.001,40.789
2018-04-23,38.7500,40.9750,38.2500,40.2500,0.003,40.619
2018-04-24,40.5000,41.7500,38.2500,38.7475,0.004,40.439
2018-04-25,40.0000,42.0000,37.7500,41.2500,0.003,40.324
2018-04-26,41.2500,41.2500,39.7750,40.5000,0.003,40.189
2018-04-27,41.2500,42.0000,40.7500,41.7250,0.002,40.058
2018-04-30,42.2500,42.5000,41.2500,41.3950,0.003,39.911
2018-05-01,42.5000,42.5000,41.5000,42.0000,0.002,39.801
2018-05-02,42.5000,44.2500,42.2500,44.0000,0.004,39.741
2018-05-03,45.2500,47.2275,44.2750,46.7500,0.007,39.746
2018-05-04,47.5000,47.5000,45.2500,46.7500,0.004,39.736
2018-05-07,46.7500,47.5000,45.5000,47.5000,0.008,39.746
2018-05-08,54.5000,54.7500,43.7750,44.7500,0.025,39.696
2018-05-09,46.2500,46.2500,41.7500,42.7500,0.009,39.626
2018-05-10,42.5000,43.0000,41.2500,41.8750,0.004,39.569
2018-05-11,42.0000,46.2500,41.4225,44.7525,0.009,39.614
2018-05-14,46.7500,47.0000,45.7500,46.5000,0.007,39.649
2018-05-15,49.5000,49.5000,46.5000,47.0000,0.013,39.774
2018-05-16,47.7500,47.9850,45.0000,45.7500,0.010,39.884
2018-05-17,47.5000,47.5000,45.2500,47.5000,0.007,40.027
2018-05-18,48.2500,48.2500,46.7500,47.0000,0.005,40.147
2018-05-21,49.0000,49.5000,47.5225,49.2500,0.007,40.287
2018-05-22,48.2500,49.7500,47.7500,48.0000,0.006,40.403
2018-05-23,47.7500,50.0000,47.2575,48.5150,0.005,40.548
2018-05-24,48.2500,51.5125,48.0250,50.7450,0.008,40.748
2018-05-25,50.7500,54.5000,50.5050,54.0000,0.019,40.988
2018-05-29,53.7500,62.0000,52.5000,61.0000,0.048,41.363
2018-05-30,62.2500,66.2500,61.2500,65.5000,0.036,41.848
2018-05-31,65.0000,66.0000,55.0000,59.2500,0.034,42.208
2018-06-01,60.2500,62.0000,58.0250,59.2500,0.009,42.558
2018-06-04,60.0000,60.0000,55.0000,56.2500,0.015,42.853
2018-06-05,58.7500,58.7500,53.7500,55.0000,0.011,43.153
2018-06-06,57.2500,57.2500,50.5000,52.5000,0.016,43.423
2018-06-07,52.2500,53.7500,49.7500,51.0000,0.009,43.635
2018-06-08,50.7500,53.2500,50.2500,52.8750,0.005,43.943
2018-06-11,52.5000,55.7500,52.5000,55.2500,0.008,44.318
2018-06-12,55.2500,56.3875,54.7500,55.5000,0.006,44.763
2018-06-13,56.0000,56.0000,52.5725,53.7500,0.005,45.243
2018-06-14,53.7500,53.8825,52.5000,53.0000,0.004,45.673
2018-06-15,52.5000,53.7500,52.0000,53.5000,0.004,46.088
2018-06-18,53.7500,55.5000,53.7500,54.7500,0.004,46.508
2018-06-19,53.7500,54.2500,52.5000,53.7500,0.004,46.903
2018-06-20,54.2500,55.2775,52.5000,54.9925,0.005,47.347
2018-06-21,54.5000,55.4900,52.7500,53.2575,0.006,47.748
2018-06-22,53.2500,54.5000,52.7500,52.7500,0.004,48.098
2018-06-25,53.0000,53.4700,50.5000,51.5000,0.005,48.408
2018-06-26,51.7500,52.2500,49.7925,51.2500,0.005,48.688
2018-06-27,50.5000,51.5000,46.7500,47.0000,0.007,48.913
2018-06-28,46.7500,49.7500,45.0000,49.5000,0.005,49.163
2018-06-29,48.5000,52.1675,48.2500,48.7500,0.004,49.388
2018-07-02,48.5000,50.0000,48.2525,50.0000,0.001,49.608
2018-07-03,50.2500,51.0000,49.2500,49.9975,0.001,49.803
2018-07-05,50.0000,50.9300,47.7500,48.7500,0.003,50.003
2018-07-06,50.0000,51.0000,49.3750,50.7375,0.001,50.192
2018-07-09,50.0000,52.0000,49.2725,49.7525,0.003,50.377
2018-07-10,50.0000,50.7500,48.7775,49.2475,0.002,50.528
2018-07-11,48.7500,50.0000,48.7500,49.7500,0.001,50.695
2018-07-12,49.0000,50.0000,48.5225,49.2500,0.004,50.840
2018-07-13,48.5000,49.7500,48.5000,49.0000,0.002,50.940
2018-07-16,49.5000,49.5000,47.5250,48.0000,0.002,50.965
2018-07-17,47.7500,49.0000,47.7500,48.5000,0.001,51.000
2018-07-18,48.0000,48.5000,47.2575,48.0000,0.003,51.010
2018-07-19,47.5000,48.5000,47.0075,48.5000,0.002,51.085
2018-07-20,48.5000,49.2500,46.7500,48.0000,0.002,51.190
2018-07-23,47.0000,48.5000,45.0000,47.0000,0.002,51.292
2018-07-24,47.0000,47.0000,46.2500,46.9750,0.002,51.337
2018-07-25,46.5000,47.0000,46.0000,46.3750,0.001,51.334
2018-07-26,46.0000,46.0000,42.5000,43.7500,0.005,51.269
2018-07-27,43.7500,45.5000,43.7500,44.2450,0.002,51.239
2018-07-30,45.0000,46.0000,44.5000,45.0000,0.001,51.189
2018-07-31,45.0000,46.0000,44.5000,44.5000,0.001,51.139
2018-08-01,44.7500,48.4750,44.7500,48.0000,0.002,51.114
2018-08-02,48.0000,48.0000,46.7500,47.2500,0.002,51.099
2018-08-03,47.5000,49.2500,47.0525,49.1250,0.004,51.112
2018-08-06,49.2500,49.7500,48.5000,48.5000,0.002,51.067
2018-08-07,48.7500,50.0000,46.5000,48.2500,0.002,50.952
2018-08-08,47.5000,49.7500,47.5000,49.6850,0.002,50.725
2018-08-09,48.0000,51.5000,48.0000,50.4750,0.008,50.425
2018-08-10,41.2500,50.0000,41.2500,48.5000,0.007,50.210
2018-08-13,47.5000,48.5000,46.2500,46.2525,0.002,49.950
2018-08-14,46.0000,48.0000,46.0000,46.5000,0.002,49.755
2018-08-15,46.2500,47.5000,46.2500,47.0000,0.002,49.595
2018-08-16,46.3900,46.7500,45.5000,45.5000,0.001,49.455
2018-08-17,45.2500,46.5000,44.7500,45.5000,0.002,49.345
2018-08-20,45.0000,46.2500,44.2650,45.5000,0.002,49.197
2018-08-21,45.5000,46.0000,44.2500,44.2500,0.003,48.977
2018-08-22,44.7500,46.2500,44.2500,45.7500,0.002,48.782
2018-08-23,45.0000,47.2500,45.0000,46.5025,0.002,48.637
2018-08-24,46.2500,47.5000,44.7500,44.7500,0.003,48.472
2018-08-27,45.0000,45.3425,43.0000,44.0000,0.003,48.282
2018-08-28,43.5000,45.2550,43.5000,45.0000,0.002,48.087
2018-08-29,45.0000,46.5000,44.0025,45.0000,0.003,47.912
2018-08-30,44.7500,46.2500,44.5250,46.0000,0.002,47.733
2018-08-31,44.5000,45.7500,44.5000,45.5000,0.003,47.577
2018-09-04,45.0000,46.0000,44.7500,45.0000,0.003,47.422
2018-09-05,44.2500,45.0000,43.5000,44.5000,0.002,47.282
2018-09-06,44.5000,45.5000,43.2500,44.0000,0.002,47.137
2018-09-07,43.7500,45.0000,42.7375,43.7500,0.002,47.072
2018-09-10,43.2500,43.5100,42.5000,42.5000,0.002,46.932
2018-09-11,42.0000,43.0000,41.2500,42.0000,0.003,46.797
2018-09-12,41.2500,42.0000,41.2500,41.8750,0.002,46.635
2018-09-13,41.2500,42.0000,41.0000,41.0000,0.003,46.455
2018-09-14,40.0000,42.2500,40.0000,40.0000,0.002,46.280
2018-09-17,40.2500,41.7500,40.2500,41.0000,0.002,46.085
2018-09-18,40.7500,41.7500,40.2500,41.2500,0.002,45.915
2018-09-19,41.5000,41.7500,40.2500,40.7950,0.002,45.746
2018-09-20,41.2500,44.0175,41.2500,43.5000,0.005,45.621
2018-09-21,43.7500,44.0000,43.1475,43.2500,0.001,45.501
2018-09-24,42.7500,43.5000,42.2525,42.7500,0.002,45.376
2018-09-25,42.7500,43.2500,42.5000,42.7500,0.001,45.271
2018-09-26,42.7500,43.2500,42.5000,43.2500,0.001,45.166
2018-09-27,42.5000,44.0000,42.5000,43.5000,0.002,45.076
2018-09-28,43.0000,44.4975,43.0000,43.5000,0.001,44.976
2018-10-01,43.0000,44.5000,43.0000,43.7500,0.002,44.891
2018-10-02,43.2500,45.0000,43.2500,44.0000,0.002,44.831
2018-10-03,43.7500,45.0000,43.2500,44.5000,0.002,44.782
2018-10-04,43.2500,44.5000,43.2500,44.0000,0.003,44.734
2018-10-05,44.2500,45.5000,43.2500,43.5000,0.002,44.729
2018-10-08,43.2500,43.4550,41.2500,41.7500,0.002,44.679
2018-10-09,41.7500,43.5000,41.2500,41.5000,0.002,44.609
2018-10-10,41.2500,42.5000,41.2500,42.2500,0.002,44.564
2018-10-11,41.1150,42.0000,40.2500,40.5000,0.005,44.414
2018-10-12,40.0000,41.0475,38.5000,38.5000,0.005,44.239
2018-10-15,38.5000,39.5000,36.2750,38.0000,0.002,44.017
2018-10-16,38.0000,40.5000,36.7500,38.5000,0.002,43.817
2018-10-17,40.0000,40.0000,38.2500,38.2500,0.001,43.617
2018-10-18,38.5000,38.5000,34.2500,34.7500,0.005,43.318
2018-10-19,34.7500,38.2500,34.7500,36.5000,0.001,43.039
2018-10-22,36.2500,37.5000,36.0000,36.2500,0.001,42.794
2018-10-23,35.7500,35.8275,33.6675,35.5000,0.002,42.578
2018-10-24,34.7500,35.5800,32.2500,32.5000,0.005,42.298
2018-10-25,32.7500,34.5000,32.4125,33.2500,0.003,42.023
2018-10-26,32.5000,34.5000,32.5000,32.5000,0.003,41.763
2018-10-29,33.2500,34.5000,32.7500,33.0000,0.002,41.513
2018-10-30,32.7500,33.7500,32.2500,32.5000,0.001,41.253
2018-10-31,35.0000,56.7500,35.0000,54.5000,0.687,41.458
2018-11-01,48.7500,57.2500,45.2500,54.5000,0.105,41.633
2018-11-02,54.2500,57.2500,51.7500,55.7500,0.036,41.818
2018-11-05,57.5000,61.7500,56.5000,59.2500,0.039,42.108
2018-11-06,57.5000,62.2500,57.0000,59.2500,0.020,42.413
2018-11-07,57.0000,58.2500,51.2500,51.5000,0.025,42.543
2018-11-08,52.0000,55.4975,51.0025,53.2500,0.008,42.708
2018-11-09,53.7500,56.7500,53.0000,56.5000,0.010,42.918
2018-11-12,57.0000,62.5000,57.0000,60.2500,0.019,43.213
2018-11-13,60.2500,62.0000,58.0000,59.5000,0.020,43.503
2018-11-14,60.0000,61.2500,58.5000,60.7500,0.007,43.828
2018-11-15,61.0000,64.5000,59.8375,63.5000,0.024,44.218
2018-11-16,68.2500,73.5000,65.5000,72.5000,0.149,44.793
2018-11-19,70.0000,76.2500,69.0000,75.0000,0.055,45.443
2018-11-20,73.2500,76.3275,72.0000,75.5000,0.036,46.113
2018-11-21,75.5000,77.0000,73.7500,75.5000,0.022,46.786
2018-11-23,74.2500,74.2500,62.5000,73.0000,0.014,47.426
2018-11-26,70.5000,76.0000,70.2500,75.0000,0.012,48.126
2018-11-27,72.7500,76.2500,72.5000,76.0000,0.010,48.826
2018-11-28,75.5000,77.5000,74.7500,76.5000,0.018,49.531
2018-11-29,77.5000,79.5000,75.5975,78.5000,0.017,50.285
2018-11-30,80.0000,84.7500,79.0000,84.5000,0.027,51.105
2018-12-03,90.0000,96.7500,87.5000,96.7500,0.056,52.175
2018-12-04,98.0000,98.0000,84.7500,91.5000,0.027,53.150
2018-12-06,90.2500,92.5000,80.0000,92.2500,0.026,54.140
2018-12-07,92.2500,93.0000,89.0000,91.7500,0.008,55.110
2018-12-10,92.5000,93.1250,86.2500,87.7500,0.018,55.995
2018-12-11,90.0000,90.0000,82.5000,82.5000,0.013,56.775
2018-12-12,83.5000,83.9050,81.0000,82.5000,0.009,57.550
2018-12-13,82.5000,82.7750,74.2250,76.2500,0.018,58.195
2018-12-14,76.2500,76.2500,70.2500,71.2500,0.017,58.730
2018-12-17,69.5000,79.7500,66.2500,72.5000,0.016,59.300
2018-12-18,72.0000,73.4775,67.7500,67.7500,0.010,59.785
2018-12-19,70.0000,73.0000,67.5000,70.7500,0.007,60.365
2018-12-20,70.0000,72.2500,68.7500,68.7500,0.006,60.910
2018-12-21,68.7500,69.7500,63.5000,64.7500,0.010,61.360
2018-12-24,65.2500,67.0000,61.7500,64.0000,0.007,61.830
2018-12-26,63.7500,68.7500,63.7500,68.0000,0.005,62.420
2018-12-27,68.2500,72.2500,66.2500,71.2500,0.007,63.085
2018-12-28,71.0000,76.6175,70.5875,74.2500,0.013,63.800
2018-12-31,75.7500,76.5000,73.2500,73.5000,0.007,64.505
2019-01-02,74.5000,75.7500,71.2500,75.7500,0.003,65.325
2019-01-03,76.0000,77.0000,75.4750,77.0000,0.005,66.135
2019-01-04,77.0000,86.1725,76.6175,85.2500,0.016,67.115
2019-01-07,89.0000,92.5000,85.5000,87.2500,0.024,68.150
2019-01-08,91.2500,91.2500,82.3000,83.7500,0.010,69.175
2019-01-09,86.7500,86.7500,82.2500,84.7500,0.006,70.205
2019-01-10,85.0000,87.5000,83.5000,86.7500,0.004,71.290
2019-01-11,87.5000,97.2500,87.5000,92.2500,0.026,72.475
2019-01-14,95.0000,101.2500,93.0000,97.5000,0.059,73.775
2019-01-15,98.7500,100.0000,94.2500,100.0000,0.039,74.685
2019-01-16,101.0000,103.4950,86.7500,90.0000,0.073,75.395
2019-01-17,92.5000,99.5000,90.2525,95.0000,0.041,76.180
2019-01-18,96.2500,96.2675,87.9975,88.5000,0.016,76.765
2019-01-22,88.7500,90.6000,85.2550,89.7500,0.010,77.375
2019-01-23,90.0000,91.8000,86.0000,86.7500,0.005,78.080
2019-01-24,86.7500,88.5000,85.2500,88.5000,0.006,78.785
2019-01-25,88.5000,92.0000,88.3750,90.7500,0.004,79.470
2019-01-28,91.2500,97.0000,89.7500,96.2500,0.013,80.190
2019-01-29,97.5000,99.5000,96.2500,98.7500,0.010,80.975
2019-01-30,99.7500,99.7500,95.2500,98.5000,0.009,81.730
2019-01-31,97.7500,98.7500,93.6825,95.7500,0.009,82.375
2019-02-01,96.5000,101.1675,96.5000,99.0000,0.014,82.905
2019-02-04,99.0000,106.2500,97.7500,105.5000,0.026,83.515
2019-02-05,107.2500,108.5000,100.0000,103.0000,0.019,84.065
2019-02-06,102.2500,103.7500,99.9975,102.5000,0.008,84.605
2019-02-07,102.2500,105.7500,97.6875,104.5000,0.011,85.235
2019-02-08,105.0000,105.0000,100.7500,103.7500,0.005,85.810
2019-02-11,103.2500,106.2500,102.5000,105.0000,0.006,86.390
2019-02-12,104.7500,104.7500,101.2500,103.7500,0.010,86.935
2019-02-13,102.5000,104.2500,95.7500,101.7500,0.014,87.400
2019-02-14,102.2500,102.2500,100.0000,101.0000,0.004,87.730
2019-02-15,101.2500,101.4250,97.5000,98.2500,0.006,87.760
2019-02-19,99.7500,103.7500,98.1450,102.0000,0.011,87.970
2019-02-20,101.2500,103.0000,99.7500,101.2500,0.007,88.150
2019-02-21,100.7500,102.0075,99.7500,100.7500,0.005,88.330
2019-02-22,101.5000,107.0000,100.2500,103.2500,0.008,88.640
2019-02-25,102.5000,109.7500,101.8125,104.5000,0.011,89.080
2019-02-26,103.7500,104.7500,97.5000,100.0000,0.015,89.430
2019-02-27,100.0000,102.7500,98.7500,99.2500,0.006,89.890
2019-02-28,99.5000,103.5000,97.7500,99.2500,0.007,90.450
2019-03-01,100.2500,101.0000,97.5000,100.0000,0.010,91.000
2019-03-04,99.0000,100.5000,90.2500,94.5000,0.017,91.535
2019-03-05,92.0000,97.7500,91.5000,96.5000,0.010,92.050
2019-03-06,94.7500,95.2500,88.2500,90.0000,0.011,92.475
2019-03-07,87.5000,92.5000,87.5000,90.2500,0.006,92.985
2019-03-08,87.5000,93.0000,87.5000,91.2500,0.006,93.530
2019-03-11,91.7500,93.6750,90.0000,91.7500,0.004,94.005
2019-03-12,92.0000,92.5000,90.0000,92.2500,0.010,94.425
2019-03-13,94.0000,101.0000,93.7500,100.0000,0.018,94.940
2019-03-14,99.0000,100.5000,98.3975,99.5000,0.006,95.460
2019-03-15,99.5000,99.5000,95.2500,99.0000,0.008,95.925
2019-03-18,99.7500,103.2500,97.2500,100.0000,0.012,96.385
2019-03-19,100.5000,105.7500,100.5000,105.5000,0.015,96.790
2019-03-20,105.5000,106.2500,103.7500,105.2500,0.008,97.150
2019-03-21,105.7500,108.2500,104.0000,106.7500,0.011,97.610
2019-03-22,105.7500,106.2500,99.2500,103.5000,0.008,97.985
2019-03-25,103.2500,107.0000,100.0000,104.7500,0.009,98.345
2019-03-26,105.7500,105.7500,101.7500,103.7500,0.009,98.575
2019-03-27,102.2500,104.5000,100.0000,101.5000,0.009,98.655
2019-03-28,101.7500,103.7500,101.7500,103.2500,0.002,98.720
2019-03-29,103.7500,117.6750,103.7500,116.2500,0.031,99.245
2019-04-01,117.7500,129.9225,116.4050,127.5000,0.035,99.895
2019-04-02,128.5000,132.2500,117.0000,129.7500,0.026,100.720
2019-04-03,132.0000,134.5000,126.2500,128.7500,0.014,101.500
2019-04-04,127.5000,137.0000,126.0000,135.7500,0.017,102.480
2019-04-05,137.0000,139.2500,133.6250,135.7500,0.013,103.425
2019-04-08,134.5000,137.2500,132.5000,135.0000,0.009,104.310
2019-04-09,135.0000,135.7500,127.7500,130.2500,0.009,104.990
2019-04-10,130.2500,133.5000,128.7500,129.5000,0.007,105.605
2019-04-11,128.7500,129.2500,113.5000,115.0000,0.025,105.935
2019-04-12,115.0000,119.7500,115.0000,115.7500,0.007,106.335
2019-04-15,115.2500,118.0000,106.0000,112.0000,0.017,106.595
2019-04-16,111.2500,114.1250,107.7500,108.7500,0.008,106.660
2019-04-17,108.5000,110.0000,103.0000,107.7500,0.012,106.755
2019-04-18,108.5000,109.5325,105.2500,106.2500,0.006,106.830
2019-04-22,106.2500,108.8450,97.0000,99.2500,0.018,106.725
2019-04-23,98.2500,102.2500,98.0000,100.5000,0.012,106.660
2019-04-24,101.2500,102.5000,95.5000,96.2500,0.007,106.485
2019-04-25,96.7500,102.0000,96.7500,97.5000,0.009,106.360
2019-04-26,97.7500,100.7500,97.7500,100.5000,0.004,106.335
2019-04-29,103.7500,105.4325,100.5000,103.2500,0.004,106.380
2019-04-30,102.2500,102.5000,98.0000,99.5000,0.004,106.405
2019-05-01,99.0000,99.2925,90.5000,90.5000,0.013,106.175
2019-05-02,91.7500,91.7500,84.5000,87.2500,0.010,105.895
2019-05-03,87.7500,93.2500,86.7500,92.5000,0.005,105.730
2019-05-06,92.0000,94.5000,89.5000,94.5000,0.005,105.555
2019-05-07,93.7500,96.7500,93.7500,95.0000,0.004,105.365
2019-05-08,90.0000,92.7500,82.2500,84.2500,0.016,105.050
2019-05-09,83.7500,85.1250,78.2500,79.2500,0.008,104.650
2019-05-10,78.2500,80.7475,77.5025,79.7500,0.005,104.260
2019-05-13,79.0000,79.3550,74.0000,75.7500,0.008,103.775
2019-05-14,76.7500,80.9750,73.2500,78.7500,0.006,103.460
2019-05-15,79.0000,85.2500,79.0000,83.0000,0.006,103.190
2019-05-16,83.7500,87.0000,81.7500,82.5000,0.003,103.040
2019-05-17,82.5000,82.5000,76.5000,79.2500,0.007,102.820
2019-05-20,79.7500,81.0000,77.9425,79.5000,0.003,102.585
2019-05-21,79.5000,84.0150,79.0000,80.5000,0.004,102.360
2019-05-22,80.2500,80.7500,78.0000,78.7500,0.002,102.090
2019-05-23,78.2500,82.0000,78.2500,79.7500,0.003,101.685
2019-05-24,80.2500,81.0000,77.5000,78.5000,0.002,101.265
2019-05-28,78.5000,80.5000,77.5000,78.7500,0.003,100.860
2019-05-29,78.7500,80.5000,76.2500,76.7500,0.003,100.395
2019-05-30,76.0000,77.0075,73.7500,74.0000,0.005,99.765
2019-05-31,73.7500,76.7500,72.5000,75.0000,0.004,99.160
2019-06-03,75.0000,75.0000,70.2500,71.2500,0.002,98.450
2019-06-04,72.2500,73.2500,69.0000,70.2500,0.004,97.785
2019-06-05,66.5000,74.7500,66.5000,71.0000,0.003,97.110
2019-06-06,71.2500,72.5000,60.7500,61.5000,0.012,96.265
2019-06-07,60.0000,60.0000,49.0000,51.7500,0.026,95.270
2019-06-10,51.0000,54.2500,50.5000,51.0000,0.006,94.225
2019-06-11,51.2500,53.7500,50.7500,52.7500,0.005,92.955
2019-06-12,52.5000,58.2500,52.5000,57.5000,0.005,91.555
2019-06-13,58.0000,70.7500,58.0000,68.7500,0.016,90.335
2019-06-14,69.7500,77.7500,68.1250,75.5000,0.014,89.270
2019-06-17,75.5000,76.0000,69.7500,73.7500,0.008,88.030
2019-06-18,73.7500,76.2500,71.2750,75.5000,0.005,86.825
2019-06-19,75.5000,77.2500,71.7500,72.7500,0.005,85.580
2019-06-20,74.0000,74.0000,66.5000,67.5000,0.005,84.325
2019-06-21,66.5000,67.5000,64.0000,67.5000,0.003,83.085
2019-06-24,66.7500,68.0250,66.5000,67.2500,0.003,82.130
2019-06-25,67.2500,70.5000,66.5000,67.0000,0.003,81.155
2019-06-26,67.2500,67.5875,65.6250,66.7500,0.001,80.250
2019-06-27,66.7500,71.7500,66.5000,70.7500,0.004,79.490
2019-06-28,71.0000,73.7500,70.2500,73.7500,0.005,78.810
2019-07-01,74.7500,76.5000,73.5000,74.2500,0.005,78.170
2019-07-02,74.2500,75.5000,73.0000,74.0000,0.003,77.665
2019-07-03,75.0000,75.0000,70.7500,71.2500,0.002,77.080
2019-07-05,71.5000,74.0000,70.7500,72.5000,0.003,76.605
2019-07-08,72.0000,72.2500,67.5000,67.5000,0.003,76.005
2019-07-09,66.2500,69.2500,66.2500,68.2500,0.003,75.360
2019-07-10,68.2500,70.6250,68.2500,68.5000,0.002,74.665
2019-07-11,68.5000,69.3750,65.0000,65.5000,0.002,73.985
2019-07-12,66.5000,70.8725,66.5000,70.2500,0.003,73.580
2019-07-15,70.2500,70.2500,66.2500,67.0000,0.002,73.175
2019-07-16,68.0000,68.0000,65.0000,65.0000,0.002,72.625
2019-07-17,64.0000,66.2500,63.0000,63.2500,0.005,72.000
2019-07-18,63.2500,65.0000,57.2500,63.5000,0.005,71.370
2019-07-19,64.0000,67.0000,62.0000,62.5000,0.004,70.935
2019-07-22,63.0000,64.5000,61.7500,63.2500,0.002,70.615
2019-07-23,63.0000,63.4550,60.5000,60.7500,0.002,70.235
2019-07-24,60.0000,61.7500,57.7500,60.5000,0.003,69.930
2019-07-25,59.5000,61.5000,59.0000,59.7500,0.001,69.550
2019-07-26,59.2500,62.2500,59.2500,61.7500,0.003,69.125
2019-07-29,61.5000,63.0000,59.6150,63.0000,0.002,68.735
2019-07-30,61.2775,63.7500,61.2775,62.7500,0.002,68.405
2019-07-31,62.7500,62.7500,61.3725,62.5000,0.002,68.065
2019-08-01,62.5000,62.5000,57.5000,59.2500,0.006,67.640
2019-08-02,58.2500,59.2500,56.5000,58.7500,0.004,67.240
2019-08-05,57.0000,57.2850,50.7500,52.5000,0.006,66.695
2019-08-06,53.2500,62.2500,53.2500,61.7500,0.006,66.360
2019-08-07,60.5000,62.0000,58.7500,61.0000,0.001,66.005
2019-08-08,62.0525,62.7500,60.5925,62.7500,0.001,65.725
2019-08-09,62.5000,62.5000,58.7500,59.7500,0.001,65.440
2019-08-12,59.7500,62.5000,56.0000,56.0000,0.002,65.060
2019-08-13,56.2500,62.2500,56.2500,62.2500,0.002,64.880
2019-08-14,57.2500,57.2500,50.5000,53.7500,0.007,64.550
2019-08-15,54.5000,55.2500,53.0000,53.7500,0.001,64.205
2019-08-16,54.7500,55.0000,52.5000,52.5000,0.003,64.025
2019-08-19,53.2500,53.7500,52.3750,52.5000,0.003,64.040
2019-08-20,52.0000,53.7500,51.8900,52.9875,0.002,64.080
2019-08-21,53.5000,53.5000,51.5000,51.7500,0.001,64.060
2019-08-22,52.0100,52.5000,51.5000,52.0000,0.001,63.950
2019-08-23,51.2500,52.7500,50.7500,52.0000,0.001,63.615
2019-08-26,52.5000,52.5000,50.2500,50.7500,0.003,63.120
2019-08-27,50.2500,51.5000,48.1250,49.2500,0.005,62.630
2019-08-28,49.2500,51.9825,48.5000,51.9725,0.007,62.159
2019-08-29,52.7500,64.2500,52.2500,60.0000,0.010,61.904
2019-08-30,59.0000,60.4975,55.1250,56.0000,0.002,61.674
2019-09-03,57.5000,57.5000,52.0000,52.2500,0.003,61.369
2019-09-04,52.7900,53.0000,47.7500,49.0000,0.010,61.004
2019-09-05,50.0000,50.0000,44.2500,44.7500,0.009,60.559
2019-09-06,45.5000,48.7725,45.0000,46.5000,0.005,60.154
2019-09-09,45.5000,46.8025,44.2500,44.2500,0.006,59.624
2019-09-10,44.0000,47.0000,44.0000,46.5000,0.002,59.079
2019-09-11,46.2500,48.2500,45.5000,46.5000,0.003,58.524
2019-09-12,46.7500,47.7500,46.2500,46.7500,0.001,57.979
2019-09-13,46.7500,47.1250,44.7500,44.7500,0.004,57.449
2019-09-16,45.0000,46.5000,44.2500,44.7500,0.004,56.894
2019-09-17,45.0000,45.7500,42.7500,43.0000,0.003,56.404
2019-09-18,43.0000,44.7500,39.3775,40.8700,0.008,55.857
2019-09-19,41.0000,43.7500,40.0000,41.2500,0.003,55.312
2019-09-20,40.0000,41.7500,31.7500,32.0000,0.046,54.642
2019-09-23,32.5000,34.5000,31.0000,31.5000,0.014,53.867
2019-09-24,32.0000,33.7500,30.7500,32.0000,0.008,53.167
2019-09-25,32.0000,32.5000,29.0000,29.2500,0.011,52.452
2019-09-26,29.5000,30.0000,27.0000,27.7500,0.014,51.742
2019-09-27,28.2500,30.0000,24.2500,24.9000,0.019,50.970
2019-09-30,25.2500,26.7875,24.2500,25.7500,0.009,50.235
2019-10-01,26.0000,26.6250,25.2500,25.5000,0.009,49.480
2019-10-02,25.5000,27.0000,24.7500,25.0000,0.007,48.765
2019-10-03,25.0000,25.7500,24.3250,25.0000,0.006,48.055
2019-10-04,25.0000,25.5000,24.4325,24.9000,0.004,47.358
2019-10-07,26.0000,26.0000,24.2500,24.6200,0.005,46.615
2019-10-08,24.4325,25.2500,23.7500,24.1841,0.006,45.839
2019-10-09,25.0000,25.2500,20.3125,22.5000,0.010,45.034
2019-10-10,23.6475,23.6475,22.2500,22.8825,0.004,44.241
2019-10-11,22.5000,23.6400,21.7500,22.5600,0.005,43.508
2019-10-14,22.5000,22.7750,21.7500,22.2500,0.002,42.778
2019-10-15,22.4400,23.2475,21.7550,22.0000,0.005,42.168
2019-10-16,22.5000,22.7500,20.9950,22.0000,0.007,41.373
2019-10-17,21.6400,25.7500,21.6400,25.0000,0.007,40.653
2019-10-18,24.9750,29.7500,24.9750,26.7500,0.021,39.933
2019-10-21,26.5000,28.0000,26.2500,26.2500,0.007,39.263
2019-10-22,25.7500,27.5000,25.0000,25.5000,0.003,38.653
2019-10-23,26.0000,27.5000,26.0000,27.0000,0.004,37.948
2019-10-24,27.7500,27.7500,26.2500,27.0000,0.003,37.413
2019-10-25,27.5000,27.5000,26.0000,26.2500,0.005,36.863
2019-10-28,26.5000,27.2475,25.0000,25.2500,0.005,36.318
2019-10-29,25.5000,26.5000,25.0000,26.3125,0.002,35.794
2019-10-30,26.0000,26.0025,25.0000,25.5000,0.003,35.244
2019-10-31,25.5000,26.0000,25.0000,25.3550,0.003,34.716
2019-11-01,25.7500,25.7500,22.5000,24.0775,0.012,34.158
2019-11-04,23.5000,24.2875,23.5000,24.2875,0.003,33.603
2019-11-05,24.8600,27.5000,23.0600,26.1000,0.018,33.110
2019-11-06,25.2500,26.7500,25.2500,25.7500,0.002,32.640
2019-11-07,25.7500,26.2500,25.0000,25.5000,0.004,32.111
2019-11-08,26.2500,27.5000,25.2500,26.2500,0.008,31.436
2019-11-11,26.2500,27.0000,25.7500,25.7500,0.004,30.831
2019-11-12,25.7500,26.2500,25.0000,25.6250,0.007,30.298
2019-11-13,25.7500,26.2500,24.5000,25.2500,0.003,29.823
2019-11-14,25.2500,25.7500,24.2500,25.2500,0.004,29.433
2019-11-15,25.0000,25.5000,24.2575,24.7025,0.002,28.998
2019-11-18,25.0000,25.0000,21.8000,23.4275,0.007,28.581
2019-11-19,23.7500,23.7500,22.7500,23.5625,0.002,28.122
2019-11-20,23.0000,24.0000,23.0000,23.4975,0.001,27.662
2019-11-21,23.3350,23.7500,22.0750,22.2500,0.005,27.172
2019-11-22,22.4975,22.5000,22.0000,22.4725,0.002,26.727
2019-11-25,22.5000,23.2500,22.0000,22.4975,0.004,26.282
2019-11-26,23.0000,23.0700,21.7500,22.1250,0.005,25.864
2019-11-27,21.5000,22.5850,21.5000,22.4950,0.002,25.497
2019-11-29,22.4750,23.0925,21.7750,22.5000,0.002,25.122
2019-12-02,22.5000,22.5000,21.9075,22.3750,0.001,24.929
2019-12-03,22.5000,22.5000,21.7500,21.7500,0.005,24.734
2019-12-04,21.7500,22.2850,21.5000,21.8356,0.010,24.531
2019-12-05,22.2500,22.2500,21.6875,21.7500,0.004,24.381
2019-12-06,21.7500,22.2200,21.2500,21.3750,0.005,24.253
2019-12-09,21.9700,22.2175,20.2500,21.2275,0.006,24.180
2019-12-10,21.2500,21.2500,20.2500,20.6500,0.004,24.078
2019-12-11,20.3750,21.0000,20.0000,20.0100,0.007,23.968
2019-12-12,20.0050,20.9400,19.9750,20.3125,0.006,23.874
2019-12-13,20.2500,20.7500,20.0000,20.0050,0.004,23.774
2019-12-16,19.4000,20.4975,19.2500,19.5025,0.006,23.667
2019-12-17,19.8750,20.2500,19.0000,19.2900,0.005,23.560
2019-12-18,19.5000,20.6250,19.5000,20.0000,0.005,23.476
2019-12-19,20.2500,21.0000,20.0000,20.2500,0.004,23.431
2019-12-20,20.0000,20.2382,19.0000,19.9775,0.007,23.373
2019-12-23,19.9775,21.2250,19.6925,20.5000,0.006,23.332
2019-12-24,20.4950,21.2500,20.0000,20.5800,0.003,23.299
2019-12-26,20.2500,20.6250,20.0050,20.3750,0.003,23.266
2019-12-27,20.0250,21.0000,19.9650,20.5100,0.004,23.236
2019-12-30,20.7500,24.0000,20.0000,23.6275,0.011,23.209
2019-12-31,21.7525,23.8825,21.7500,22.7500,0.013,23.129
2020-01-02,23.0000,23.4063,22.0000,22.0375,0.007,23.045
2020-01-03,21.9950,22.7500,21.2500,22.0000,0.006,22.975
2020-01-06,22.5000,23.3975,21.5000,23.0350,0.003,22.895
2020-01-07,22.0000,24.6200,22.0000,24.2550,0.005,22.840
2020-01-08,24.7500,28.7500,23.6175,27.7525,0.016,22.870
2020-01-09,26.5000,27.5000,25.1250,25.2500,0.011,22.870
2020-01-10,26.0000,26.0000,25.2500,26.0000,0.004,22.864
2020-01-13,26.7500,27.7500,26.2500,26.3900,0.010,22.882
2020-01-14,27.0000,27.0000,25.2500,26.5000,0.005,22.905
2020-01-15,27.2500,27.2500,26.0000,26.7500,0.003,22.958
2020-01-16,26.2500,28.0000,26.2500,26.7500,0.004,23.008
2020-01-17,26.2500,27.5000,26.2500,27.2500,0.005,23.031
2020-01-21,27.7500,38.5000,27.7500,35.9975,0.064,23.236
2020-01-22,34.5000,35.7500,31.2500,34.5000,0.020,23.416
2020-01-23,34.5000,34.5000,31.6250,33.2500,0.007,23.556
2020-01-24,33.7500,33.7500,30.2500,30.2500,0.006,23.646
2020-01-27,29.7500,31.0000,28.7500,30.0000,0.008,23.733
2020-01-28,29.5000,31.1875,28.2500,29.0000,0.007,23.808
2020-01-29,28.7500,30.5000,27.7500,29.5000,0.005,23.893
2020-01-30,30.0000,30.0000,27.5000,27.7500,0.005,23.954
2020-01-31,27.5000,27.8575,25.2500,26.6250,0.008,24.018
2020-02-03,25.7500,27.2500,25.7500,26.0000,0.002,24.067
2020-02-04,26.0000,27.0000,25.5000,26.0000,0.004,24.117
2020-02-05,27.5000,30.0000,26.7500,29.2500,0.006,24.257
2020-02-06,29.2500,30.5000,28.0000,28.0000,0.006,24.367
2020-02-07,29.2500,29.2500,28.0000,28.5000,0.003,24.487
2020-02-10,28.5000,28.5000,27.5075,28.0000,0.002,24.605
2020-02-11,27.0000,29.5000,26.7975,29.0000,0.006,24.735
2020-02-12,29.7500,30.2500,28.7500,29.5000,0.004,24.875
2020-02-13,29.5000,29.7500,28.5000,29.2500,0.004,25.012
2020-02-14,29.0000,30.0000,29.0000,29.5000,0.002,25.167
2020-02-18,29.7500,33.7500,29.0000,32.7500,0.014,25.386
2020-02-19,32.2500,34.5000,30.7500,34.0000,0.012,25.631
2020-02-20,25.7500,27.0000,24.7473,25.5000,0.086,25.713
2020-02-21,24.7500,25.7500,24.0000,24.7500,0.025,25.784
2020-02-24,24.2500,24.9975,23.0000,23.7450,0.013,25.846
2020-02-25,23.2500,24.2450,22.7500,23.0000,0.008,25.905
2020-02-26,23.7500,23.7500,22.0000,22.2500,0.012,25.944
2020-02-27,22.2500,22.3075,20.0000,21.5275,0.014,25.975
2020-02-28,20.0000,21.3725,19.2500,20.0000,0.020,25.985
2020-03-02,19.5000,20.2500,18.5000,18.5250,0.015,25.969
2020-03-03,19.2250,21.9450,18.5750,19.5000,0.018,25.959
2020-03-04,20.9625,20.9625,18.8775,19.5075,0.010,25.944
2020-03-05,19.6250,19.7500,18.8750,19.0000,0.012,25.925
2020-03-06,18.8750,20.0000,18.5000,19.2500,0.012,25.900
2020-03-09,18.5000,19.2450,16.5000,17.2432,0.014,25.833
2020-03-10,18.2500,18.2500,15.0025,18.0000,0.019,25.786
2020-03-11,17.0325,17.7500,16.0000,16.7160,0.008,25.710
2020-03-12,15.0000,15.4975,13.5000,13.7500,0.018,25.512
2020-03-13,13.0050,14.7500,13.0050,13.2500,0.013,25.322
2020-03-16,12.5000,12.7500,10.8375,11.7525,0.012,25.116
2020-03-17,12.3400,12.5000,10.9500,12.2500,0.005,24.921
2020-03-18,12.5000,12.5000,9.9062,10.5000,0.011,24.671
2020-03-19,11.2500,12.0000,10.5750,11.6930,0.013,24.419
2020-03-20,12.0000,12.2800,11.0000,12.1250,0.008,24.107
2020-03-23,12.5000,12.7500,11.2775,12.2500,0.004,23.847
2020-03-24,12.2500,12.7500,11.7400,12.0000,0.007,23.567
2020-03-25,12.0000,12.7500,11.5000,12.6500,0.023,23.292
2020-03-26,12.5925,13.5000,12.2500,13.0500,0.007,23.023
2020-03-27,13.0050,14.2475,12.0000,13.7500,0.009,22.763
2020-03-30,13.5575,14.5000,12.5000,12.5800,0.008,22.480
2020-03-31,14.4500,14.4500,12.5375,12.7998,0.005,22.191
2020-04-01,13.0050,13.0625,12.0000,12.4000,0.004,21.719
2020-04-02,12.5000,12.7000,11.2500,11.3525,0.004,21.256
2020-04-03,11.7500,12.7475,11.2500,11.8000,0.008,20.827
2020-04-06,11.7750,19.2750,11.7750,18.3750,0.077,20.589
2020-04-07,18.5000,18.7500,14.6600,17.7500,0.053,20.344
2020-04-08,17.1400,18.0925,15.7500,17.6625,0.009,20.118
2020-04-09,18.5000,18.5000,17.0000,17.2500,0.005,19.873
2020-04-13,17.2500,18.7500,17.2500,18.7025,0.013,19.692
2020-04-14,20.0000,22.4850,19.2500,22.3750,0.024,19.607
2020-04-15,22.2500,23.7500,20.0000,22.7500,0.018,19.542
2020-04-16,22.5000,22.5000,20.0000,20.3750,0.012,19.429
2020-04-17,20.2500,21.2500,20.2500,20.9900,0.004,19.264
2020-04-20,20.9975,21.2475,20.2800,20.7500,0.004,19.119
2020-04-21,20.5575,20.6125,19.0250,19.4750,0.004,18.938
2020-04-22,19.9050,20.0000,19.0000,19.5000,0.004,18.768
2020-04-23,19.0000,20.0000,19.0000,19.9925,0.002,18.588
2020-04-24,20.0000,20.0000,19.2525,19.7100,0.004,18.392
2020-04-27,19.5000,20.7500,19.5000,20.4300,0.003,18.216
2020-04-28,20.5975,20.7500,19.5250,19.8775,0.003,18.024
2020-04-29,19.7500,20.5000,19.3003,20.2500,0.007,17.774
2020-04-30,19.7500,20.5000,17.7500,19.2500,0.004,17.479
2020-05-01,18.2800,19.1575,18.2750,18.3775,0.002,17.336
2020-05-04,18.3750,18.3750,17.9700,18.2500,0.002,17.206
2020-05-05,18.7500,19.2500,18.7500,19.1950,0.005,17.115
2020-05-06,21.2500,31.2500,20.2950,25.2500,0.245,17.160
2020-05-07,25.5000,27.7500,22.0000,27.5000,0.054,17.265
2020-05-08,27.7500,27.9750,25.7500,26.2500,0.014,17.360
2020-05-11,27.5000,27.5000,24.7500,26.2500,0.013,17.485
2020-05-12,25.7500,26.2500,24.7500,25.2500,0.010,17.619
2020-05-13,25.0000,25.2500,22.7500,23.8479,0.011,17.706
2020-05-14,23.2500,24.7475,22.7750,24.2150,0.003,17.800
2020-05-15,24.7500,24.9925,22.8000,23.2500,0.006,17.885
2020-05-18,23.1250,24.0000,22.6325,23.2500,0.006,17.965
2020-05-19,23.4650,24.0000,22.7895,23.8825,0.007,18.098
2020-05-20,23.6700,24.2500,23.6700,23.7500,0.006,18.213
2020-05-21,23.7500,31.2500,23.7500,28.6250,0.058,18.451
2020-05-22,27.0000,28.5000,25.5000,27.2275,0.016,18.721
2020-05-26,30.0000,30.0000,28.0000,28.2500,0.013,19.021
2020-05-27,29.2500,29.5000,27.7500,28.7500,0.006,19.361
2020-05-28,28.5000,32.2500,28.0000,28.7500,0.023,19.691
2020-05-29,30.0000,30.2500,28.2500,29.0000,0.007,20.061
2020-06-01,29.2500,29.5000,27.5000,28.5000,0.008,20.397
2020-06-02,29.0000,29.0000,28.0000,28.6250,0.004,20.727
2020-06-03,28.7500,29.5000,28.2500,29.0000,0.006,21.062
2020-06-04,29.0000,30.5000,28.7500,29.2500,0.013,21.407
2020-06-05,29.7500,30.0000,28.7500,28.7500,0.006,21.729
2020-06-08,28.7500,31.2500,28.2500,29.2500,0.019,22.053
2020-06-09,29.2500,30.7500,28.7500,30.0000,0.018,22.378
2020-06-10,30.2500,30.5000,28.2500,28.5000,0.011,22.696
2020-06-11,28.2500,28.2500,23.7500,24.4875,0.024,22.930
2020-06-12,24.7500,25.2500,23.5000,24.1175,0.008,23.164
2020-06-15,23.5000,23.9750,22.5000,23.7475,0.005,23.412
2020-06-16,24.5000,25.1025,23.1825,24.0000,0.005,23.656
2020-06-17,25.7500,25.7500,23.0000,24.2500,0.005,23.774
2020-06-18,27.2500,27.2500,23.2500,23.7500,0.008,23.894
2020-06-19,22.7750,23.3850,22.2500,23.0000,0.011,24.001
2020-06-22,22.7500,22.9975,21.7500,22.9975,0.003,24.115
2020-06-23,22.7500,22.7500,22.0000,22.7500,0.004,24.196
2020-06-24,22.4125,22.8750,20.5000,21.5000,0.006,24.179
2020-06-25,23.2500,23.7500,21.5525,22.7000,0.017,24.178
2020-06-26,22.0825,22.5500,19.3775,20.7500,0.012,24.185
2020-06-29,22.0000,22.0000,20.2575,20.8750,0.011,24.183
2020-06-30,21.0000,21.7100,19.8000,20.0500,0.008,24.169
2020-07-01,19.5000,19.9975,11.7500,13.5000,0.114,24.050
2020-07-02,9.7500,10.0000,9.2425,9.4600,1.131,23.849
2020-07-06,9.7375,10.5000,9.7375,10.3750,0.727,23.656
2020-07-07,13.0000,14.3725,11.6500,12.9200,1.493,23.521
2020-07-08,12.1975,12.1975,10.7800,11.4975,0.414,23.342
2020-07-09,10.9200,11.0000,10.3725,10.8500,0.213,23.161
2020-07-10,10.8425,11.3500,10.5275,10.9000,0.155,22.974
2020-07-13,10.5250,10.7500,10.0000,10.2125,0.222,22.794
2020-07-14,10.2250,10.4625,9.7500,10.2375,0.129,22.631
2020-07-15,9.9750,10.7500,9.9125,10.6375,0.111,22.479
2020-07-16,10.5000,13.1200,10.3000,12.2500,0.467,22.340
2020-07-17,11.8750,12.0000,10.7750,11.2000,0.261,22.059
2020-07-20,11.3600,11.7500,11.2475,11.6025,0.128,21.741
2020-07-21,11.6475,12.2500,11.4000,11.9225,0.188,21.454
2020-07-22,11.9000,13.6250,11.8750,12.4250,0.391,21.178
2020-07-23,12.5200,13.0000,12.0000,12.2500,0.150,20.918
2020-07-24,12.0000,12.1225,11.0500,11.7975,0.105,20.677
2020-07-27,12.1350,12.2375,11.7500,12.1125,0.076,20.435
2020-07-28,11.7025,12.9650,11.5250,11.9775,0.131,20.209
2020-07-29,11.8000,11.8750,11.4125,11.8100,0.076,19.980
2020-07-30,11.8750,12.2500,11.7500,11.9300,0.116,19.741
2020-07-31,12.0000,12.0750,11.1500,11.7375,0.100,19.501
2020-08-03,10.5000,10.8725,10.3750,10.7250,0.425,19.143
2020-08-04,11.0000,11.2375,10.6250,11.0550,0.196,18.820
2020-08-05,11.2450,11.6250,10.7500,11.5200,0.234,18.485
2020-08-06,11.6250,11.7500,11.0750,11.5475,0.176,18.141
2020-08-07,11.2250,12.6325,11.2250,12.4000,0.406,17.814
2020-08-10,12.7625,14.1250,12.7500,13.7500,0.643,17.509
2020-08-11,14.2200,14.2500,12.7625,13.1300,0.325,17.202
2020-08-12,12.9750,13.2250,12.2500,12.6075,0.235,16.881
2020-08-13,12.2525,12.4750,11.7500,12.2475,0.174,16.546
2020-08-14,12.1250,12.9975,11.9775,12.8500,0.172,16.218
2020-08-17,12.8700,13.2500,12.2775,12.7750,0.152,15.899
2020-08-18,12.4500,12.7450,12.0000,12.6250,0.097,15.566
2020-08-19,12.5175,13.1300,12.3325,12.7575,0.203,15.221
2020-08-20,12.9225,12.9225,12.2775,12.8050,0.160,14.908
2020-08-21,12.6875,12.8625,12.2500,12.5000,0.110,14.668
2020-08-24,12.2675,12.2675,11.3750,11.6000,0.180,14.417
2020-08-25,11.5500,12.3325,11.5000,12.3250,0.099,14.189
2020-08-26,12.3250,12.4975,11.8250,12.4600,0.089,13.958
2020-08-27,12.2500,12.2500,11.3000,11.7500,0.267,13.708
2020-08-28,11.5000,11.7200,11.2825,11.6250,0.105,13.466
2020-08-31,11.6750,11.7000,11.3000,11.7000,0.081,13.240
2020-09-01,11.3750,11.5000,10.5000,11.0700,0.223,13.001
2020-09-02,10.7500,11.0975,10.5000,11.0350,0.133,12.767
2020-09-03,10.5750,10.9075,9.8750,10.2725,0.194,12.542
2020-09-04,10.0000,10.2375,9.2875,9.9975,0.167,12.288
2020-09-08,9.4975,9.7300,9.1275,9.5000,0.125,12.063
2020-09-09,9.3600,10.3750,9.2500,9.7125,0.187,11.840
2020-09-10,9.7500,9.7500,9.3750,9.4975,0.112,11.629
2020-09-11,9.5000,9.7500,9.2525,9.5250,0.076,11.549
2020-09-14,9.3900,9.6200,8.5000,9.4700,0.176,11.550
2020-09-15,9.6500,9.6750,9.2200,9.4825,0.077,11.532
2020-09-16,9.1800,9.6250,8.8775,9.4000,0.176,11.461
2020-09-17,9.1250,9.3500,9.0000,9.2775,0.094,11.417
2020-09-18,9.1275,9.3975,9.0750,9.1950,0.051,11.384
2020-09-21,8.9750,9.1250,8.9600,9.0600,0.043,11.347
2020-09-22,9.2250,10.1250,9.1275,9.7500,0.167,11.338
2020-09-23,9.6250,9.9875,8.8000,8.8150,0.086,11.309
2020-09-24,8.6000,8.8400,8.2600,8.5250,0.102,11.267
2020-09-25,8.1275,8.9750,8.1275,8.7575,0.055,11.197
2020-09-28,9.0025,9.0025,8.4250,8.5775,0.047,11.145
2020-09-29,8.7500,9.0600,8.5500,9.0000,0.034,11.093
2020-09-30,9.0000,9.0000,8.7125,8.7750,0.033,11.030
2020-10-01,8.7500,9.1125,8.7125,9.0100,0.033,10.962
2020-10-02,8.8750,9.4259,8.5000,9.0000,0.044,10.897
2020-10-05,9.0125,9.3750,8.8725,9.2300,0.038,10.845
2020-10-06,9.2225,9.2250,9.0000,9.0000,0.043,10.783
2020-10-07,9.0325,9.5000,8.8100,9.3725,0.065,10.731
2020-10-08,9.7500,9.7525,9.3000,9.4075,0.042,10.683
2020-10-09,9.7500,9.9250,9.5050,9.6250,0.021,10.637
2020-10-12,9.7500,9.7500,9.0350,9.3025,0.041,10.588
2020-10-13,9.2500,9.5300,9.0800,9.4750,0.027,10.563
2020-10-14,9.3250,9.7500,9.1750,9.6750,0.035,10.535
2020-10-15,9.2500,9.4775,9.1500,9.3500,0.036,10.492
2020-10-16,9.2075,9.5000,9.1300,9.2500,0.033,10.446
2020-10-19,9.1750,9.2475,8.8750,8.9500,0.025,10.377
2020-10-20,9.0000,9.0575,8.7500,8.9225,0.024,10.280
2020-10-21,8.7500,9.0000,8.5025,8.8925,0.048,10.196
2020-10-22,8.7500,8.9725,8.5250,8.7500,0.032,10.119
2020-10-23,8.8550,9.0750,8.6250,8.9275,0.021,10.052
2020-10-26,9.2500,9.5000,8.6500,8.7400,0.067,9.970
2020-10-27,8.7400,8.8750,8.5250,8.6525,0.024,9.888
2020-10-28,8.5025,8.6100,8.2525,8.2825,0.037,9.801
2020-10-29,8.5000,8.5000,8.1425,8.2750,0.036,9.711
2020-10-30,8.1250,8.1250,7.4250,7.8125,0.083,9.611
2020-11-02,7.9975,7.9975,7.2500,7.4675,0.043,9.511
2020-11-03,7.4750,8.0000,7.4750,8.0000,0.026,9.439
2020-11-04,8.0000,8.1275,7.7000,7.9775,0.020,9.352
2020-11-05,7.8750,8.0700,7.6225,8.0000,0.012,9.262
2020-11-06,7.7500,8.0000,7.5750,7.7375,0.052,9.182
2020-11-09,7.7775,7.9875,7.2875,7.5700,0.045,9.101
2020-11-10,7.7450,7.7500,7.3000,7.6750,0.025,9.021
2020-11-11,7.5200,8.0675,7.5000,7.9250,0.033,8.958
2020-11-12,8.1000,9.1500,7.9625,9.0000,0.099,8.917
2020-11-13,8.8925,9.1250,8.4250,8.7325,0.049,8.886
2020-11-16,9.0000,9.1225,8.5000,8.7500,0.088,8.861
2020-11-17,8.6850,8.7500,8.0250,8.4000,0.045,8.839
2020-11-18,8.6250,8.6600,8.0600,8.1375,0.033,8.808
2020-11-19,8.1975,8.5750,8.1553,8.4375,0.032,8.786
2020-11-20,8.5000,10.8750,8.1700,10.4975,1.017,8.806
2020-11-23,10.3750,10.6250,9.2500,10.5000,0.360,8.827
2020-11-24,10.0025,10.5000,9.5775,10.2375,0.082,8.842
2020-11-25,9.7750,10.2375,9.7500,9.7725,0.039,8.849
2020-11-27,9.7500,10.4750,9.7500,10.2500,0.046,8.869
2020-11-30,10.5000,10.5000,9.7500,9.9800,0.060,8.884
2020-12-01,10.0000,10.3600,9.7500,9.8750,0.062,8.901
2020-12-02,9.9750,11.1950,9.8750,11.0325,0.279,8.926
2020-12-03,11.0750,11.2500,10.2500,10.5750,0.136,8.961
2020-12-04,10.7500,11.0000,10.5000,10.5550,0.124,9.002
2020-12-07,10.3750,10.7500,8.7750,9.4000,0.284,9.015
2020-12-08,9.6250,10.3850,9.5800,10.2500,0.125,9.048
2020-12-09,10.4500,10.4500,9.1250,9.7250,0.107,9.063
2020-12-10,9.6500,10.0000,9.2500,9.9400,0.075,9.086
2020-12-11,9.5000,9.8750,9.5000,9.6175,0.041,9.098
2020-12-14,9.6125,9.7550,8.9900,9.1500,0.064,9.101
2020-12-15,9.2500,9.6650,9.1250,9.5250,0.043,9.107
2020-12-16,10.0000,10.1000,9.3000,9.4000,0.031,9.115
2020-12-17,9.5925,9.6212,9.3225,9.4575,0.027,9.117
2020-12-18,9.8750,9.8750,9.1500,9.4425,0.040,9.118
2020-12-21,9.7500,9.7500,9.1750,9.4200,0.038,9.113
2020-12-22,9.5000,9.8000,8.9850,9.3750,0.186,9.115
2020-12-23,9.7500,11.0000,9.5025,10.3150,0.267,9.132
2020-12-24,10.8625,10.9750,9.7500,10.1250,0.163,9.141
2020-12-28,10.6300,11.2250,10.3350,10.7000,0.144,9.168
2020-12-29,10.7500,10.7500,9.7500,10.0575,0.102,9.184
2020-12-30,10.2500,10.7500,10.0000,10.6900,0.092,9.219
2020-12-31,10.5250,10.6700,10.0153,10.6375,0.092,9.253
2021-01-04,10.5000,13.1225,10.5000,12.8725,0.494,9.333
2021-01-05,12.8725,13.3500,12.0275,12.9200,0.286,9.416
2021-01-06,12.5250,15.8275,12.2875,14.0750,0.740,9.519
2021-01-07,14.2500,14.3675,13.1525,13.6875,0.207,9.618
2021-01-08,13.7500,13.8825,12.7500,13.5000,0.172,9.715
2021-01-11,14.2500,18.5000,13.8875,16.3700,0.917,9.877
2021-01-12,16.2500,16.9250,14.8775,16.7125,0.390,10.045
2021-01-13,17.5000,18.4750,15.5500,17.2500,0.493,10.234
2021-01-14,16.5000,18.0000,16.2500,17.0000,0.336,10.425
2021-01-15,17.0000,17.3150,15.2700,16.0000,0.236,10.585
2021-01-19,17.3450,18.5000,16.7500,17.3500,0.552,10.772
2021-01-20,18.2500,20.6225,17.5275,18.1225,0.593,10.975
2021-01-21,18.5000,20.2000,17.8300,19.2250,0.460,11.204
2021-01-22,18.3750,18.9100,17.2500,17.6925,0.462,11.407
2021-01-25,17.9950,18.2400,16.0000,16.6025,0.417,11.585
2021-01-26,16.8750,17.2475,16.2500,16.9700,0.576,11.766
2021-01-27,20.8750,21.2500,17.0800,18.7500,1.464,11.961
2021-01-28,20.1875,20.5000,16.5000,18.2025,0.913,12.151
2021-01-29,17.5250,18.1400,16.6000,17.1550,0.379,12.319
2021-02-01,17.2025,17.9975,16.4600,17.5000,0.297,12.501
2021-02-02,24.7600,29.7500,22.1500,25.0000,5.960,12.838
2021-02-03,23.9100,25.5000,23.2500,23.7500,0.789,13.144
2021-02-04,23.7500,27.5000,23.7500,27.0000,0.829,13.474
2021-02-05,27.2500,29.5000,25.7500,27.7500,0.673,13.819
2021-02-08,29.5000,90.5000,29.5000,83.5000,8.419,15.285
2021-02-09,68.2500,71.2500,49.5000,55.0000,3.104,16.189
2021-02-10,56.2500,56.7500,42.0000,47.7500,1.595,16.939
2021-02-11,49.0000,52.0000,45.2500,47.7500,0.688,17.694
2021-02-12,46.2500,47.5000,43.7500,47.5000,0.398,18.447
2021-02-16,48.2500,50.0000,45.0000,45.2500,0.355,19.131
2021-02-17,38.7500,39.0000,37.0000,38.7500,1.505,19.695
2021-02-18,38.0000,38.2500,34.0000,35.0000,0.651,20.184
2021-02-19,36.2500,38.7500,35.0000,37.0000,0.541,20.736
2021-02-22,35.7500,36.7500,33.7500,33.7500,0.412,21.206
2021-02-23,29.2500,31.7500,26.2500,29.2500,0.608,21.596
2021-02-24,30.5000,32.2500,29.7500,30.0000,0.321,21.997
2021-02-25,30.2500,30.3750,27.0000,28.0000,0.378,22.365
2021-02-26,27.5000,31.0000,26.5000,29.2500,0.357,22.767
2021-03-01,30.2500,31.2500,28.2500,28.7500,0.342,23.152
2021-03-02,29.0000,29.5000,27.7500,27.7500,0.192,23.519
2021-03-03,27.7500,27.7875,25.5000,26.0000,0.253,23.849
2021-03-04,25.2500,26.7500,22.5657,23.5000,0.352,24.131
2021-03-05,23.7500,24.0000,19.4250,23.0000,0.366,24.402
2021-03-08,24.0000,29.0000,23.3750,26.5000,0.494,24.745
2021-03-09,28.7500,29.0000,26.0000,26.2500,0.345,25.063
2021-03-10,27.2500,27.5000,25.0000,25.2500,0.281,25.366
2021-03-11,27.5000,32.2500,26.0000,31.0000,0.955,25.772
2021-03-12,28.5000,31.0000,28.0000,29.5000,0.311,26.161
2021-03-15,34.0000,43.5000,32.5000,37.7500,4.324,26.702
2021-03-16,38.0000,39.5000,32.7500,34.5000,0.938,27.179
2021-03-17,32.2500,35.0000,31.5000,33.7500,0.322,27.597
2021-03-18,33.0000,35.0000,31.0000,31.2500,0.284,27.963
2021-03-19,31.4775,34.5000,30.0000,33.2500,0.261,28.347
2021-03-22,33.5000,33.8750,31.5000,32.0000,0.198,28.713
2021-03-23,32.0000,32.5000,29.2500,29.5000,0.219,29.033
2021-03-24,29.7500,31.6250,26.7500,27.5000,0.244,29.256
2021-03-25,27.5000,30.0000,26.7500,29.2500,0.206,29.506
2021-03-26,28.7500,35.5000,28.2500,30.7500,1.340,29.776
2021-03-29,30.0000,31.2500,27.5000,27.7500,0.275,29.991
2021-03-30,27.5000,28.5000,26.2500,28.2500,0.173,30.236
2021-03-31,28.2500,29.2500,27.5325,28.5000,0.108,30.459
2021-04-01,29.2500,29.2500,27.7500,28.0000,0.125,30.657
2021-04-05,28.2750,29.0000,27.6850,27.7500,0.138,30.827
2021-04-06,27.7500,28.7500,26.5000,27.7500,0.123,31.029
2021-04-07,27.5000,28.5000,26.7500,28.0000,0.136,31.257
2021-04-08,26.7500,27.7500,26.7500,27.2500,0.104,31.462
2021-04-09,27.2500,27.7500,26.7500,27.5000,0.073,31.637
2021-04-12,27.2500,27.5000,23.1925,23.5425,0.291,31.744
2021-04-13,23.7150,24.7425,23.0000,24.1050,0.118,31.883
2021-04-14,24.4875,25.7500,23.7500,24.4150,0.112,32.021
2021-04-15,24.2125,24.7500,22.5000,22.7600,0.120,31.976
2021-04-16,22.0000,22.3750,20.5000,22.0000,0.130,31.941
2021-04-19,21.0000,23.1500,20.8750,22.7500,0.079,31.856
2021-04-20,22.9425,23.2500,21.0275,21.3000,0.089,31.727
2021-04-21,21.0000,23.9900,20.7500,23.6600,0.107,30.531
2021-04-22,23.7500,24.5000,22.5750,23.2825,0.063,29.896
2021-04-23,23.2500,24.0000,23.0000,23.3825,0.071,29.409
2021-04-26,25.7500,29.2500,25.5000,28.5000,0.500,29.024
2021-04-27,27.7500,28.0000,25.5000,26.0000,0.176,28.594
2021-04-28,26.2500,28.7500,25.5000,28.2500,0.141,28.254
2021-04-29,28.9425,29.0000,26.2500,27.5000,0.162,28.029
2021-04-30,26.7500,27.2500,26.0000,26.5000,0.105,27.859
2021-05-03,26.2500,28.7500,25.7500,27.5000,0.137,27.669
2021-05-04,27.0000,27.2500,25.0000,26.0000,0.151,27.514
2021-05-05,25.7500,26.0000,23.5000,23.9475,0.154,27.408
2021-05-06,23.7700,23.7700,22.5275,23.7325,0.090,27.283
2021-05-07,23.7500,24.4900,23.2750,23.9150,0.054,27.201
2021-05-10,23.6700,23.9125,22.8750,22.9625,0.053,27.075
2021-05-11,22.2500,23.1725,22.0000,22.5950,0.066,26.952
2021-05-12,22.0575,22.6225,21.8275,22.1075,0.059,26.839
2021-05-13,22.5000,23.1750,20.5575,20.7900,0.105,26.735
2021-05-14,21.2500,22.4450,20.8150,21.7775,0.076,26.701
2021-05-17,21.8425,22.2200,21.0325,21.2500,0.061,26.666
2021-05-18,21.6950,22.4825,21.2500,22.3575,0.089,26.583
2021-05-19,21.9450,22.0000,21.2800,21.6975,0.050,26.492
2021-05-20,21.5000,22.2475,21.5000,21.9850,0.051,26.426
2021-05-21,21.9550,22.6150,21.9000,22.4125,0.042,26.255
2021-05-24,22.2500,22.2650,21.3000,21.6675,0.071,26.098
2021-05-25,21.5125,22.0775,20.8775,20.9300,0.069,25.762
2021-05-26,20.7900,21.5975,20.7850,21.2175,0.045,25.496
2021-05-27,21.2500,21.6250,21.2500,21.5075,0.039,25.251
2021-05-28,21.2500,22.3250,20.7500,22.1025,0.076,25.068
2021-06-01,22.5250,24.3650,22.2853,23.5000,0.083,24.873
2021-06-02,23.4600,24.2450,22.7525,22.8750,0.064,24.691
2021-06-03,22.9375,23.0000,21.8750,22.0475,0.082,24.542
2021-06-04,22.6625,22.7475,21.7675,21.8625,0.051,24.429
2021-06-07,21.8750,22.8000,21.7500,22.6700,0.072,24.297
2021-06-08,22.9875,23.6250,22.1575,22.8675,0.091,24.140
2021-06-09,23.2275,28.7500,22.7500,28.0000,0.616,24.145
2021-06-10,26.5000,27.0000,25.0000,25.5000,0.187,24.090
2021-06-11,25.7500,27.2500,25.0000,26.2500,0.144,24.045
2021-06-14,26.2500,26.7500,25.2500,25.5000,0.074,23.995
2021-06-15,25.5000,25.5000,23.5000,24.0975,0.103,23.921
2021-06-16,23.7500,24.4975,23.5000,23.5875,0.056,23.838
2021-06-17,23.2500,24.2500,22.2500,22.6225,0.162,23.731
2021-06-18,22.2200,22.5875,21.9725,22.1650,0.068,23.629
2021-06-21,22.1675,22.4800,21.5250,22.1350,0.070,23.522
2021-06-22,22.0250,22.2000,21.5275,21.8750,0.045,23.488
2021-06-23,22.0000,22.8900,21.9000,22.7525,0.078,23.461
2021-06-24,22.7500,23.5925,22.4550,22.6000,0.051,23.425
2021-06-25,22.7500,22.8750,22.1350,22.5375,0.034,23.421
2021-06-28,22.4975,22.7475,21.7500,22.1825,0.045,23.424
2021-06-29,22.2375,22.2375,21.5000,21.7950,0.060,23.405
2021-06-30,21.7475,22.4350,21.5300,21.9225,0.053,23.418
2021-07-01,22.0950,22.5000,21.7500,21.8975,0.044,23.382
2021-07-02,22.0000,22.0000,21.3625,21.5450,0.048,23.348
2021-07-06,21.5000,23.6250,21.2775,22.0000,0.061,23.320
2021-07-07,22.2500,22.2925,20.8525,21.2000,0.054,23.174
2021-07-08,20.5000,20.8800,20.0000,20.7250,0.060,23.068
2021-07-09,20.5000,21.5400,20.5000,21.2525,0.032,22.928
2021-07-12,20.8475,21.2500,20.0275,20.8950,0.037,22.796
2021-07-13,20.7525,21.0000,20.0375,20.4525,0.048,22.675
2021-07-14,20.2075,20.2725,18.7175,19.0000,0.093,22.505
2021-07-15,18.2500,19.1500,18.0000,18.4200,0.060,22.354
2021-07-16,18.2625,18.9225,17.7875,17.8825,0.043,22.232
2021-07-19,17.7500,17.7500,16.5003,17.7375,0.058,22.113
2021-07-20,17.5000,18.5950,17.4625,17.9925,0.035,21.994
2021-07-21,18.4725,19.0000,18.0325,18.9450,0.034,21.914
2021-07-22,18.8250,18.9450,18.2750,18.3525,0.021,21.829
2021-07-23,18.0750,18.3500,17.5000,17.7500,0.037,21.742
2021-07-26,17.7500,17.9700,17.2800,17.6250,0.025,21.678
2021-07-27,18.0000,19.6925,17.5250,18.9275,0.139,21.621
2021-07-28,18.8125,19.5750,18.8125,19.3700,0.052,21.584
2021-07-29,19.2525,19.6925,17.5000,18.1350,0.073,21.499
2021-07-30,18.4700,18.6925,18.0000,18.2500,0.028,21.430
2021-08-02,18.5000,18.5000,17.7500,18.1150,0.032,21.353
2021-08-03,18.1150,18.3950,17.7275,17.8350,0.033,21.262
2021-08-04,17.5475,17.8500,17.5000,17.5025,0.046,21.178
2021-08-05,17.6250,18.5000,17.3750,18.4500,0.051,21.129
2021-08-06,18.4100,18.5000,18.0000,18.1225,0.020,21.067
2021-08-09,18.0625,18.5000,18.0000,18.2500,0.033,21.002
2021-08-10,18.5000,18.5000,17.7500,17.8150,0.029,20.916
2021-08-11,17.7500,18.2125,17.5375,17.8750,0.029,20.803
2021-08-12,17.7500,17.8902,17.1250,17.5000,0.033,20.696
2021-08-13,17.4250,17.6200,17.1300,17.1450,0.019,20.598
2021-08-16,17.1925,17.2475,16.0400,16.0400,0.052,20.481
2021-08-17,16.0400,16.4975,15.6200,15.9125,0.039,20.346
2021-08-18,15.5000,17.4075,15.4600,16.5050,0.044,20.219
2021-08-19,16.2850,16.4800,15.0000,15.1875,0.061,19.963
2021-08-20,15.2850,16.0425,15.2500,15.5750,0.033,19.764
2021-08-23,16.0000,16.4400,15.8100,16.0550,0.030,19.560
2021-08-24,16.5000,17.4850,16.2500,17.1750,0.045,19.394
2021-08-25,17.2500,19.5000,17.0025,18.7500,0.123,19.287
2021-08-26,19.2500,19.5450,18.0050,18.3500,0.058,19.182
2021-08-27,18.3675,18.6875,17.5975,17.9950,0.035,19.090
2021-08-30,18.0500,18.2500,17.3000,17.4000,0.042,18.994
2021-08-31,17.2525,18.0000,17.2500,18.0000,0.039,18.912
2021-09-01,17.8750,18.4650,17.7500,18.2450,0.019,18.839
2021-09-02,18.5000,18.5550,18.1200,18.5475,0.024,18.755
2021-09-03,18.4875,18.4875,18.1275,18.2000,0.016,18.667
2021-09-07,17.8925,18.2000,17.5025,17.7000,0.024,18.570
2021-09-08,17.5000,17.7250,17.2525,17.3300,0.020,18.473
2021-09-09,17.5000,18.7500,17.3025,17.8875,0.030,18.395
2021-09-10,17.8875,18.5525,17.6250,17.7500,0.053,18.311
2021-09-13,16.6375,17.2425,16.0750,16.9250,0.076,18.212
2021-09-14,16.8275,16.9250,15.7500,15.9675,0.051,18.100
2021-09-15,15.7750,15.9950,15.0125,15.4700,0.049,17.970
2021-09-16,15.5000,15.8000,14.5275,15.3575,0.116,17.853
2021-09-17,15.0000,15.6500,14.8000,15.6100,0.030,17.751
2021-09-20,15.0000,15.5000,14.7700,14.8000,0.035,17.622
2021-09-21,15.0000,15.3975,14.8100,15.3000,0.028,17.510
2021-09-22,14.9975,15.6450,14.8750,15.2775,0.023,17.406
2021-09-23,15.2500,15.6400,15.1250,15.6400,0.021,17.339
2021-09-24,15.7500,15.9500,15.0400,15.0641,0.020,17.272
2021-09-27,15.1475,16.0925,15.1475,15.8075,0.026,17.230
2021-09-28,15.7525,16.0000,15.3150,15.8875,0.037,17.193
2021-09-29,15.9300,15.9950,14.8200,14.9250,0.051,17.132
2021-09-30,15.0000,20.0000,14.7500,18.7500,0.505,17.128
2021-10-01,20.9975,24.3750,18.8200,19.2500,1.291,17.146
2021-10-04,18.2500,20.0000,17.7500,19.0000,0.198,17.171
2021-10-05,18.2500,18.6675,16.2525,16.6500,0.227,17.152
2021-10-06,16.9250,16.9975,14.4175,15.3350,0.197,17.080
2021-10-07,15.5000,15.6250,15.0000,15.2775,0.088,16.998
2021-10-08,15.1075,15.8700,14.7525,15.1500,0.072,16.938
2021-10-11,15.2525,15.9975,15.1500,15.2750,0.042,16.879
2021-10-12,15.4975,15.7400,14.7750,15.2500,0.038,16.821
2021-10-13,15.2500,15.7275,15.0850,15.5500,0.044,16.776
2021-10-14,15.5000,15.7500,15.2650,15.5075,0.027,16.736
2021-10-15,15.5000,15.5000,15.0825,15.1075,0.048,16.669
2021-10-18,15.3100,15.3100,14.9300,15.1275,0.047,16.609
2021-10-19,15.2250,15.5000,14.7500,15.4675,0.042,16.553
2021-10-20,15.4800,15.4975,15.2500,15.3925,0.025,16.505
2021-10-21,15.2625,15.5000,15.0000,15.2125,0.041,16.452
2021-10-22,15.0000,15.0000,14.1925,14.6725,0.084,16.395
2021-10-25,14.7300,15.1925,14.5000,14.7225,0.062,16.347
2021-10-26,15.0000,15.6200,14.7500,15.3450,0.095,16.333
2021-10-27,15.1425,15.4700,14.6875,14.7225,0.051,16.309
2021-10-28,14.5425,15.5000,14.5000,14.9425,0.037,16.278
2021-10-29,15.0000,15.2500,14.6550,14.8125,0.034,16.270
2021-11-01,14.7325,15.3725,14.5000,15.2375,0.050,16.263
2021-11-02,15.3650,15.5000,14.9775,15.1250,0.050,16.245
2021-11-03,14.9500,15.4975,14.8750,15.4225,0.038,16.210
2021-11-04,15.4225,16.9500,15.2125,16.8750,0.111,16.172
2021-11-05,16.2500,16.7350,15.0000,15.2475,0.100,16.110
2021-11-08,15.0625,15.5300,14.5425,15.1725,0.094,16.054
2021-11-09,15.0225,15.1725,14.6250,14.6750,0.050,15.999
2021-11-10,14.6250,14.7975,13.5800,13.8125,0.112,15.916
2021-11-11,13.8525,14.2250,13.8250,14.0000,0.039,15.831
2021-11-12,14.1950,14.3725,13.7850,13.9975,0.045,15.740
2021-11-15,14.1000,14.2425,13.7500,13.8375,0.042,15.652
2021-11-16,13.7750,13.7750,13.1250,13.3125,0.064,15.565
2021-11-17,13.2500,13.5575,12.8825,12.9675,0.046,15.477
2021-11-18,13.0000,13.1250,12.2000,12.5000,0.078,15.370
2021-11-19,12.2500,13.0000,12.2500,12.6625,0.042,15.268
2021-11-22,12.7050,12.7125,11.5275,11.9450,0.065,15.168
2021-11-23,11.8100,12.2550,11.6375,11.7050,0.030,15.083
2021-11-24,11.9125,12.2825,11.0150,12.2500,0.051,15.019
2021-11-26,11.8750,12.7500,11.3750,12.2500,0.056,14.957
2021-11-29,12.3125,12.4975,11.7850,12.0975,0.048,14.886
2021-11-30,12.0075,12.2500,11.5550,11.8800,0.029,14.828
2021-12-01,11.8675,12.3950,11.2500,11.2500,0.040,14.747
2021-12-02,11.0000,11.3725,10.2500,10.7775,0.048,14.657
2021-12-03,10.9025,10.9975,9.9200,10.0000,0.088,14.544
2021-12-06,10.0000,11.0000,9.5000,10.9000,0.066,14.461
2021-12-07,10.9000,11.7200,10.6525,11.2375,0.031,14.369
2021-12-08,11.2500,11.5000,11.0250,11.4275,0.018,14.280
2021-12-09,11.5800,12.1500,11.1250,11.1400,0.031,14.205
2021-12-10,11.5000,11.6000,10.5500,10.7550,0.029,14.045
2021-12-13,10.7900,11.2500,10.5025,10.9000,0.020,13.878
2021-12-14,10.5725,10.9000,10.2850,10.4250,0.032,13.706
2021-12-15,10.4800,10.6700,10.0000,10.3050,0.036,13.579
2021-12-16,10.6500,11.0000,10.2500,10.3075,0.020,13.479
2021-12-17,10.5000,10.7500,10.0500,10.5125,0.032,13.383
2021-12-20,10.2300,10.5000,9.8700,10.0500,0.027,13.281
2021-12-21,10.0150,10.2500,9.8750,10.1750,0.035,13.179
2021-12-22,10.1450,10.7100,10.1450,10.5625,0.035,13.086
2021-12-23,10.4925,10.7500,10.2950,10.5050,0.026,12.985
2021-12-27,10.5800,10.6375,10.0000,10.0000,0.048,12.875
2021-12-28,9.7650,10.0125,9.4600,9.5000,0.081,12.762
2021-12-29,9.7475,9.7500,9.0000,9.2500,0.125,12.645
2021-12-30,9.2500,9.6250,9.0000,9.1900,0.077,12.519
2021-12-31,9.4625,9.5000,8.7500,8.8825,0.114,12.389
2022-01-03,9.0125,9.9425,9.0125,9.8475,0.071,12.282
2022-01-04,9.7500,10.0500,9.5000,9.5250,0.053,12.179
2022-01-05,9.5275,9.7800,8.9250,8.9750,0.043,12.064
2022-01-06,9.0000,9.4225,8.7500,8.9375,0.046,11.936
2022-01-07,8.9375,9.3750,8.8125,9.3725,0.020,11.829
2022-01-10,9.2725,9.2725,8.8263,8.8800,0.031,11.708
2022-01-11,8.9150,9.2925,8.8650,9.1175,0.027,11.594
2022-01-12,9.1750,9.3750,8.9500,9.2750,0.037,11.474
2022-01-13,9.1250,9.4650,8.9250,8.9800,0.039,11.351
2022-01-14,8.9875,9.2100,8.6250,8.9925,0.031,11.223
2022-01-18,8.8750,9.0000,8.3575,8.5000,0.057,11.055
2022-01-19,8.7500,8.7975,8.3325,8.4175,0.034,10.919
2022-01-20,8.4375,9.0850,8.4375,8.8100,0.035,10.792
2022-01-21,8.3750,8.5550,8.1025,8.2450,0.048,10.663
2022-01-24,8.0000,8.6250,7.3525,8.5850,0.064,10.558
2022-01-25,8.4500,8.9675,8.2625,8.8900,0.034,10.456
2022-01-26,9.0000,9.1200,8.5250,8.8750,0.056,10.354
2022-01-27,8.7500,8.9975,7.7775,8.2500,0.050,10.242
2022-01-28,8.1100,8.3275,7.9825,8.2500,0.022,10.141
2022-01-31,8.2500,9.1250,8.2500,9.0000,0.028,10.061
2022-02-01,8.8575,9.2500,8.8575,9.2500,0.016,9.996
2022-02-02,9.1875,9.2500,8.7550,8.9900,0.020,9.923
2022-02-03,8.7500,9.0400,8.2375,8.7100,0.021,9.858
2022-02-04,9.2075,9.2075,8.5000,8.9975,0.026,9.804
2022-02-07,8.8725,9.4950,8.8075,9.1725,0.028,9.743
2022-02-08,9.2475,9.2475,8.7175,9.0050,0.023,9.678
2022-02-09,9.1000,10.5750,9.0050,10.4975,0.063,9.646
2022-02-10,10.2450,10.9875,10.0000,10.2475,0.054,9.613
2022-02-11,10.4900,10.7500,10.0000,10.0950,0.028,9.590
2022-02-14,10.0000,10.3125,9.4600,9.8225,0.017,9.571
2022-02-15,10.0900,10.1250,9.8225,10.0000,0.017,9.571
2022-02-16,10.1250,10.1250,9.5275,9.8200,0.013,9.549
2022-02-17,9.7500,10.1025,9.3900,9.5000,0.011,9.514
2022-02-18,9.3000,9.5000,8.9000,9.1350,0.013,9.469
2022-02-22,8.7500,9.9200,8.3925,8.8750,0.027,9.423
2022-02-23,8.8875,9.2500,8.5600,8.6275,0.010,9.381
2022-02-24,7.8000,8.5000,7.7625,8.4250,0.037,9.331
2022-02-25,8.7500,8.9950,8.5000,8.7625,0.011,9.298
2022-02-28,8.8750,9.1125,8.4692,9.0250,0.014,9.272
2022-03-01,9.0000,9.2500,8.6150,8.7750,0.014,9.242
2022-03-02,9.1500,9.5975,8.9925,9.5000,0.042,9.221
2022-03-03,9.6250,9.9225,8.7500,8.8125,0.032,9.197
2022-03-04,9.0500,9.4450,8.2525,8.6250,0.020,9.166
2022-03-07,8.6250,8.6725,7.8775,8.3000,0.032,9.120
2022-03-08,8.1350,8.4775,7.9125,8.1300,0.030,9.073
2022-03-09,8.2725,8.7500,8.2575,8.7500,0.013,9.048
2022-03-10,8.7500,8.9975,8.3750,8.6650,0.013,9.031
2022-03-11,8.5500,8.9750,8.2775,8.5875,0.014,9.018
2022-03-14,8.5000,8.7500,8.2500,8.3200,0.012,9.001
2022-03-15,8.2500,8.6700,8.2500,8.6150,0.024,8.995
2022-03-16,8.6150,8.7275,8.3675,8.6625,0.026,8.972
2022-03-17,8.5125,8.8625,8.3325,8.7525,0.017,8.956
2022-03-18,9.0000,9.1525,8.5500,8.8925,0.034,8.954
2022-03-21,8.9750,9.2475,8.6350,8.8500,0.017,8.953
2022-03-22,8.7500,9.0625,8.7500,8.9025,0.017,8.943
2022-03-23,8.9275,9.0000,8.7525,8.8075,0.020,8.942
2022-03-24,8.8225,9.3775,8.8225,9.3750,0.028,8.947
2022-03-25,9.2500,9.4525,9.0000,9.2500,0.017,8.947
2022-03-28,9.2475,9.4275,8.7775,9.0000,0.013,8.947
2022-03-29,8.5000,8.9975,8.5000,8.8325,0.021,8.944
2022-03-30,8.8500,9.2525,8.7525,9.1375,0.018,8.956
2022-03-31,9.2475,9.3725,9.1250,9.1900,0.020,8.972
2022-04-01,9.1750,9.3000,9.0350,9.1925,0.011,8.980
2022-04-04,9.2500,9.3750,9.0500,9.3350,0.008,9.001
2022-04-05,9.7500,9.7500,9.1350,9.1725,0.011,9.013
2022-04-06,9.2500,9.2500,8.7500,8.8125,0.013,9.012
2022-04-07,8.9250,9.2225,8.7263,8.7550,0.006,9.009
2022-04-08,8.7500,9.1200,8.6750,8.7550,0.010,9.019
2022-04-11,8.7500,8.9975,8.7500,8.8950,0.010,9.032
2022-04-12,8.7750,9.0700,8.5250,8.6413,0.013,9.025
2022-04-13,8.7475,8.7475,8.4175,8.6000,0.015,9.012
2022-04-14,8.5000,8.6950,8.2500,8.2500,0.019,8.997
2022-04-18,8.2500,8.4975,7.8125,7.9225,0.014,8.981
2022-04-19,7.7500,8.2750,7.7500,8.0125,0.024,8.962
2022-04-20,8.0000,8.2500,7.9250,8.0050,0.013,8.938
2022-04-21,8.1375,8.2375,7.6000,7.6225,0.019,8.911
2022-04-22,7.6500,8.0000,7.4025,7.7250,0.014,8.855
2022-04-25,7.5000,8.2500,7.3525,7.6250,0.043,8.803
2022-04-26,7.6250,8.1600,7.5000,7.7075,0.018,8.755
2022-04-27,7.7525,7.9950,7.0000,7.4750,0.020,8.708
2022-04-28,7.6250,7.6250,7.2500,7.5300,0.017,8.659
2022-04-29,7.3550,7.7475,7.3550,7.6175,0.006,8.615
2022-05-02,7.5375,7.6250,7.2500,7.6250,0.009,8.577
2022-05-03,7.5500,7.7500,7.5500,7.6875,0.002,8.548
2022-05-04,7.6225,7.7475,7.3750,7.6225,0.006,8.523
2022-05-05,7.6225,7.7375,7.1250,7.3500,0.016,8.498
2022-05-06,7.4700,7.7500,7.0250,7.0675,0.015,8.470
2022-05-09,7.0250,7.0625,6.3500,6.4175,0.047,8.424
2022-05-10,6.7750,6.9800,5.3900,5.6500,0.066,8.356
2022-05-11,5.7500,6.2500,5.5000,5.8075,0.040,8.297
2022-05-12,5.7500,6.1950,5.5100,5.8875,0.052,8.224
2022-05-13,5.9025,6.2250,5.7000,6.1275,0.016,8.171
2022-05-16,6.2475,6.2475,4.4175,4.7375,0.157,8.093
2022-05-17,4.5125,5.0000,4.5125,4.7825,0.052,8.023
2022-05-18,4.9350,5.5000,4.8025,4.8950,0.092,7.958
2022-05-19,5.3275,5.3275,5.0000,5.0750,0.022,7.884
2022-05-20,5.0275,5.3225,4.8025,4.9650,0.020,7.810
2022-05-23,5.2500,5.5000,5.1500,5.3325,0.028,7.745
2022-05-24,5.3950,5.3950,4.7500,5.0625,0.020,7.680
2022-05-25,5.2525,5.2525,4.9775,5.1250,0.016,7.610
2022-05-26,5.1175,5.2550,4.8750,5.1375,0.009,7.540
2022-05-27,5.0000,5.2675,5.0000,5.1350,0.015,7.468
2022-05-31,5.1350,5.2500,5.0000,5.1625,0.010,7.393
2022-06-01,5.1300,5.2475,5.0000,5.1500,0.020,7.319
2022-06-02,5.2000,5.2000,4.8050,4.8525,0.024,7.238
2022-06-03,4.8300,4.8500,4.6500,4.7775,0.022,7.157
2022-06-06,4.8125,5.0000,4.6525,4.6575,0.022,7.063
2022-06-07,4.9900,4.9900,4.5000,4.7475,0.023,6.973
2022-06-08,4.7500,5.0000,4.5400,4.9775,0.043,6.893
2022-06-09,4.9975,4.9975,4.7500,4.8400,0.024,6.813
2022-06-10,4.9250,4.9950,4.5900,4.6300,0.016,6.723
2022-06-13,4.8000,4.8000,4.3275,4.4750,0.029,6.628
2022-06-14,4.5000,4.5000,4.3000,4.3550,0.010,6.531
2022-06-15,4.3775,4.3850,4.2500,4.3000,0.016,6.431
2022-06-16,4.3000,4.3850,4.1125,4.3725,0.019,6.335
2022-06-17,4.2500,4.6550,4.2025,4.3850,0.030,6.246
2022-06-21,4.4500,4.6225,4.4450,4.4975,0.018,6.161
2022-06-22,4.3800,4.7500,4.3800,4.5850,0.017,6.078
2022-06-23,4.4625,4.8125,4.4625,4.7975,0.026,5.996
2022-06-24,4.7975,4.8900,4.6325,4.7175,0.010,5.917
2022-06-27,4.7000,4.8475,4.6700,4.7650,0.010,5.841
2022-06-28,4.9300,4.9300,4.5000,4.5025,0.013,5.766
2022-06-29,4.7800,8.6250,4.6000,6.3200,1.059,5.734
2022-06-30,5.5175,5.8750,4.5000,4.9200,0.114,5.672
2022-07-01,5.0325,5.9750,5.0325,5.4025,0.055,5.620
2022-07-05,5.4000,5.5825,4.8850,5.1250,0.045,5.570
2022-07-06,5.5000,5.5000,4.9000,5.0150,0.036,5.516
2022-07-07,5.2500,5.5000,5.0450,5.2075,0.019,5.467
2022-07-08,5.2500,6.2475,5.2300,5.6425,0.073,5.426
2022-07-11,5.6425,5.9800,5.5000,5.6550,0.028,5.389
2022-07-12,5.9800,5.9800,5.2650,5.6850,0.032,5.353
2022-07-13,5.9700,5.9700,5.2750,5.4225,0.028,5.309
2022-07-14,5.3250,5.7500,5.3250,5.6750,0.027,5.270
2022-07-15,5.6200,5.9475,5.3750,5.9475,0.031,5.235
2022-07-18,5.5050,5.7450,5.3125,5.5450,0.053,5.193
2022-07-19,4.9700,5.2200,4.5000,5.0125,0.060,5.147
2022-07-20,5.0000,5.2200,4.6250,4.6250,0.154,5.098
2022-07-21,4.5000,5.0511,4.2600,4.3400,0.154,5.056
2022-07-22,4.2900,4.8900,4.2800,4.8300,0.136,5.040
2022-07-25,4.9400,4.9400,4.3700,4.4500,0.078,5.013
2022-07-26,4.3400,4.4000,4.2100,4.3700,0.036,4.982
2022-07-27,4.3000,4.4900,4.2700,4.4800,0.041,4.949
2022-07-28,4.4179,4.6800,4.4000,4.4500,0.136,4.944
2022-07-29,4.4700,4.5200,4.3100,4.3801,0.067,4.936
2022-08-01,4.3300,4.6000,4.2900,4.4400,0.042,4.926
2022-08-02,4.4009,4.6500,4.4009,4.5900,0.046,4.917
2022-08-03,4.6300,5.4000,4.4940,5.0200,0.384,4.918
2022-08-04,5.0600,5.9000,4.5900,4.8200,0.521,4.908
2022-08-05,4.7100,5.0900,4.6801,4.9700,0.181,4.906
2022-08-08,4.8500,5.0700,4.8121,5.0500,0.070,4.904
2022-08-09,5.0646,5.0646,4.8796,4.9256,0.046,4.900
2022-08-10,4.8200,5.2300,4.8200,5.1000,0.108,4.899
2022-08-11,5.1101,5.1500,4.9300,4.9700,0.070,4.895
2022-08-12,5.0400,5.0400,4.9300,4.9900,0.028,4.892
2022-08-15,5.1000,5.1799,5.0000,5.1000,0.067,4.897
2022-08-16,5.0500,5.3500,5.0100,5.2500,0.054,4.907
2022-08-17,5.1800,5.3300,5.0700,5.1800,0.068,4.917
2022-08-18,5.1300,5.7500,5.1300,5.5700,0.150,4.934
2022-08-19,5.5100,5.5900,5.2300,5.3600,0.043,4.941
2022-08-22,5.2800,5.4600,5.2101,5.2800,0.038,4.950
2022-08-23,5.3100,5.4190,5.2700,5.2800,0.018,4.963
2022-08-24,5.3047,5.3900,5.2400,5.3000,0.049,4.979
2022-08-25,5.3500,5.4500,5.1700,5.2800,0.036,4.998
2022-08-26,5.2800,5.2800,5.0300,5.0500,0.012,5.013
2022-08-29,5.0500,5.0500,4.7500,4.7500,0.024,5.021
2022-08-30,4.7600,4.7719,4.4495,4.4800,0.042,5.022
2022-08-31,4.4200,4.7600,4.4200,4.5800,0.016,5.024
2022-09-01,4.6200,4.7200,4.4400,4.4400,0.067,5.021
2022-09-02,4.4000,4.5000,4.3100,4.3500,0.036,5.012
2022-09-06,4.3100,4.3900,4.1500,4.1600,0.013,5.001
2022-09-07,4.1400,4.3000,4.1400,4.2850,0.027,4.991
2022-09-08,4.1700,4.5500,4.1600,4.3705,0.024,4.989
2022-09-09,4.4400,4.5399,4.2800,4.5399,0.013,4.953
2022-09-12,4.5400,4.7600,4.4600,4.6100,0.032,4.947
2022-09-13,4.6091,4.9600,4.5200,4.8000,0.061,4.935
2022-09-14,4.7400,4.7900,4.7300,4.7500,0.009,4.927
2022-09-15,4.7050,4.8160,4.6800,4.7400,0.007,4.922
2022-09-16,4.6800,4.7800,4.5200,4.5200,0.006,4.908
2022-09-19,4.4600,4.6700,4.4600,4.5500,0.016,4.886
2022-09-20,4.5100,4.5413,4.3800,4.4100,0.020,4.861
2022-09-21,4.4686,4.4686,4.3200,4.4000,0.005,4.836
2022-09-22,4.3700,4.3900,4.1000,4.1200,0.020,4.810
2022-09-23,4.1000,4.1000,3.7600,3.9800,0.038,4.776
2022-09-26,3.9400,4.1389,3.6900,3.6900,0.025,4.731
2022-09-27,3.7500,3.8400,3.7000,3.8000,0.014,4.696
2022-09-28,3.7700,4.0000,3.7600,3.9200,0.020,4.674
2022-09-29,3.8188,3.9100,3.8100,3.8300,0.003,4.658
2022-09-30,3.9100,3.9200,3.8100,3.8345,0.009,4.648
2022-10-03,3.8000,3.8000,3.7400,3.7500,0.007,4.626
2022-10-04,3.7500,4.0400,3.7500,4.0150,0.024,4.618
2022-10-05,3.8101,4.0300,3.8101,3.9701,0.007,4.610
2022-10-06,4.0000,4.0100,3.7900,3.8475,0.007,4.597
2022-10-07,3.7855,4.0000,3.7494,3.8500,0.036,4.585
2022-10-10,3.8600,3.8920,3.6900,3.7400,0.016,4.572
2022-10-11,3.7700,3.7700,3.5800,3.6700,0.017,4.557
2022-10-12,3.6300,3.6500,3.5800,3.6200,0.008,4.537
2022-10-13,3.5893,3.7199,3.5513,3.6200,0.007,4.509
2022-10-14,3.6000,3.6519,3.5386,3.5800,0.010,4.485
2022-10-17,3.6300,3.7200,3.5198,3.6800,0.004,4.459
2022-10-18,3.5900,3.7699,3.5900,3.7600,0.010,4.433
2022-10-19,3.6500,3.7399,3.6000,3.6500,0.004,4.407
2022-10-20,3.6800,3.7400,3.6500,3.7000,0.011,4.379
2022-10-21,3.7100,3.9200,3.7001,3.8400,0.018,4.357
2022-10-24,3.8200,3.9000,3.8200,3.8900,0.005,4.335
2022-10-25,3.8900,4.3050,3.8900,4.1600,0.011,4.316
2022-10-26,4.2700,4.4000,4.1900,4.3400,0.015,4.298
2022-10-27,4.1800,4.2700,4.1595,4.1900,0.008,4.278
2022-10-28,4.1700,4.2200,4.0100,4.0700,0.022,4.248
2022-10-31,4.0800,4.3000,4.0800,4.1039,0.013,4.223
2022-11-01,4.1200,4.2650,4.1000,4.1100,0.002,4.200
2022-11-02,4.0800,4.1999,4.0418,4.0418,0.006,4.175
2022-11-03,4.0900,4.1000,3.8900,3.9000,0.012,4.147
2022-11-04,4.0000,4.2500,3.9900,4.0100,0.011,4.121
2022-11-07,4.0112,4.1500,3.9100,3.9700,0.007,4.100
2022-11-08,3.9401,3.9700,3.6800,3.8100,0.016,4.081
2022-11-09,3.8950,3.8950,3.5100,3.5700,0.019,4.063
2022-11-10,3.7400,3.8300,3.6836,3.7200,0.012,4.046
2022-11-11,3.7100,3.8199,3.7000,3.7900,0.013,4.033
2022-11-14,3.8141,3.8600,3.6200,3.6600,0.010,4.019
2022-11-15,3.6400,3.7800,3.6400,3.7700,0.015,4.011
2022-11-16,3.8000,3.8300,3.6000,3.6000,0.003,3.997
2022-11-17,3.6659,3.7500,3.6300,3.7167,0.002,3.984
2022-11-18,3.7400,3.7600,3.5701,3.6704,0.004,3.967
2022-11-21,3.6332,3.7400,3.5468,3.6100,0.006,3.947
2022-11-22,3.5300,3.7399,3.5238,3.7300,0.006,3.925
2022-11-23,3.5900,3.8199,3.5900,3.7800,0.005,3.906
2022-11-25,3.8000,3.8000,3.6700,3.7400,0.011,3.886
2022-11-28,3.8296,3.8296,3.6500,3.6500,0.013,3.869
2022-11-29,3.6200,3.9500,3.6200,3.7600,0.014,3.853
2022-11-30,3.7100,3.9800,3.6600,3.9200,0.028,3.843
2022-12-01,3.9000,3.9000,3.6800,3.8800,0.009,3.833
2022-12-02,3.8086,3.9663,3.8086,3.9600,0.003,3.829
2022-12-05,3.8200,3.9784,3.8000,3.8400,0.010,3.827
2022-12-06,3.8800,3.9400,3.7500,3.7668,0.019,3.828
2022-12-07,3.7300,3.7400,3.6700,3.6950,0.011,3.826
2022-12-08,3.7787,3.9000,3.7000,3.8700,0.027,3.825
2022-12-09,3.7460,4.0000,3.7460,3.8600,0.039,3.826
2022-12-12,3.6800,3.9899,3.6800,3.7800,0.026,3.825
2022-12-13,3.8650,3.8650,3.6400,3.6500,0.019,3.823
2022-12-14,3.6100,3.7248,3.3600,3.5800,0.032,3.814
2022-12-15,3.4700,3.5500,3.2800,3.3340,0.050,3.801
2022-12-16,3.2400,3.3311,3.2400,3.2800,0.021,3.790
2022-12-19,3.2900,3.3200,3.2500,3.2500,0.008,3.778
2022-12-20,3.2000,3.2700,3.2000,3.2300,0.009,3.768
2022-12-21,3.1600,3.2800,3.1409,3.2200,0.053,3.759
2022-12-22,3.1700,3.2216,3.1500,3.2000,0.018,3.750
2022-12-23,3.2680,3.2680,3.1900,3.2250,0.005,3.742
2022-12-27,3.2500,3.2700,3.0800,3.0800,0.016,3.732
2022-12-28,3.0900,3.2300,2.9600,3.0199,0.044,3.719
2022-12-29,2.9300,3.0700,2.8900,3.0401,0.028,3.705
2022-12-30,3.0200,3.1950,2.9750,3.1800,0.028,3.695
2023-01-03,3.2500,3.2500,3.1200,3.2200,0.016,3.686
2023-01-04,3.2200,3.3300,3.1200,3.3300,0.006,3.675
2023-01-05,3.2382,3.5000,3.2157,3.4200,0.003,3.666
2023-01-06,3.3700,3.5900,3.3700,3.5800,0.006,3.654
2023-01-09,3.5665,3.6200,3.5519,3.6200,0.014,3.640
2023-01-10,3.5000,3.7000,3.5000,3.5800,0.004,3.628
2023-01-11,3.5200,3.6800,3.5100,3.5800,0.007,3.618
2023-01-12,3.4800,3.7200,3.4800,3.6600,0.014,3.609
2023-01-13,3.7000,3.8200,3.7000,3.7450,0.014,3.602
2023-01-17,3.9300,3.9300,3.7100,3.7500,0.021,3.596
2023-01-18,3.8200,3.9400,3.7703,3.8900,0.040,3.596
2023-01-19,3.8200,3.8900,3.8200,3.8700,0.008,3.593
2023-01-20,3.8400,3.8850,3.7800,3.8550,0.017,3.591
2023-01-23,3.8400,3.8600,3.7911,3.8400,0.013,3.591
2023-01-24,3.8100,3.9000,3.7200,3.7200,0.007,3.594
2023-01-25,3.6800,3.8500,3.6800,3.7400,0.014,3.595
2023-01-26,3.7400,3.8400,3.6600,3.6900,0.016,3.593
2023-01-27,3.7400,3.8000,3.7150,3.7300,0.010,3.594
2023-01-30,3.7100,3.8800,3.7100,3.8800,0.010,3.596
2023-01-31,3.8800,3.9400,3.8200,3.8300,0.011,3.601
2023-02-01,3.7600,3.8800,3.7400,3.7600,0.008,3.602
2023-02-02,3.7200,3.9000,3.7200,3.7200,0.020,3.603
2023-02-03,3.7200,3.8711,3.7200,3.8200,0.007,3.607
2023-02-06,3.7500,3.8200,3.7300,3.7400,0.023,3.607
2023-02-07,3.7939,3.7939,3.7500,3.7500,0.002,3.607
2023-02-08,3.7873,3.7873,3.6817,3.7000,0.007,3.606
2023-02-09,3.6800,3.7100,3.5400,3.5400,0.006,3.604
2023-02-10,3.5200,3.5200,3.4000,3.4300,0.008,3.597
2023-02-13,3.5400,3.6200,3.4656,3.5350,0.010,3.589
2023-02-14,3.4600,3.5338,3.4500,3.4500,0.023,3.581
2023-02-15,3.4200,3.5175,3.4200,3.5000,0.003,3.572
2023-02-16,3.4200,3.5795,3.4200,3.5500,0.020,3.566
2023-02-17,3.5100,3.6896,3.5100,3.6500,0.007,3.563
2023-02-21,3.6000,3.6634,3.3800,3.4605,0.024,3.559
2023-02-22,3.4400,3.4500,3.3850,3.4000,0.004,3.549
2023-02-23,3.3800,3.4500,3.3400,3.3400,0.014,3.539
2023-02-24,3.2800,3.3600,3.2800,3.3300,0.003,3.530
2023-02-27,3.3021,3.3900,3.2500,3.3257,0.009,3.523
2023-02-28,3.2800,3.3400,3.2300,3.2500,0.008,3.517
2023-03-01,3.3000,3.3242,3.2398,3.2600,0.015,3.515
2023-03-02,3.2700,3.2873,3.1657,3.2200,0.020,3.514
2023-03-03,3.2200,3.4500,3.2200,3.3600,0.006,3.516
2023-03-06,3.3300,3.4100,3.3300,3.4100,0.029,3.520
2023-03-07,3.2884,3.3701,3.2884,3.3100,0.003,3.522
2023-03-08,3.3500,3.3985,3.1600,3.1900,0.023,3.522
2023-03-09,3.2650,3.3128,2.9000,2.9200,0.041,3.515
2023-03-10,2.9200,2.9673,2.7000,2.7000,0.029,3.508
2023-03-13,2.7500,2.7500,2.5400,2.6100,0.017,3.500
2023-03-14,2.6700,2.7800,2.6600,2.7000,0.017,3.493
2023-03-15,2.6100,2.8000,2.6100,2.6700,0.017,3.483
2023-03-16,2.6900,2.8000,2.6900,2.7500,0.009,3.473
2023-03-17,2.7250,2.7399,2.6994,2.7150,0.005,3.461
2023-03-20,2.6900,2.7400,2.6006,2.6300,0.023,3.445
2023-03-21,2.6000,2.8000,2.5500,2.6600,0.045,3.427
2023-03-22,2.6300,2.6900,2.6200,2.6500,0.006,3.407
2023-03-23,2.6800,2.7800,2.6171,2.7200,0.007,3.390
2023-03-24,2.6693,2.7200,2.6100,2.6400,0.006,3.371
2023-03-27,2.6000,2.6400,2.6000,2.6300,0.005,3.351
2023-03-28,2.6150,2.7699,2.6001,2.6600,0.020,3.329
2023-03-29,2.6757,2.7800,2.6700,2.7100,0.003,3.308
2023-03-30,2.7293,2.7500,2.6101,2.6800,0.007,3.284
2023-03-31,2.6900,2.7100,2.4900,2.6200,0.026,3.259
2023-04-03,2.6300,2.6475,2.4819,2.5000,0.021,3.232
2023-04-04,2.5000,2.6400,2.3900,2.5736,0.032,3.207
2023-04-05,2.4800,2.6200,2.4199,2.4500,0.020,3.181
2023-04-06,2.5000,2.5700,2.3200,2.4500,0.017,3.155
2023-04-10,2.4200,2.6700,2.4200,2.5500,0.035,3.133
2023-04-11,2.6800,2.6800,2.5556,2.6400,0.013,3.111
2023-04-12,2.7000,2.7000,2.6000,2.6100,0.027,3.085
2023-04-13,2.6500,2.6500,2.5924,2.6400,0.002,3.062
2023-04-14,2.7000,2.7000,2.5879,2.6200,0.005,3.039
2023-04-17,2.5900,2.7800,2.5900,2.7500,0.028,3.019
2023-04-18,2.7100,3.1400,2.6991,3.1000,0.065,3.005
2023-04-19,3.0800,3.1500,3.0600,3.1500,0.008,2.993
2023-04-20,3.1500,3.1500,3.0100,3.0100,0.011,2.978
2023-04-21,3.0100,3.1500,2.9746,3.0900,0.015,2.966
2023-04-24,3.1200,3.2600,3.0100,3.2000,0.022,2.959
2023-04-25,3.2000,3.3000,3.2000,3.2300,0.019,2.955
2023-04-26,3.2000,3.2800,3.2000,3.2150,0.019,2.949
2023-04-27,3.2200,3.2500,3.2000,3.2100,0.011,2.944
2023-04-28,3.3800,3.3800,3.1500,3.1500,0.019,2.937
2023-05-01,3.1300,3.2300,3.1000,3.1000,0.010,2.928
2023-05-02,3.1300,3.1300,2.7101,2.8300,0.024,2.912
2023-05-03,2.8500,2.8700,2.8400,2.8600,0.004,2.900
2023-05-04,2.8200,3.0500,2.8200,2.9900,0.028,2.892
2023-05-05,3.0700,3.2000,2.9900,3.1300,0.014,2.887
2023-05-08,3.2874,3.2999,3.1200,3.1200,0.013,2.883
2023-05-09,3.0313,3.1200,2.8870,3.1000,0.004,2.879
2023-05-10,3.0200,3.1790,3.0200,3.0600,0.005,2.875
2023-05-11,2.9863,3.0300,2.9800,3.0000,0.005,2.870
2023-05-12,3.0499,3.0700,2.9200,2.9200,0.011,2.864
2023-05-15,2.9000,2.9967,2.9000,2.9750,0.004,2.856
2023-05-16,2.9101,2.9903,2.7000,2.7600,0.016,2.843
2023-05-17,2.7000,2.8300,2.5000,2.7799,0.012,2.832
2023-05-18,2.7800,2.9600,2.7400,2.8450,0.007,2.825
2023-05-19,2.8200,2.9900,2.8200,2.9601,0.009,2.826
2023-05-22,2.9200,3.0100,2.8400,2.9900,0.005,2.832
2023-05-23,3.0100,3.1500,3.0100,3.0421,0.022,2.841
2023-05-24,3.0580,3.0580,3.0200,3.0300,0.003,2.847
2023-05-25,3.0300,3.0300,2.8000,2.8900,0.008,2.852
2023-05-26,2.7800,2.8899,2.7800,2.8100,0.005,2.853
2023-05-30,2.7800,2.8282,2.7600,2.7800,0.004,2.854
2023-05-31,2.8163,2.8163,2.7500,2.7750,0.009,2.857
2023-06-01,2.7700,2.8504,2.7600,2.7800,0.004,2.860
2023-06-02,2.7500,2.7600,2.5100,2.7492,0.057,2.861
2023-06-05,2.7780,2.9100,2.7780,2.8300,0.011,2.864
2023-06-06,2.8300,2.9200,2.7800,2.9200,0.007,2.869
2023-06-07,2.9000,2.9100,2.8138,2.8500,0.007,2.874
2023-06-08,2.8500,2.9900,2.8200,2.9200,0.008,2.879
2023-06-09,2.9200,2.9800,2.8400,2.8400,0.004,2.881
2023-06-12,2.8650,2.9478,2.8109,2.8600,0.005,2.885
2023-06-13,2.8100,2.8990,2.8000,2.8000,0.007,2.889
2023-06-14,2.8000,2.8521,2.8000,2.8400,0.011,2.895
2023-06-15,2.8500,2.8500,2.7094,2.7550,0.008,2.899
2023-06-16,2.8000,2.8800,2.7750,2.8400,0.002,2.907
2023-06-20,2.8000,2.8700,2.7166,2.7400,0.008,2.913
2023-06-21,2.7000,2.8400,2.7000,2.7600,0.003,2.917
2023-06-22,2.7196,2.7395,2.6863,2.6900,0.007,2.918
2023-06-23,2.6600,2.7250,2.6500,2.7250,0.008,2.920
2023-06-26,2.7139,2.7200,2.6500,2.6850,0.004,2.921
2023-06-27,2.6600,2.6800,2.5700,2.5800,0.003,2.920
2023-06-28,2.5600,2.6787,2.5501,2.6100,0.005,2.918
2023-06-29,2.6500,2.6750,2.5300,2.5400,0.011,2.906
2023-06-30,2.5701,2.6250,2.5500,2.5750,0.006,2.895
2023-07-03,2.6700,2.7500,2.5600,2.7361,0.004,2.889
2023-07-05,2.6100,2.8500,2.5800,2.8500,0.009,2.885
2023-07-06,2.8100,2.8100,2.6650,2.7100,0.009,2.875
2023-07-07,2.6854,2.7960,2.6600,2.7400,0.008,2.865
2023-07-10,2.7700,2.8800,2.7500,2.7700,0.013,2.856
2023-07-11,2.8100,2.8350,2.8100,2.8300,0.002,2.848
2023-07-12,2.7800,2.8900,2.7800,2.8798,0.012,2.843
2023-07-13,2.9100,2.9550,2.8191,2.9000,0.007,2.839
2023-07-14,2.8300,2.9050,2.8000,2.8700,0.004,2.840
2023-07-17,2.8000,2.9399,2.7710,2.9199,0.007,2.841
2023-07-18,2.8990,3.0899,2.8850,3.0000,0.053,2.841
2023-07-19,3.0000,3.0700,3.0000,3.0573,0.006,2.840
2023-07-20,3.0900,3.1900,3.0900,3.1900,0.031,2.841
2023-07-21,3.1900,3.2000,3.1200,3.1323,0.016,2.842
2023-07-24,3.1883,3.1883,3.0600,3.0600,0.004,2.842
2023-07-25,3.0500,3.1700,3.0500,3.0800,0.018,2.843
2023-07-26,3.0600,3.0600,2.9230,3.0300,0.013,2.846
2023-07-27,3.0307,3.0796,3.0100,3.0101,0.011,2.846
2023-07-28,3.0100,3.0100,2.9400,2.9560,0.012,2.850
2023-07-31,2.9400,3.0200,2.9281,3.0100,0.006,2.855
2023-08-01,3.0800,3.0800,2.9300,2.9300,0.006,2.857
2023-08-02,2.8300,2.9900,2.7900,2.9700,0.006,2.857
2023-08-03,2.9900,3.0800,2.8800,2.9417,0.027,2.856
2023-08-04,2.9400,2.9900,2.9200,2.9200,0.003,2.853
2023-08-07,2.9000,2.9000,2.7601,2.8700,0.004,2.850
2023-08-08,2.8600,3.0900,2.8200,2.9400,0.054,2.851
2023-08-09,2.9000,2.9900,2.9000,2.9900,0.013,2.855
2023-08-10,2.9100,2.9800,2.8900,2.9400,0.016,2.858
2023-08-11,2.8800,3.0000,2.8800,2.9600,0.004,2.862
2023-08-14,2.9000,2.9800,2.7700,2.9800,0.010,2.866
2023-08-15,2.9294,2.9294,2.8000,2.8500,0.007,2.868
2023-08-16,2.8990,2.9200,2.8255,2.8300,0.003,2.868
2023-08-17,2.8100,2.8700,2.8000,2.8000,0.007,2.865
2023-08-18,2.8000,2.8150,2.6904,2.7300,0.009,2.863
2023-08-21,2.8250,2.8728,2.6600,2.7500,0.005,2.859
2023-08-22,2.6700,2.7753,2.6700,2.7182,0.010,2.857
2023-08-23,2.6800,2.7800,2.6701,2.7500,0.004,2.855
2023-08-24,2.7000,2.7800,2.7000,2.7400,0.002,2.854
2023-08-25,2.7700,2.7700,2.7100,2.7400,0.002,2.852
2023-08-28,2.7300,2.7300,2.6600,2.6800,0.009,2.850
2023-08-29,2.7000,2.7000,2.6655,2.6925,0.002,2.847
2023-08-30,2.7000,2.7000,2.6300,2.6400,0.013,2.845
2023-08-31,2.6200,2.6600,2.5300,2.6010,0.003,2.842
2023-09-01,2.6600,2.6600,2.5100,2.5100,0.012,2.838
2023-09-05,2.5900,2.6200,2.5212,2.6200,0.003,2.836
2023-09-06,2.6200,2.6600,2.5128,2.5400,0.003,2.833
2023-09-07,2.5100,2.5200,2.4500,2.4900,0.010,2.832
2023-09-08,2.4900,2.5000,2.4500,2.4800,0.005,2.829
2023-09-11,2.4900,2.6500,2.4900,2.6500,0.015,2.831
2023-09-12,2.5600,2.7400,2.5501,2.5600,0.007,2.831
2023-09-13,2.5600,2.6000,2.5500,2.5750,0.005,2.828
2023-09-14,2.5500,2.5600,2.5076,2.5500,0.006,2.822
2023-09-15,2.4600,2.6793,2.4600,2.6500,0.007,2.820
2023-09-18,2.6500,2.7000,2.4801,2.7000,0.001,2.820
2023-09-19,2.5100,2.6614,2.5100,2.6199,0.003,2.817
2023-09-20,2.5712,2.6800,2.5000,2.6800,0.010,2.814
2023-09-21,2.4600,2.6500,2.4600,2.6100,0.014,2.808
2023-09-22,2.5290,2.6500,2.3904,2.5000,0.014,2.800
2023-09-25,2.4000,2.4900,2.4000,2.4900,0.003,2.793
2023-09-26,2.4500,2.5200,2.4400,2.4400,0.007,2.783
2023-09-27,2.4800,2.4800,2.4400,2.4400,0.002,2.772
2023-09-28,2.4600,2.5129,2.4600,2.4700,0.001,2.760
2023-09-29,2.4050,2.5200,2.4050,2.5000,0.003,2.746
2023-10-02,2.4000,2.5115,2.3000,2.4600,0.025,2.733
2023-10-03,2.3100,2.3700,2.2001,2.2200,0.013,2.716
2023-10-04,2.2900,2.3400,2.2000,2.2000,0.010,2.698
2023-10-05,2.2600,2.2600,2.1900,2.2200,0.002,2.682
2023-10-06,2.1700,2.2325,2.0400,2.0524,0.021,2.663
2023-10-09,2.0318,2.0500,1.9000,1.9700,0.009,2.643
2023-10-10,2.0000,2.0800,1.9200,1.9200,0.012,2.622
