DATE,OPEN,HIGH,LOW,CLOSE
2013-09-20,40.3000,44.8900,35.2800,36.0000
2013-09-23,35.2500,38.4800,35.2500,37.4500
2013-09-24,37.5500,38.4000,36.2400,37.0100
2013-09-25,37.5000,40.0000,37.2500,38.8000
2013-09-26,39.4500,41.7800,39.0000,41.6300
2013-09-27,41.6800,43.0000,40.0200,41.1100
2013-09-30,41.0800,42.7150,40.1800,41.5300
2013-10-01,42.3300,42.9000,39.5690,40.3800
2013-10-02,39.5100,40.9000,39.5000,40.7000
2013-10-03,41.5300,41.5300,40.0000,40.4700
2013-10-04,41.0000,43.8400,40.4501,42.6900
2013-10-07,43.9300,43.9300,41.5910,42.6550
2013-10-08,42.5000,42.6500,39.6800,39.8900
2013-10-09,40.1000,40.7499,38.6100,38.8100
2013-10-10,40.4000,41.8900,40.0000,41.4900
2013-10-11,42.3900,42.5000,40.9001,42.0700
2013-10-14,42.0700,42.4900,41.2500,41.5500
2013-10-15,41.9900,42.0000,39.8650,40.7700
2013-10-16,40.6900,41.2500,39.2075,39.8720
2013-10-17,40.0100,42.2500,40.0100,42.2000
2013-10-18,42.6000,44.5500,41.0500,42.3700
2013-10-21,42.1900,42.2500,40.7500,41.0000
2013-10-22,40.5900,41.1100,39.7600,39.8500
2013-10-23,39.8500,39.9900,38.4000,39.7500
2013-10-24,40.1000,42.7000,39.8100,42.5100
2013-10-25,43.0800,43.1400,40.5000,41.2200
2013-10-28,41.1500,41.1500,39.5200,39.9900
2013-10-29,40.0000,40.8234,39.9600,40.2200
2013-10-30,40.0000,40.0000,38.1700,38.6900
2013-10-31,38.6900,38.7000,36.1450,37.9000
2013-11-01,38.3700,39.0000,37.2100,38.4300
2013-11-04,38.1500,38.3800,37.4710,37.8300
2013-11-05,38.2900,38.2900,36.3200,37.3600
2013-11-06,38.1800,39.9700,37.2800,39.8900
2013-11-07,39.8000,39.9100,37.5201,38.0300
2013-11-08,41.5000,41.5000,35.5000,37.7300
2013-11-11,37.6900,38.0500,36.7500,37.3300
2013-11-12,37.7200,37.7740,36.4700,36.7300
2013-11-13,37.2900,38.8200,36.6800,38.6600
2013-11-14,39.0800,39.0800,37.6000,38.6700
2013-11-15,39.1700,39.2500,38.2800,38.8600
2013-11-18,39.0000,39.0000,36.9700,37.2700
2013-11-19,37.1900,37.5000,35.9300,36.0100
2013-11-20,36.2000,36.9999,33.3000,33.6000
2013-11-21,33.6100,35.1100,33.6000,34.2200
2013-11-22,34.4100,35.0000,34.1000,34.9000
2013-11-25,35.2700,35.2700,33.6000,33.7100
2013-11-26,34.9900,37.8000,33.9000,37.3700
2013-11-27,37.7000,38.7400,36.0100,38.2400
2013-11-29,38.7400,38.9500,38.1700,38.3700
2013-12-02,37.9000,38.4000,36.9200,37.0900
2013-12-03,36.6300,37.2500,36.5700,37.0100
2013-12-04,36.6300,37.1400,36.5400,36.7100
2013-12-05,36.5200,38.2700,36.5100,36.7500
2013-12-06,37.3300,37.3300,36.5400,36.5900
2013-12-09,37.2600,37.2600,36.1510,36.9300
2013-12-10,36.7600,37.7120,36.6100,37.6000
2013-12-11,36.8300,38.9499,36.8300,37.7600
2013-12-12,37.2500,37.9322,36.6100,37.4600
2013-12-13,38.2100,39.4200,37.8500,38.3300
2013-12-16,38.5000,39.2500,37.4900,38.9400
2013-12-17,38.3000,39.1000,38.1000,38.8700
2013-12-18,38.9700,39.4900,38.2500,39.3600
2013-12-19,39.3000,40.4900,38.7800,40.1800
2013-12-20,39.8400,40.1599,38.7900,39.5600
2013-12-23,39.6500,40.4300,39.3400,39.7900
2013-12-24,39.7900,40.3500,39.6400,40.1000
2013-12-26,40.4300,43.8500,40.2300,43.4300
2013-12-27,43.0000,43.4900,42.3000,43.1300
2013-12-30,43.2300,44.1700,42.6100,43.6900
2013-12-31,44.0000,44.2000,43.0900,43.6100
2014-01-02,43.0200,43.8700,40.4100,41.1300
2014-01-03,50.6900,57.2700,49.6000,57.0200
2014-01-06,57.3900,59.4290,55.0100,58.5100
2014-01-07,58.8900,61.6300,57.7700,60.5000
2014-01-08,60.4700,60.5000,56.5900,56.9600
2014-01-09,57.7700,58.3900,57.3900,57.9000
2014-01-10,58.6500,58.9000,55.7000,57.8000
2014-01-13,57.9000,58.4500,55.3100,55.6400
2014-01-14,56.4500,59.3700,55.1400,58.8700
2014-01-15,60.2700,66.1700,59.5300,65.4500
2014-01-16,68.5500,71.5300,66.2700,70.9900
2014-01-17,71.2900,75.2390,70.8800,73.5700
2014-01-21,71.8200,72.4800,67.6300,69.4400
2014-01-22,71.3400,74.4000,69.5100,73.7300
2014-01-23,73.9500,74.2000,71.5810,73.1700
2014-01-24,71.0300,71.3000,66.3901,67.3000
2014-01-27,68.0750,70.0000,65.8800,68.2800
2014-01-28,69.0000,71.5000,67.7100,69.8400
2014-01-29,68.6800,71.0000,67.6700,68.3100
2014-01-30,70.0000,71.3300,69.0500,69.3400
2014-01-31,68.5200,76.9400,68.2500,72.9900
2014-02-03,71.4300,72.7400,65.0200,66.5200
2014-02-04,67.4100,68.3800,66.3100,66.8400
2014-02-05,68.2000,68.2000,64.3100,66.1100
2014-02-06,65.9000,67.1200,65.2800,66.2700
2014-02-07,67.0000,70.9700,66.5900,70.7300
2014-02-10,72.8500,78.7000,71.5000,76.8500
2014-02-11,79.0000,79.9200,75.3700,78.0100
2014-02-12,74.0000,75.7400,68.7100,69.0800
2014-02-13,67.5000,73.6600,66.6600,72.0100
2014-02-14,73.9000,75.8900,72.0300,74.3500
2014-02-18,75.2900,75.3000,71.3000,71.9000
2014-02-19,71.8800,73.7000,70.8100,71.0800
2014-02-20,71.9000,73.5000,70.7510,72.9300
2014-02-21,73.8200,73.8800,72.0900,72.6800
2014-02-24,72.4600,77.9800,72.4600,76.3100
2014-02-25,76.8000,82.3000,76.4000,80.0000
2014-02-26,81.7500,86.1800,80.9900,84.1300
2014-02-27,84.9900,87.6100,84.0000,87.0300
2014-02-28,87.5200,88.0000,84.2100,85.6400
2014-03-03,83.0600,85.5400,81.6400,84.5200
2014-03-04,86.3900,88.4900,85.9600,88.1900
2014-03-05,89.8000,97.3500,89.7501,95.6300
2014-03-06,96.1700,96.2100,88.8900,89.5500
2014-03-07,82.9200,84.4000,80.4100,81.0400
2014-03-10,81.5500,83.0000,78.8700,80.3000
2014-03-11,81.5100,82.0000,77.4100,77.6200
2014-03-12,78.3900,79.4500,76.2000,77.6600
2014-03-13,79.0000,80.8899,77.0500,79.9300
2014-03-14,79.8500,80.7800,75.5200,75.8700
2014-03-17,77.3800,78.1610,75.1800,76.0500
2014-03-18,76.5700,78.7400,75.0700,77.7500
2014-03-19,77.0000,77.2500,71.4900,71.5000
2014-03-20,71.4500,71.5400,67.0900,67.2000
2014-03-21,69.0000,70.1800,67.7300,69.6600
2014-03-24,68.0000,69.0000,63.1500,63.5000
2014-03-25,64.3800,65.5700,62.0000,62.7200
2014-03-26,63.8900,64.9800,60.2500,61.6600
2014-03-27,62.4500,63.9000,60.2500,62.9300
2014-03-28,63.6400,66.4100,62.5100,63.4400
2014-03-31,64.0200,64.5000,60.8000,61.5700
2014-04-01,62.3200,65.1000,62.0000,64.3700
2014-04-02,65.0000,65.6500,60.1500,61.4900
2014-04-03,61.6300,62.0000,54.6500,54.8600
2014-04-04,55.7100,56.2000,49.2500,50.3600
2014-04-07,50.0600,52.4500,48.1294,50.3500
2014-04-08,51.9500,53.9000,50.8000,52.3500
2014-04-09,53.9500,56.4500,52.8400,56.3899
2014-04-10,54.8200,55.6600,49.0000,49.7500
2014-04-11,48.3000,50.4100,46.5500,47.3300
2014-04-14,48.3400,50.9100,46.8600,48.4600
2014-04-15,48.6300,50.3000,44.6100,48.8300
2014-04-16,50.1800,50.7500,47.2700,47.6100
2014-04-17,47.4700,49.1200,46.1700,47.1100
2014-04-21,47.2000,49.0000,46.3801,48.1400
2014-04-22,46.6500,51.8700,46.0800,50.5700
2014-04-23,50.3300,50.7600,46.3500,46.7600
2014-04-24,47.1200,47.6800,42.6400,44.4500
2014-04-25,42.8900,44.9200,41.0100,41.1800
2014-04-28,41.5000,42.2500,37.3500,38.9000
2014-04-29,38.1500,40.6100,38.0500,38.8300
2014-04-30,38.8800,40.2400,37.5500,39.2600
2014-05-01,39.7500,42.9000,39.7400,40.7700
2014-05-02,40.8000,41.1394,39.0000,39.9400
2014-05-05,38.9200,40.8200,38.8600,40.2300
2014-05-06,40.3400,40.7470,36.7500,37.1300
2014-05-07,31.1500,31.2500,27.0500,28.6500
2014-05-08,28.2500,29.8000,27.1500,27.4500
2014-05-09,27.2900,28.1900,26.3800,26.4400
2014-05-12,26.6300,29.2900,25.8400,28.5400
2014-05-13,28.9300,29.0800,26.9400,27.0200
2014-05-14,26.8500,28.3200,26.1500,27.2500
2014-05-15,26.6800,27.6000,25.5800,27.0800
2014-05-16,26.9300,28.3500,26.3000,27.8900
2014-05-19,28.0000,30.0000,27.5100,28.9300
2014-05-20,29.0100,32.0800,28.9506,30.3200
2014-05-21,30.9100,32.0700,30.0700,31.1200
2014-05-22,31.0000,32.3000,30.2800,32.2890
2014-05-23,33.0000,33.7892,32.6500,33.3900
2014-05-27,33.8000,35.0000,33.2100,34.9700
2014-05-28,35.0000,35.5000,33.9800,34.3800
2014-05-29,35.0000,35.3200,34.1000,34.6500
2014-05-30,34.5200,34.5700,32.0900,32.8700
2014-06-02,32.3600,32.7700,31.0501,31.7700
2014-06-03,31.3900,31.7500,30.7000,30.9400
2014-06-04,30.7100,30.8799,30.0100,30.4600
2014-06-05,30.5900,33.3100,30.2200,32.6800
2014-06-06,33.1200,33.1600,32.1600,32.3900
2014-06-09,32.1500,35.4400,32.1300,34.1600
2014-06-10,33.7700,35.1400,33.6000,34.9300
2014-06-11,34.9600,35.5550,33.6700,35.5000
2014-06-12,35.5500,36.4600,34.4300,35.4900
2014-06-13,35.3100,36.5900,34.8800,36.2700
2014-06-16,36.2300,38.4200,36.0000,38.0400
2014-06-17,37.8600,38.4900,37.0200,37.7300
2014-06-18,38.0700,38.8599,37.6000,38.1300
2014-06-19,38.2100,38.9900,37.1700,37.7200
2014-06-20,37.7100,37.8500,36.0400,37.4599
2014-06-23,37.0400,39.4510,37.0100,39.0200
2014-06-24,38.9300,39.6800,37.4500,37.6700
2014-06-25,37.6700,38.6000,37.0000,38.4500
2014-06-26,38.3400,39.2000,38.2200,38.9000
2014-06-27,38.5400,39.5000,38.3500,38.9200
2014-06-30,38.4500,41.0000,38.4100,40.5500
2014-07-01,41.0200,41.8200,40.6100,41.0400
2014-07-02,40.8000,41.1575,39.1500,39.2200
2014-07-03,39.8100,39.9000,38.3000,38.9500
2014-07-07,38.8200,38.9200,36.2900,36.6100
2014-07-08,36.6100,36.6500,33.3300,33.4600
2014-07-09,33.6400,34.5200,33.1500,34.2000
2014-07-10,32.7600,33.8199,31.8800,33.2700
2014-07-11,33.1500,34.1700,32.8900,33.6200
2014-07-14,34.3600,35.2900,34.0000,34.2700
2014-07-15,34.4000,34.7700,33.5500,33.8200
2014-07-16,35.5900,36.2400,34.4100,34.5700
2014-07-17,34.9400,35.0100,33.7900,33.9700
2014-07-18,34.0100,34.9900,33.9001,34.5200
2014-07-21,34.1900,35.7900,34.1101,35.4500
2014-07-22,35.5000,37.1500,35.5000,36.3100
2014-07-23,36.0300,36.1200,35.2000,35.4700
2014-07-24,36.0900,37.1300,35.6000,36.9600
2014-07-25,36.1800,37.3900,36.1144,37.1500
2014-07-28,36.4900,37.2900,35.8500,36.5000
2014-07-29,36.2300,36.4500,35.6150,35.8800
2014-07-30,35.9300,36.8000,35.8914,36.1300
2014-07-31,35.5200,36.2100,35.2100,35.5000
2014-08-01,35.1900,35.6300,32.2600,32.8800
2014-08-04,33.2500,34.3900,33.1500,34.2200
2014-08-05,35.0000,35.1500,34.2050,34.7500
2014-08-06,33.1200,33.2600,30.7700,30.7790
2014-08-07,30.9700,32.3400,30.9500,31.8600
2014-08-08,31.1300,31.1900,29.8100,30.4400
2014-08-11,30.9000,31.6800,30.6000,31.3700
2014-08-12,31.2400,31.3660,30.4600,30.7000
2014-08-13,31.1600,31.9700,31.1500,31.8500
2014-08-14,31.6600,31.6900,30.8800,31.1200
2014-08-15,31.3000,31.4000,29.6500,29.7900
2014-08-18,30.0500,30.2700,28.7700,28.8100
2014-08-19,28.8800,29.0000,27.7000,28.0600
2014-08-20,28.0000,28.6900,27.8200,27.9700
2014-08-21,28.4900,28.5000,27.3700,27.5700
2014-08-22,27.4500,28.4500,27.0600,28.0100
2014-08-25,28.5800,28.8200,27.8201,27.9200
2014-08-26,28.0700,29.2400,27.7200,28.9100
2014-08-27,28.9800,29.7400,28.9300,29.4500
2014-08-28,30.0200,30.4900,29.7200,30.0000
2014-08-29,30.2500,31.8200,30.0200,31.1400
2014-09-02,31.6900,33.9300,31.3600,33.7800
2014-09-03,34.3900,34.8500,31.3100,31.6200
2014-09-04,31.9800,32.4000,30.8200,31.2600
2014-09-05,31.2500,31.7800,30.2600,31.7200
2014-09-08,32.5000,33.6400,32.3800,33.2300
2014-09-09,33.8400,34.6700,33.1200,33.5100
2014-09-10,33.5000,35.6900,33.1000,34.8500
2014-09-11,34.8500,36.8500,34.7700,36.0700
2014-09-12,36.2300,36.3000,34.8200,35.0700
2014-09-15,34.7800,34.9500,32.5700,33.0100
2014-09-16,32.7100,34.0400,32.0700,33.6400
2014-09-17,33.5100,36.3800,33.5100,35.4700
2014-09-18,35.5900,35.7700,33.6200,33.6800
2014-09-19,34.7800,34.9700,33.1000,33.9500
2014-09-22,33.7300,34.3300,32.8000,33.1100
2014-09-23,32.7900,33.8000,32.5000,32.6700
2014-09-24,33.2700,33.4800,32.7000,32.8200
2014-09-25,33.2000,33.4500,31.3900,31.7100
2014-09-26,31.7200,32.3100,31.5500,31.9800
2014-09-29,31.3200,32.2800,31.0000,31.4500
2014-09-30,31.7500,31.8700,30.2200,30.5600
2014-10-01,30.3600,30.4900,28.3100,28.7600
2014-10-02,29.1200,29.7600,28.3800,29.5900
2014-10-03,29.6100,30.4400,27.8000,28.1900
2014-10-06,28.5700,28.5700,26.7000,28.0300
2014-10-07,29.3800,29.5800,27.8600,28.0600
2014-10-08,28.0600,28.5100,26.8500,28.3800
2014-10-09,28.2000,28.2600,26.8100,26.8600
2014-10-10,26.5000,27.4700,25.0878,25.7600
2014-10-13,25.9500,26.8900,24.8100,26.2200
2014-10-14,26.3000,27.0460,25.5700,26.4800
2014-10-15,25.6600,27.1500,25.4500,26.8000
2014-10-16,27.0400,29.4900,26.7900,28.9600
2014-10-17,29.7000,30.3400,28.7000,29.0500
2014-10-20,28.7200,29.8500,28.7000,29.6000
2014-10-21,29.7100,30.4000,29.1100,30.1600
2014-10-22,30.1800,30.8000,29.2400,29.2600
2014-10-23,29.9400,31.2700,29.4900,30.8800
2014-10-24,30.8800,31.6600,30.2700,31.5100
2014-10-27,31.0900,31.4700,30.5500,30.9600
2014-10-28,32.0200,33.9300,31.7278,33.6400
2014-10-29,34.0200,34.0200,32.2300,32.6300
2014-10-30,32.2000,33.6600,31.7200,33.6300
2014-10-31,34.0200,34.4800,33.5800,33.9900
2014-11-03,33.8800,34.5500,33.5200,33.6850
2014-11-04,33.9300,34.4200,33.2700,34.2500
2014-11-05,29.0000,29.7700,28.3900,29.1200
2014-11-06,29.9000,31.1800,29.7603,30.0400
2014-11-07,30.0600,31.1800,30.0500,30.6200
2014-11-10,31.1200,32.5500,31.0500,32.3900
2014-11-11,31.7100,33.0800,31.5600,32.8500
2014-11-12,32.6200,33.4900,32.2600,33.1500
2014-11-13,33.5300,34.4000,32.9100,33.3400
2014-11-14,33.1500,33.9300,32.6600,33.8000
2014-11-17,33.3900,33.8500,32.2400,32.3200
2014-11-18,32.3200,32.7000,31.8000,31.8700
2014-11-19,31.8600,31.9450,30.2500,30.5500
2014-11-20,30.0800,31.2500,29.8500,30.9900
2014-11-21,31.5000,32.1600,31.3600,31.7700
2014-11-24,32.0400,32.6899,31.9300,32.6200
2014-11-25,32.6700,32.8700,31.9300,32.1600
2014-11-26,32.0600,32.3000,31.4800,31.6600
2014-11-28,31.3000,31.4500,30.1157,30.2900
2014-12-01,31.0700,31.4800,29.8000,30.2800
2014-12-02,30.8900,31.7800,30.2000,31.6400
2014-12-03,31.5000,31.6400,30.5100,30.5500
2014-12-04,30.6000,31.0400,30.2800,30.3700
2014-12-05,30.5600,30.7400,29.7300,29.8100
2014-12-08,29.6300,31.1500,29.2500,30.2400
2014-12-09,30.0000,30.4800,29.3100,30.1000
2014-12-10,29.9300,30.5300,29.7800,29.8300
2014-12-11,29.9600,30.3800,29.2000,29.4400
2014-12-12,29.0100,29.9400,28.6700,29.1200
2014-12-15,29.4600,29.7200,28.4300,28.5600
2014-12-16,28.0600,28.4960,27.5000,27.7200
2014-12-17,27.7400,28.8300,27.5494,28.6100
2014-12-18,29.0000,30.9600,29.0000,30.9000
2014-12-19,30.9700,33.9300,30.7900,33.0600
2014-12-22,33.1400,33.6000,32.2200,33.0350
2014-12-23,33.2300,33.9900,33.0400,33.4900
2014-12-24,33.3700,33.4900,32.3500,32.3800
2014-12-26,32.6400,33.6000,31.7500,33.2100
2014-12-29,33.2000,33.8190,32.7500,32.9950
2014-12-30,32.5100,33.4500,32.3800,32.4100
2014-12-31,32.5200,32.7500,31.4600,31.5800
2015-01-02,31.8900,32.0100,30.6000,31.0350
2015-01-05,30.9400,32.1900,30.6500,32.0100
2015-01-06,31.9700,31.9800,29.2500,29.7800
2015-01-07,30.8900,31.5000,30.2900,30.8900
2015-01-08,31.2400,33.3900,31.2100,33.1000
2015-01-09,33.1800,34.1700,32.6101,33.6800
2015-01-12,33.7000,35.5800,33.3600,35.2900
2015-01-13,35.3700,35.4400,33.3300,34.1700
2015-01-14,33.5500,34.8200,33.3200,34.1500
2015-01-15,34.4500,34.4500,32.4000,32.4600
2015-01-16,32.4900,32.9800,32.1100,32.8900
2015-01-20,33.0100,33.8800,32.2500,33.5300
2015-01-21,34.0000,34.6100,33.3100,34.2200
2015-01-22,34.2600,34.3500,33.2500,33.5400
2015-01-23,33.7400,35.3200,33.6000,34.9300
2015-01-26,35.1100,35.7900,34.4000,35.3900
2015-01-27,34.3500,35.5000,33.9200,34.8500
2015-01-28,35.2000,35.3100,33.0000,33.0100
2015-01-29,32.9000,32.9500,31.3700,32.7400
2015-01-30,32.8600,34.7000,32.8300,33.8100
2015-02-02,34.1600,34.5100,33.3700,34.3600
2015-02-03,34.5800,35.3900,34.0600,35.1200
2015-02-04,35.0000,35.1100,34.1300,34.5100
2015-02-05,35.5000,36.8500,35.5000,36.5200
2015-02-06,36.7400,36.7500,35.3100,36.0500
2015-02-09,35.7500,36.2900,35.4400,35.5400
2015-02-10,35.7400,36.5500,35.1700,36.5200
2015-02-11,36.8000,36.8000,35.4400,35.6900
2015-02-12,38.0400,40.4000,37.8700,39.6300
2015-02-13,40.9750,42.4800,40.5600,42.2600
2015-02-17,42.3000,44.4700,42.0000,43.8400
2015-02-18,44.7300,44.9000,43.0600,43.6650
2015-02-19,43.6400,44.6899,42.3600,44.2700
2015-02-20,44.1300,46.1799,43.9300,46.1500
2015-02-23,45.7500,45.7900,43.0900,43.3500
2015-02-24,43.7600,44.4700,42.7000,43.9700
2015-02-25,44.4700,45.6400,43.9200,45.3950
2015-02-26,45.6400,46.4400,44.8500,45.4100
2015-02-27,45.2100,45.9000,44.2000,44.2700
2015-03-02,44.5100,44.8400,43.4038,44.8200
2015-03-03,44.4900,45.4400,44.0900,45.0700
2015-03-04,44.6600,44.7800,42.8000,43.8200
2015-03-05,43.8000,44.4300,43.2500,43.9100
2015-03-06,43.7300,44.2700,42.5100,42.8300
2015-03-09,43.0800,43.3900,42.1301,43.2650
2015-03-10,42.4400,42.5000,40.7800,41.4300
2015-03-11,41.6800,42.4700,41.0600,42.0600
2015-03-12,42.1800,43.2750,41.9100,43.0600
2015-03-13,43.0100,43.4800,41.7200,42.0400
2015-03-16,42.4200,42.7900,41.0600,42.3700
2015-03-17,42.2300,43.0800,41.7900,42.5950
2015-03-18,42.2800,43.6000,42.1900,43.3600
2015-03-19,43.3700,43.9200,42.8700,43.0200
2015-03-20,43.6300,43.6300,41.3500,41.6950
2015-03-23,42.0100,42.8800,41.1400,41.3300
2015-03-24,41.7400,41.8200,40.7000,40.7900
2015-03-25,41.0700,41.2300,38.4000,39.2100
2015-03-26,38.5300,39.7900,38.0200,39.3100
2015-03-27,39.1300,40.0800,38.8100,39.8100
2015-03-30,40.3100,40.5000,39.6200,40.0350
2015-03-31,39.8600,40.0000,39.2310,39.2500
2015-04-01,38.9800,39.3000,37.6600,38.1400
2015-04-02,38.4400,38.8355,37.8100,38.6600
2015-04-06,38.1700,39.2400,38.1200,38.9400
2015-04-07,39.2900,40.7800,39.2050,39.9100
2015-04-08,40.5400,41.7000,40.5000,41.2200
2015-04-09,41.1700,41.3400,40.5400,41.0600
2015-04-10,41.4100,43.2800,40.9400,43.2400
2015-04-13,42.6900,42.9800,41.7300,41.8400
2015-04-14,41.9000,42.2300,40.8100,41.7600
2015-04-15,42.0000,42.8300,41.7100,42.6400
2015-04-16,42.4200,43.2400,41.9100,42.0100
2015-04-17,41.7900,41.7900,40.5300,40.8400
2015-04-20,41.4300,42.7451,41.2100,42.4300
2015-04-21,43.8600,44.5000,43.2600,43.4850
2015-04-22,43.5200,44.2600,42.8800,43.6700
2015-04-23,43.6800,44.3700,43.2400,43.9300
2015-04-24,44.3000,44.8400,43.8200,44.0300
2015-04-27,44.2000,44.8900,43.3080,43.4100
2015-04-28,43.5300,43.9200,42.2300,43.0000
2015-04-29,42.6600,43.3100,42.2500,42.9600
2015-04-30,42.5600,42.8200,41.0900,41.3000
2015-05-01,43.8400,44.6900,42.8000,43.3100
2015-05-04,43.1800,44.3500,42.8700,43.3300
2015-05-05,42.8100,43.2099,40.4600,40.5400
2015-05-06,40.9000,41.0000,39.4700,40.1000
2015-05-07,40.1200,40.7000,40.0000,40.3400
2015-05-08,41.3000,42.5400,41.2000,41.6900
2015-05-11,41.6500,42.9900,41.6200,41.8800
2015-05-12,41.4000,41.6499,40.3300,41.3000
2015-05-13,41.6300,43.6800,41.1100,43.4600
2015-05-14,42.5000,42.7700,41.6400,42.3900
2015-05-15,42.4100,42.4900,40.8100,41.3700
2015-05-18,40.8500,41.7800,40.8400,41.5700
2015-05-19,41.4200,42.3800,41.4100,41.5300
2015-05-20,42.0700,42.4400,41.6200,42.2700
2015-05-21,42.5000,43.9100,42.2600,43.2200
2015-05-22,43.9700,45.6400,43.8600,45.0700
2015-05-26,45.1700,45.5000,43.8100,45.1600
2015-05-27,44.9400,45.2900,43.8200,45.0100
2015-05-28,45.1000,47.2850,44.8450,46.8200
2015-05-29,46.4500,47.2500,45.5450,46.5700
2015-06-01,47.3000,47.7800,46.6000,47.2600
2015-06-02,47.4000,48.0900,46.7000,47.0100
2015-06-03,47.7200,48.2900,47.0400,47.6900
2015-06-04,49.0700,49.6900,47.6101,47.9500
2015-06-05,49.3100,51.1200,48.4300,51.0300
2015-06-08,51.8200,52.4800,50.1300,50.9000
2015-06-09,51.1000,51.1600,49.7500,50.6450
2015-06-10,51.4300,51.9100,50.4600,51.3150
2015-06-11,51.8700,51.9200,50.7700,51.1600
2015-06-12,51.0000,52.3000,50.4200,51.8000
2015-06-15,51.2100,53.3800,50.9501,53.1200
2015-06-16,53.4700,54.0000,52.5100,53.1600
2015-06-17,53.6700,54.5400,53.5100,54.0800
2015-06-18,54.6600,55.3300,54.2000,54.2300
2015-06-19,54.4300,54.5900,53.3200,53.6500
2015-06-22,52.8300,52.9400,51.5000,52.4300
2015-06-23,52.6400,53.0100,52.3100,52.8300
2015-06-24,51.5200,51.9400,50.5600,50.9500
2015-06-25,51.6600,51.9000,50.9700,51.6100
2015-06-26,50.8000,50.8100,48.3700,48.8600
2015-06-29,47.2200,48.8500,46.5300,47.7800
2015-06-30,48.2500,48.9695,48.1800,48.9100
2015-07-01,49.5900,49.9000,48.3000,48.5100
2015-07-02,48.8300,49.0400,47.5300,48.1900
2015-07-06,47.0000,49.1800,47.0000,48.0100
2015-07-07,48.4700,48.4700,45.3500,47.6500
2015-07-08,46.7300,48.6000,46.4500,47.5600
2015-07-09,48.7800,49.7300,48.5700,48.9100
2015-07-10,49.0800,50.0000,48.3075,49.6900
2015-07-13,50.6800,50.9400,49.3000,49.6700
2015-07-14,49.7900,50.3000,49.3200,49.6500
2015-07-15,49.6500,49.6500,48.1200,48.5900
2015-07-16,48.4200,48.9000,47.5600,48.2800
2015-07-17,48.5200,49.2500,47.9800,48.0700
2015-07-20,48.0200,48.3899,46.3600,46.4900
2015-07-21,47.0100,47.3400,46.1100,46.6200
2015-07-22,46.8100,47.7500,46.5100,46.6200
2015-07-23,47.7600,50.0800,47.7300,48.7300
2015-07-24,48.0800,48.7000,45.8600,46.7400
2015-07-27,46.2100,47.2000,45.7101,46.3500
2015-07-28,46.4200,46.5700,44.5200,45.6900
2015-07-29,46.1800,47.7500,45.5320,47.5400
2015-07-30,47.8000,47.9500,46.7590,47.7600
2015-07-31,44.9100,45.7200,43.5000,44.4900
2015-08-03,44.4500,44.5300,42.5200,43.1800
2015-08-04,43.1100,43.7200,42.7000,43.4500
2015-08-05,43.5900,45.7100,43.5900,44.5600
2015-08-06,44.2700,44.9500,42.2701,43.2800
2015-08-07,43.3800,43.6399,42.6600,43.5800
2015-08-10,43.7500,44.8600,43.7200,44.5700
2015-08-11,43.9300,44.9250,43.2500,43.9600
2015-08-12,43.2900,43.9500,41.7700,42.7200
2015-08-13,43.0900,43.4500,42.2750,43.0100
2015-08-14,43.0200,43.3500,42.5300,43.0100
2015-08-17,42.5600,43.6700,42.5100,43.6500
2015-08-18,44.5500,44.6700,43.0600,43.2500
2015-08-19,43.1500,44.1000,42.8100,43.4600
2015-08-20,42.9700,43.3500,39.6800,39.8000
2015-08-21,37.9400,38.6800,36.2500,36.5800
2015-08-24,31.8900,38.2500,30.1500,36.0200
2015-08-25,38.8800,39.0699,36.5200,36.5500
2015-08-26,37.7300,38.3500,36.4000,38.1500
2015-08-27,39.0100,40.0100,38.1200,39.0900
2015-08-28,38.6200,39.5900,38.2800,39.1900
2015-08-31,39.0200,39.1500,37.6600,37.7800
2015-09-01,36.5600,37.9100,36.3100,36.7400
2015-09-02,37.3400,37.5300,36.2800,37.4700
2015-09-03,37.9900,38.5500,36.5800,36.8600
2015-09-04,36.2800,38.2000,36.1000,36.4800
2015-09-08,37.2600,38.5000,37.2600,38.4700
2015-09-09,39.0600,39.4000,37.7600,38.2900
2015-09-10,38.4900,38.6300,36.5400,38.1100
2015-09-11,37.7500,38.1300,36.8000,37.4300
2015-09-14,37.2800,37.6900,36.6500,36.7600
2015-09-15,36.5100,37.0399,36.3100,36.8700
2015-09-16,36.8300,36.9800,36.1317,36.8500
2015-09-17,36.6600,37.7400,36.5740,37.1400
2015-09-18,36.6600,38.2800,36.6500,37.8100
2015-09-21,37.9000,38.6900,36.7100,36.9900
2015-09-22,36.2000,36.8900,35.0600,35.3100
2015-09-23,35.1700,35.2900,33.2500,33.5900
2015-09-24,33.0500,33.6800,31.9500,33.6000
2015-09-25,34.0700,34.5000,32.0200,32.6300
2015-09-28,32.2700,32.5200,31.2100,31.5100
2015-09-29,31.4500,32.4900,30.4260,31.2300
2015-09-30,31.7500,32.0800,30.6200,31.8200
2015-10-01,31.9900,33.1500,31.6301,32.6900
2015-10-02,31.7800,33.0800,31.7800,33.0600
2015-10-05,31.9000,32.1000,30.3500,31.8800
2015-10-06,31.6000,32.2000,30.4000,31.1800
2015-10-07,31.5000,32.4200,31.0900,32.1200
2015-10-08,31.9500,31.9900,30.7980,31.5000
2015-10-09,31.5700,32.0500,30.8600,31.8900
2015-10-12,31.7700,31.8100,30.8800,31.0000
2015-10-13,31.0000,31.5900,30.6000,30.7800
2015-10-14,30.5800,30.7300,28.6000,28.7600
2015-10-15,28.8300,29.9600,28.1200,29.9200
2015-10-16,30.3900,31.3810,30.0300,31.0000
2015-10-19,31.0900,31.7400,30.5100,31.1200
2015-10-20,31.1200,31.2500,29.8500,30.2900
2015-10-21,30.2400,30.3000,28.6000,28.7600
2015-10-22,29.2600,29.7300,28.8000,29.3700
2015-10-23,28.5000,28.7491,26.7300,27.2300
2015-10-26,27.2300,28.6500,27.2000,28.1000
2015-10-27,27.8800,28.0200,26.9300,27.2100
2015-10-28,27.2400,28.6700,27.0600,28.6400
2015-10-29,28.1200,28.3000,26.8800,26.9000
2015-10-30,27.1000,27.3400,26.1100,26.1500
2015-11-02,26.1700,27.7450,26.0300,27.5400
2015-11-03,28.4500,29.4000,28.2200,28.9300
2015-11-04,29.3700,29.4100,28.1700,29.1200
2015-11-05,23.7800,24.0900,21.7500,22.4600
2015-11-06,22.2600,23.9600,22.0400,23.8300
2015-11-09,23.6300,24.1600,23.2500,23.7600
2015-11-10,23.5900,23.7000,22.7200,23.2400
2015-11-11,23.0800,23.1900,21.6700,21.9400
2015-11-12,21.7300,22.9400,21.7000,22.2300
2015-11-13,22.2000,22.8900,22.0400,22.2500
2015-11-16,22.0800,22.6800,22.0400,22.4700
2015-11-17,22.3500,22.4801,21.4800,21.5900
2015-11-18,21.7200,22.7200,21.7101,22.6900
2015-11-19,22.6500,23.2300,22.2700,22.9200
2015-11-20,22.9300,23.8200,22.9300,23.4800
2015-11-23,23.8000,23.8000,23.1100,23.2200
2015-11-24,23.0900,23.2800,22.6300,22.8600
2015-11-25,22.9900,23.5000,22.9100,23.2700
2015-11-27,23.2200,23.7335,23.0500,23.5900
2015-11-30,23.6000,23.6200,22.6500,22.8800
2015-12-01,22.9000,22.9350,22.1600,22.6800
2015-12-02,22.5400,22.6540,21.9350,22.1400
2015-12-03,22.3600,22.6800,21.3800,21.5600
2015-12-04,21.6200,21.8000,21.0100,21.0500
2015-12-07,21.0800,21.0900,19.7600,20.1900
2015-12-08,20.9200,21.9701,20.5800,21.5400
2015-12-09,21.5000,22.3600,21.3700,21.7600
2015-12-10,21.9600,22.7100,21.6200,22.3600
2015-12-11,22.0000,22.0000,20.9300,21.0500
2015-12-14,21.1500,21.2750,19.9200,20.5500
2015-12-15,21.1100,21.8600,20.8201,21.2200
2015-12-16,21.3200,21.8300,21.0000,21.7700
2015-12-17,21.8900,22.0850,21.1300,21.1500
2015-12-18,20.9900,21.8400,20.8900,21.5500
2015-12-21,21.7700,21.7900,21.0900,21.2600
2015-12-22,21.2800,21.3800,20.9150,21.2400
2015-12-23,21.3000,22.0440,21.2400,21.8000
2015-12-24,21.7200,21.9600,21.5300,21.5800
2015-12-28,21.4000,21.7500,21.1400,21.3200
2015-12-29,21.4700,21.4900,20.8400,21.0400
2015-12-30,20.9500,21.6597,20.9400,20.9700
2015-12-31,20.8300,21.0700,20.6200,20.7400
2016-01-04,20.4100,22.0750,20.2800,21.8700
2016-01-05,22.2900,22.4800,21.5600,21.6400
2016-01-06,21.2900,21.4600,20.3410,20.5300
2016-01-07,20.0100,20.1500,18.8000,19.0100
2016-01-08,19.3900,19.4200,18.2750,18.3200
2016-01-11,18.5500,18.5500,16.3900,17.3800
2016-01-12,17.7600,18.2600,16.5200,16.8500
2016-01-13,17.7100,18.6300,16.5200,16.6400
2016-01-14,16.7400,16.9999,15.3800,16.7000
2016-01-15,16.0600,16.5100,15.3900,16.3400
2016-01-19,16.4900,16.6540,14.8200,15.2300
2016-01-20,14.4100,14.9700,13.2800,14.8700
2016-01-21,15.9200,15.9800,14.4900,14.7900
2016-01-22,15.2266,16.1000,14.9000,16.0300
2016-01-25,15.8500,15.9000,14.7600,14.7900
2016-01-26,14.8200,14.9989,14.4100,14.7400
2016-01-27,14.5700,14.7300,14.0600,14.1700
2016-01-28,14.3900,14.5900,13.3200,13.7700
2016-01-29,14.0900,14.3300,13.6100,14.0900
2016-02-01,13.8600,14.5000,13.5800,14.4100
2016-02-02,14.2600,14.9000,13.7100,13.9300
2016-02-03,14.0100,14.2600,13.3300,14.1800
2016-02-04,14.1200,14.7650,13.9900,14.7100
2016-02-05,14.4400,14.5400,13.0400,13.2100
2016-02-08,12.6900,12.9300,11.8550,11.9600
2016-02-09,11.7400,12.6000,11.5300,12.0200
2016-02-10,12.4700,13.1700,12.1300,12.4700
2016-02-11,12.1600,12.7500,11.9100,12.4100
2016-02-12,12.6000,12.6700,11.3500,12.0000
2016-02-16,11.8300,13.5800,11.6100,13.2100
2016-02-17,13.3900,13.9400,13.1600,13.8000
2016-02-18,14.0200,14.0700,13.1000,13.4700
2016-02-19,13.3700,14.1000,13.2600,13.8900
2016-02-22,14.1200,15.4800,14.1200,15.2000
2016-02-23,15.1000,15.3200,14.6100,15.1100
2016-02-24,14.7400,15.5999,14.4300,15.4100
2016-02-25,15.8000,16.0800,14.9000,15.7800
2016-02-26,16.1400,16.5700,15.8500,16.4600
2016-02-29,16.5300,17.1699,16.0300,16.9400
2016-03-01,17.3900,17.7300,16.9700,17.6700
2016-03-02,17.3900,17.8900,17.2800,17.7500
2016-03-03,17.5700,18.4000,17.5200,18.2000
2016-03-04,18.2800,19.1400,17.8100,18.2500
2016-03-07,18.2000,19.1900,18.1000,18.6900
2016-03-08,18.5000,18.6900,17.7600,17.8400
2016-03-09,18.9400,19.6300,17.9100,18.0300
2016-03-10,18.3700,18.3700,17.0400,17.4700
2016-03-11,17.7400,18.4067,17.6300,18.2700
2016-03-14,18.0800,18.2600,17.6700,17.9900
2016-03-15,17.7000,17.9200,17.0500,17.2000
2016-03-16,17.0500,17.6290,16.8600,17.5800
2016-03-17,17.6100,18.2100,17.3000,17.9600
2016-03-18,18.0100,18.6800,17.9600,18.3600
2016-03-21,18.4100,19.1700,18.3800,18.7600
2016-03-22,18.6600,18.8100,18.4200,18.5600
2016-03-23,18.3600,18.5800,17.6700,17.8100
2016-03-24,17.5000,17.8600,17.2500,17.8000
2016-03-28,17.8200,17.8500,17.2000,17.5200
2016-03-29,17.4000,17.9500,17.1800,17.9100
2016-03-30,18.0100,18.2500,17.5800,17.9100
2016-03-31,17.8400,18.1400,17.6100,17.9900
2016-04-01,17.7500,17.7600,17.3000,17.6900
2016-04-04,17.5400,18.1800,17.4700,17.7300
2016-04-05,17.4900,17.8600,17.3923,17.4600
2016-04-06,17.5500,18.2300,17.4300,18.2100
2016-04-07,18.0000,18.3800,17.7200,17.8800
2016-04-08,18.1500,18.1500,17.3500,17.4600
2016-04-11,17.5900,17.9700,17.2801,17.3900
2016-04-12,17.3400,17.4700,16.9700,17.1700
2016-04-13,17.4000,18.3900,17.3300,18.3400
2016-04-14,18.2800,18.5000,17.6800,18.3300
2016-04-15,18.2500,18.3500,17.8500,17.9400
2016-04-18,17.7300,17.9000,17.5900,17.6000
2016-04-19,17.6900,17.7700,16.9636,17.2900
2016-04-20,17.1800,17.2800,16.6600,16.8100
2016-04-21,16.8300,17.1300,16.7900,16.8500
2016-04-22,17.0900,18.2400,17.0200,17.9450
2016-04-25,17.8300,18.6500,17.8100,18.0600
2016-04-26,18.0700,18.3000,17.9100,18.0300
2016-04-27,18.2500,18.7300,18.1100,18.2700
2016-04-28,18.2000,18.5500,17.7000,17.7400
2016-04-29,17.8000,17.8500,17.0900,17.3500
2016-05-02,17.4100,17.7000,16.8300,17.2400
2016-05-03,16.9200,17.1525,16.5100,16.6800
2016-05-04,16.5000,16.7673,16.0100,16.1900
2016-05-05,16.2800,16.4099,15.8500,15.9800
2016-05-06,14.0000,14.4900,12.8000,12.9450
2016-05-09,13.0500,13.1000,12.5275,12.8300
2016-05-10,12.9000,13.5350,12.6500,13.3900
2016-05-11,13.5200,13.6600,13.2500,13.2500
2016-05-12,13.3900,13.4504,12.4700,12.6600
2016-05-13,12.7200,12.9900,12.5200,12.7800
2016-05-16,12.3800,13.2700,12.3800,13.1200
2016-05-17,13.0100,13.7400,13.0100,13.3900
2016-05-18,13.3100,13.6800,13.2300,13.5100
2016-05-19,13.4400,14.0800,13.1900,13.4100
2016-05-20,13.2900,13.9500,13.0800,13.7900
2016-05-23,13.8500,14.5000,13.8100,14.2500
2016-05-24,14.3800,15.5900,14.2500,15.3900
2016-05-25,15.7400,16.1300,15.2706,15.5400
2016-05-26,15.6200,15.8700,15.4000,15.7600
2016-05-27,15.5000,16.2300,15.1500,15.8600
2016-05-31,15.9600,16.1400,15.7100,15.9200
2016-06-01,15.7800,16.2300,15.4700,16.2000
2016-06-02,16.0400,16.9600,16.0300,16.8900
2016-06-03,16.7500,17.0900,16.5000,16.8900
2016-06-06,16.9100,17.2900,16.7500,17.1000
2016-06-07,17.0600,17.2900,16.8500,17.1200
2016-06-08,17.1700,17.2500,16.6400,16.8100
2016-06-09,16.6800,17.1000,16.4000,16.5800
2016-06-10,16.3400,16.3900,15.7600,15.8100
2016-06-13,15.5900,16.4000,15.3800,15.6400
2016-06-14,15.5200,15.8000,15.2850,15.4300
2016-06-15,15.4600,16.6100,15.4200,16.0500
2016-06-16,16.2300,16.8450,15.7600,16.7400
2016-06-17,16.8700,17.0490,16.7000,16.8500
2016-06-20,17.0700,17.3500,16.9500,16.9800
2016-06-21,17.1600,17.3200,16.6200,16.7800
2016-06-22,16.7500,16.7800,16.2100,16.2900
2016-06-23,16.4300,16.9100,16.2600,16.8800
2016-06-24,16.0400,16.3000,15.3600,15.5600
2016-06-27,15.3600,15.5100,14.5600,14.6500
2016-06-28,15.1900,15.6200,14.9600,15.1400
2016-06-29,15.3300,16.0200,15.1500,15.8800
2016-06-30,16.0000,17.0700,15.3900,16.4700
2016-07-01,16.3900,16.9550,16.2500,16.4000
2016-07-05,16.1400,16.2528,15.5600,15.9400
2016-07-06,15.7800,16.3400,15.6500,16.0100
2016-07-07,16.0800,16.3400,15.9700,16.0000
2016-07-08,16.2000,16.4700,15.9200,16.4200
2016-07-11,16.5500,16.8000,16.2900,16.3100
2016-07-12,16.0600,16.8900,15.8600,16.7100
2016-07-13,16.8900,17.2500,16.4800,16.8300
2016-07-14,17.0200,17.0700,16.4700,16.5500
2016-07-15,16.6400,16.6530,16.1600,16.2600
2016-07-18,16.2300,16.5500,16.1800,16.4600
2016-07-19,16.5300,16.6500,16.3300,16.3900
2016-07-20,16.4200,16.4900,16.1300,16.3700
2016-07-21,16.3300,16.6500,16.0100,16.0700
2016-07-22,16.1800,16.4400,15.9610,16.2800
2016-07-25,16.2400,16.5900,16.0200,16.5300
2016-07-26,16.4000,16.9000,16.3400,16.6200
2016-07-27,16.7500,16.9200,16.4800,16.4900
2016-07-28,16.6000,18.4200,16.4000,18.0900
2016-07-29,17.6200,17.9000,17.0800,17.4200
2016-08-01,17.5300,17.7500,16.8700,16.9600
2016-08-02,16.8600,17.6950,16.8200,17.6000
2016-08-03,17.5600,17.7010,17.2300,17.2700
2016-08-04,17.3000,17.4600,16.6500,16.7500
2016-08-05,13.9300,14.8200,13.8000,14.7300
2016-08-08,14.5300,14.8200,14.0610,14.4200
2016-08-09,14.2000,14.4150,14.0600,14.3400
2016-08-10,14.2200,14.3000,13.8000,13.9100
2016-08-11,13.9200,14.6400,13.9100,14.4600
2016-08-12,14.6300,14.6500,14.1600,14.3600
2016-08-15,14.4100,14.7300,14.2800,14.5300
2016-08-16,14.1900,14.7400,14.1800,14.6400
2016-08-17,14.6700,14.7200,14.2300,14.4100
2016-08-18,14.5900,14.9900,14.3600,14.8500
2016-08-19,14.7400,15.7500,14.6400,15.4400
2016-08-22,15.3700,15.4300,15.0000,15.2400
2016-08-23,15.4200,15.7200,15.3500,15.4200
2016-08-24,15.5200,15.5500,14.8500,14.9400
2016-08-25,15.0300,15.1600,14.7900,14.9200
2016-08-26,15.0000,15.0100,14.4100,14.5600
2016-08-29,14.6200,14.7750,14.3500,14.5800
2016-08-30,14.6600,14.7300,14.2177,14.3700
2016-08-31,14.2700,14.6200,14.1000,14.3600
2016-09-01,14.4300,15.5400,14.3600,15.1900
2016-09-02,15.1400,15.4400,14.9900,15.2300
2016-09-06,15.2400,15.6700,15.2100,15.6500
2016-09-07,15.7000,16.3900,15.5800,15.6300
2016-09-08,15.5100,15.5900,15.1600,15.2300
2016-09-09,15.2200,15.2200,14.5000,14.6100
2016-09-12,14.4200,14.8300,14.3600,14.6400
2016-09-13,14.3900,14.7200,14.1600,14.4100
2016-09-14,14.4700,14.6500,13.8400,14.0200
2016-09-15,14.0400,14.2100,13.9500,14.0800
2016-09-16,14.0100,14.2250,13.8800,14.0200
2016-09-19,14.0800,14.1710,13.3800,13.5800
2016-09-20,13.6500,13.8400,13.5100,13.5500
2016-09-21,13.6700,13.9400,13.5500,13.8100
2016-09-22,13.9300,14.5600,13.8500,14.4900
2016-09-23,14.8700,14.9000,14.2900,14.3700
2016-09-26,14.2000,14.4900,14.0300,14.4800
2016-09-27,14.4700,14.9100,14.4700,14.7800
2016-09-28,14.8700,15.0299,14.6500,14.8600
2016-09-29,14.8500,14.8999,14.3200,14.4900
2016-09-30,14.5900,14.7900,14.3800,14.7300
2016-10-03,14.5800,14.8400,14.4500,14.6800
2016-10-04,14.6800,14.7567,14.4500,14.4900
2016-10-05,14.5000,15.0300,14.4701,14.6900
2016-10-06,14.7500,14.7500,13.6801,13.8300
2016-10-07,13.8500,14.1400,13.6100,13.6900
2016-10-10,13.7400,13.9300,13.7200,13.7600
2016-10-11,13.7400,13.7400,13.2600,13.3000
2016-10-12,12.9400,13.3000,12.8300,13.1100
2016-10-13,12.9500,13.0200,12.6800,12.8700
2016-10-14,12.9800,13.2200,12.7500,12.7500
2016-10-17,12.6700,12.7300,12.2900,12.3800
2016-10-18,12.5800,12.5800,12.3500,12.5300
2016-10-19,12.4800,12.6600,12.3100,12.3700
2016-10-20,12.3600,12.4000,12.2400,12.2800
2016-10-21,12.3400,12.7400,12.1100,12.6400
2016-10-24,12.5500,12.6900,12.2400,12.3300
2016-10-25,12.3500,12.3600,12.0500,12.0700
2016-10-26,12.0000,12.3700,11.8200,11.9000
2016-10-27,12.0000,12.1000,11.5700,11.6000
2016-10-28,11.5900,11.9300,11.3700,11.5300
2016-10-31,11.5300,11.7200,11.5300,11.6200
2016-11-01,11.6300,12.0300,11.6200,11.9100
2016-11-02,11.8100,11.8900,11.3100,11.3200
2016-11-03,11.3800,11.4800,10.8700,11.0100
2016-11-04,12.7400,12.9700,12.3250,12.3400
2016-11-07,12.6100,13.9000,12.4800,13.6200
2016-11-08,13.3400,13.8300,13.2800,13.5600
2016-11-09,13.3200,13.7800,13.3000,13.5500
2016-11-10,13.7800,14.6800,13.7500,14.1900
2016-11-11,14.1700,14.5500,13.8800,14.4000
2016-11-14,14.4500,14.5800,13.8600,14.0800
2016-11-15,14.0700,14.5800,14.0200,14.1200
2016-11-16,13.7600,13.8600,13.5300,13.6200
2016-11-17,13.5600,13.8700,13.3200,13.7800
2016-11-18,13.7200,13.9500,13.6200,13.6300
2016-11-21,13.6600,13.9700,13.6400,13.8700
2016-11-22,13.1300,13.3000,12.8700,13.1100
2016-11-23,13.1000,13.4100,12.9000,13.3500
2016-11-25,13.4800,13.4900,13.1400,13.2500
2016-11-28,13.2700,13.3600,12.7700,12.9200
2016-11-29,12.8700,13.0400,12.8000,12.8200
2016-11-30,12.8500,13.0800,12.6700,12.8400
2016-12-01,12.8500,13.0300,12.3100,12.3800
2016-12-02,12.3000,12.5600,12.1500,12.5600
2016-12-05,12.6200,13.1750,12.6200,13.0000
2016-12-06,12.9600,13.2500,12.7700,13.2000
2016-12-07,13.2200,13.6800,13.1800,13.6100
2016-12-08,13.6700,14.0500,13.5500,13.8400
2016-12-09,13.8400,14.0000,13.5600,13.6900
2016-12-12,13.6000,13.6900,13.1600,13.3200
2016-12-13,13.3600,13.5200,13.2200,13.3200
2016-12-14,13.3200,13.4500,13.0631,13.0700
2016-12-15,13.2700,13.3197,13.0600,13.1800
2016-12-16,13.3700,13.4000,13.0000,13.2100
2016-12-19,13.2200,13.4800,13.0900,13.2900
2016-12-20,13.2800,13.4200,12.9000,12.9800
2016-12-21,13.0000,13.0000,12.3100,12.5400
2016-12-22,12.5300,12.5550,12.0500,12.1500
2016-12-23,12.0800,12.2700,12.0500,12.2100
2016-12-27,12.2500,12.6200,12.2001,12.3850
2016-12-28,12.4300,12.4500,11.8800,11.9500
2016-12-29,11.8800,11.9100,11.5500,11.8200
2016-12-30,11.8200,11.9800,11.6500,11.9000
2017-01-03,11.6700,12.4400,11.5800,12.3000
2017-01-04,12.3300,12.7300,12.1600,12.6700
2017-01-05,12.6700,13.1545,12.5100,12.5900
2017-01-06,12.6100,12.7100,12.4200,12.5400
2017-01-09,12.5700,12.7300,12.4000,12.6900
2017-01-10,12.8300,13.1500,12.6208,12.9000
2017-01-11,12.9900,13.3000,12.7500,12.9700
2017-01-12,12.9600,13.0200,12.5900,12.9400
2017-01-13,13.0600,13.4700,12.9400,13.4400
2017-01-17,13.5600,13.6400,13.1150,13.1600
2017-01-18,13.2000,13.2500,12.9500,13.0600
2017-01-19,13.1600,13.4900,13.0600,13.1200
2017-01-20,13.1900,13.2330,12.9524,13.0400
2017-01-23,13.0000,13.3000,12.9000,12.9500
2017-01-24,13.0200,13.1200,12.5900,12.7700
2017-01-25,12.9300,13.2200,12.8300,13.0200
2017-01-26,13.1900,13.2200,12.7400,12.8200
2017-01-27,12.9300,12.9500,12.5900,12.6000
2017-01-30,12.7900,12.9900,12.5200,12.9600
2017-01-31,12.9400,13.6600,12.8000,13.5500
2017-02-01,13.6100,13.7400,12.9200,13.1500
2017-02-02,13.2400,13.2600,12.9500,12.9700
2017-02-03,10.7900,11.1500,10.6000,10.9300
2017-02-06,10.9000,11.1500,10.8200,10.8500
2017-02-07,10.9600,11.1500,10.9000,11.1100
2017-02-08,11.1100,11.1600,10.9657,11.0100
2017-02-09,11.2100,11.4100,11.0298,11.2600
2017-02-10,11.2800,11.4700,11.1900,11.4600
2017-02-13,11.7500,11.7900,11.4200,11.7600
2017-02-14,11.7400,12.0500,11.5600,11.8900
2017-02-15,11.8600,11.9500,11.7100,11.7300
2017-02-16,11.8500,11.8500,11.2400,11.3500
2017-02-17,11.3600,11.8700,11.2400,11.8300
2017-02-21,11.8700,12.0000,11.7500,11.8000
2017-02-22,11.8300,11.8500,11.2000,11.2300
2017-02-23,11.3300,11.9900,11.1800,11.3100
2017-02-24,11.2700,11.2700,11.1407,11.2400
2017-02-27,11.4600,11.5100,11.2260,11.5000
2017-02-28,11.4300,11.4372,11.2000,11.2600
2017-03-01,11.3100,11.3400,10.9500,11.0800
2017-03-02,11.0000,11.1900,10.9800,11.0000
2017-03-03,11.1400,11.2000,10.9100,11.0600
2017-03-06,11.0600,11.0900,10.7800,10.8500
2017-03-07,10.7700,10.8500,10.5600,10.6200
2017-03-08,10.6100,10.8300,10.5700,10.6000
2017-03-09,10.5900,10.6500,10.3500,10.4400
2017-03-10,10.4800,10.7200,10.4700,10.6500
2017-03-13,10.6100,10.9450,10.5900,10.7600
2017-03-14,10.7000,10.8000,10.3750,10.4000
2017-03-15,10.4300,10.7100,10.3870,10.6800
2017-03-16,10.7500,10.8400,10.6350,10.8000
2017-03-17,10.7500,10.7800,10.5550,10.7300
2017-03-20,11.4300,11.9700,11.4200,11.6100
2017-03-21,11.6600,11.8000,11.2800,11.4400
2017-03-22,11.4600,11.5200,11.1800,11.4900
2017-03-23,12.4600,12.7250,12.1500,12.1900
2017-03-24,12.3300,12.4400,12.1115,12.2800
2017-03-27,12.1900,12.4200,12.1450,12.3300
2017-03-28,12.3700,12.6800,12.3600,12.5100
2017-03-29,12.7000,12.8000,12.4900,12.7600
2017-03-30,12.9300,12.9400,12.5950,12.8200
2017-03-31,12.8700,12.8800,12.6000,12.6100
2017-04-03,12.6100,12.8000,12.4266,12.4900
2017-04-04,12.5400,12.5600,12.3400,12.3600
2017-04-05,12.3900,12.4850,12.1850,12.2300
2017-04-06,12.3100,12.3800,12.1500,12.3600
2017-04-07,12.3700,12.4561,12.2500,12.3900
2017-04-10,12.5000,12.5000,12.2900,12.3200
2017-04-11,12.3600,12.3600,11.9106,12.1300
2017-04-12,12.1800,12.2416,12.0000,12.0400
2017-04-13,11.9600,12.1300,11.8200,12.0000
2017-04-17,12.2400,12.3900,12.1800,12.3000
2017-04-18,12.2600,12.4100,12.1000,12.4000
2017-04-19,12.4400,12.5000,12.1700,12.1900
2017-04-20,12.3000,12.3000,12.0600,12.1500
2017-04-21,12.3200,12.4200,12.1200,12.3300
2017-04-24,12.5000,12.5400,12.3600,12.4500
2017-04-25,12.4800,12.7500,12.4800,12.6600
2017-04-26,12.7600,12.8200,12.5600,12.5600
2017-04-27,12.7600,12.7600,12.3700,12.4500
2017-04-28,12.4800,12.5600,12.3050,12.5100
2017-05-01,12.5500,12.5900,12.3500,12.4800
2017-05-02,12.4500,12.4700,12.0400,12.2100
2017-05-03,14.0000,14.5200,13.6200,13.7800
2017-05-04,13.9100,14.4000,13.8500,14.2800
2017-05-05,14.3300,14.8900,14.2500,14.8200
2017-05-08,14.6500,14.7200,14.3400,14.5400
2017-05-09,14.6900,14.6900,14.2600,14.4900
2017-05-10,14.6000,14.8800,14.4500,14.8500
2017-05-11,14.9500,14.9500,14.3700,14.4500
2017-05-12,14.5100,14.8150,14.2950,14.7900
2017-05-15,15.6000,16.2500,15.3700,15.9000
2017-05-16,16.1300,16.1600,15.5150,15.6500
2017-05-17,15.5500,15.5500,14.8900,14.9900
2017-05-18,15.1100,15.3200,14.9000,15.1600
2017-05-19,15.2800,15.3800,14.8400,14.9400
2017-05-22,15.0000,15.3000,14.8800,15.2500
2017-05-23,15.3400,15.4300,15.1750,15.2500
2017-05-24,15.3500,15.4000,14.9250,15.0600
2017-05-25,15.2000,15.2100,14.7200,14.7400
2017-05-26,14.6400,14.9300,14.5810,14.8600
2017-05-30,15.3100,15.4000,14.9400,14.9600
2017-05-31,14.9500,15.0400,14.7100,14.9900
2017-06-01,15.2650,15.4700,15.1500,15.3700
2017-06-02,15.3800,15.5000,15.2400,15.4100
2017-06-05,15.4400,15.5900,15.3500,15.4700
2017-06-06,15.5000,16.1500,15.4100,15.7900
2017-06-07,15.9400,15.9500,15.2607,15.5400
2017-06-08,15.5600,15.9200,15.5100,15.8200
2017-06-09,15.9700,15.9860,14.9200,15.2600
2017-06-12,15.1000,15.2000,14.5599,14.9900
2017-06-13,15.1200,15.2100,14.8700,15.1300
2017-06-14,15.2600,15.2620,14.9300,15.1700
2017-06-15,14.9800,15.0550,14.7400,14.9900
2017-06-16,15.0300,15.1700,14.8900,15.1300
2017-06-19,15.1900,15.2400,14.9550,15.1800
2017-06-20,15.2100,15.3000,15.0700,15.0900
2017-06-21,15.1500,15.3850,14.8800,15.0100
2017-06-22,15.1200,15.7550,15.0750,15.5900
2017-06-23,15.6600,15.7200,15.4100,15.6700
2017-06-26,15.8500,15.8500,15.5600,15.6700
2017-06-27,15.7100,16.1300,15.3100,15.4100
2017-06-28,15.5500,15.8900,15.4200,15.7400
2017-06-29,15.9600,16.1200,15.1700,15.4800
2017-06-30,15.4300,15.5200,15.2000,15.2100
2017-07-03,15.2200,15.4000,14.9400,14.9850
2017-07-05,15.0700,15.1800,14.9100,14.9600
2017-07-06,14.9000,14.9800,14.6700,14.7200
2017-07-07,14.8800,15.4200,14.8800,15.3800
2017-07-10,15.4200,15.6000,15.3300,15.4300
2017-07-11,15.4700,15.5000,15.2400,15.3600
2017-07-12,15.4900,15.7200,15.4600,15.4900
2017-07-13,15.5500,15.6000,15.3799,15.5000
2017-07-14,15.0100,15.5000,14.8400,15.4900
2017-07-17,15.4400,15.6100,15.3600,15.5000
2017-07-18,15.5000,15.6200,15.2500,15.6200
2017-07-19,15.7100,16.3950,15.6000,15.9300
2017-07-20,15.8000,16.0800,15.5600,15.8600
2017-07-21,15.9300,15.9300,15.6200,15.7600
2017-07-24,15.7900,15.9900,15.5600,15.9500
2017-07-25,15.9800,16.3550,15.8900,16.0800
2017-07-26,16.1500,16.1500,15.7400,15.8600
2017-07-27,15.9500,15.9900,15.1300,15.5300
2017-07-28,15.7800,15.7800,15.2000,15.2800
2017-07-31,15.0000,15.0700,14.5300,14.6300
2017-08-01,14.6700,14.7800,14.4200,14.6900
2017-08-02,15.7300,15.9600,14.3300,14.8000
2017-08-03,14.7700,14.7800,14.2000,14.5200
2017-08-04,14.5300,14.5300,14.3100,14.3600
2017-08-07,14.3600,14.4000,14.0200,14.3900
2017-08-08,14.3300,14.4300,14.1000,14.1400
2017-08-09,14.1200,14.2400,13.8500,14.2100
2017-08-10,14.0600,14.1700,13.8000,13.8900
2017-08-11,13.8700,14.1200,13.8600,14.0100
2017-08-14,14.1000,14.3550,14.0500,14.2000
2017-08-15,14.2100,14.2200,13.9000,13.9100
2017-08-16,13.8900,14.1400,13.8600,14.0600
2017-08-17,14.0100,14.1100,13.8939,13.9900
2017-08-18,14.0000,14.1000,13.7600,13.9800
2017-08-21,13.9700,14.0600,13.7400,13.7700
2017-08-22,13.8500,14.4000,13.8500,14.2700
2017-08-23,14.1400,14.4400,14.0579,14.4000
2017-08-24,14.5200,14.7300,14.4300,14.4800
2017-08-25,14.5600,14.6600,14.4050,14.5000
2017-08-28,14.5100,14.5500,14.3400,14.4600
2017-08-29,14.2900,14.6000,14.1800,14.5200
2017-08-30,14.5300,14.7300,14.4500,14.7100
2017-08-31,14.7300,14.8400,14.7300,14.7700
2017-09-01,14.9200,15.0500,14.8600,14.8900
2017-09-05,14.8000,14.9200,14.6050,14.7700
2017-09-06,14.8500,14.9400,14.7400,14.7800
2017-09-07,15.5000,15.9600,15.4530,15.7700
2017-09-08,16.0200,16.1300,15.8300,16.0100
2017-09-11,16.3400,16.6150,16.1650,16.4100
2017-09-12,16.4800,16.6800,16.2900,16.5100
2017-09-13,16.5400,17.1000,16.4400,16.8900
2017-09-14,16.7900,17.1600,16.7500,17.0300
2017-09-15,16.9600,17.3400,16.9100,17.3400
2017-09-18,17.4100,17.5100,17.1250,17.1800
2017-09-19,17.1700,17.2300,17.0500,17.1400
2017-09-20,17.1400,17.1600,16.8300,16.9800
2017-09-21,17.1000,17.1000,16.4000,16.8400
2017-09-22,16.8500,17.0360,16.7600,16.8800
2017-09-25,17.0100,17.0197,16.5900,16.7300
2017-09-26,16.7500,16.8399,16.6900,16.7800
2017-09-27,16.9100,17.1100,16.7900,16.9000
2017-09-28,16.9000,17.0198,16.7500,16.8200
2017-09-29,16.7700,16.9200,16.7400,16.7700
2017-10-02,16.7800,17.3000,16.7800,17.2800
2017-10-03,17.3000,17.7800,17.2301,17.5200
2017-10-04,17.5200,17.6650,17.3500,17.4800
2017-10-05,17.4900,17.9700,17.4900,17.8300
2017-10-06,17.7800,18.0000,17.6700,17.9800
2017-10-09,17.9700,17.9800,17.8200,17.9000
2017-10-10,17.9200,18.0000,17.4900,17.5100
2017-10-11,17.4300,17.5600,17.3700,17.4900
2017-10-12,17.4200,17.5400,17.1800,17.2600
2017-10-13,17.3400,17.4850,17.2100,17.2600
2017-10-16,17.3200,17.4100,16.9700,17.0000
2017-10-17,16.9700,17.0600,16.8150,16.8700
2017-10-18,16.9400,17.0600,16.8300,16.9000
2017-10-19,16.7500,16.8400,16.5100,16.8200
2017-10-20,16.8800,17.0100,16.6200,16.8100
2017-10-23,16.7900,16.8800,16.4400,16.6400
2017-10-24,16.7400,16.7500,16.4100,16.6800
2017-10-25,16.6700,16.8200,16.3300,16.4900
2017-10-26,16.4900,16.6900,16.3000,16.6300
2017-10-27,16.7500,17.0500,16.5900,16.7000
2017-10-30,16.7000,17.0100,16.5900,16.9700
2017-10-31,17.0900,17.2500,16.9200,16.9200
2017-11-01,16.9600,17.0300,16.3100,16.3700
2017-11-02,15.0000,15.1700,14.2100,14.6850
2017-11-03,14.7300,14.8100,14.3350,14.5450
2017-11-06,14.5100,14.7350,14.3900,14.4900
2017-11-07,14.5000,14.7800,14.3600,14.4600
2017-11-08,14.5000,14.7100,14.4600,14.6500
2017-11-09,14.6200,14.6200,14.0770,14.2500
2017-11-10,14.1800,14.3147,14.1204,14.2100
2017-11-13,14.1100,14.1434,13.6900,13.7500
2017-11-14,13.7500,13.8800,13.5900,13.6900
2017-11-15,13.6000,13.7800,13.4000,13.5700
2017-11-16,13.6000,13.6800,13.4500,13.5800
2017-11-17,13.5900,13.8200,13.5100,13.7600
2017-11-20,13.8300,13.9400,13.7800,13.9300
2017-11-21,14.1900,14.2200,13.9300,13.9600
2017-11-22,14.1100,14.2900,14.1100,14.1900
2017-11-24,14.2000,14.3000,14.1900,14.2100
2017-11-27,14.2800,14.3950,14.1100,14.2000
2017-11-28,14.2100,14.3200,14.1000,14.1900
2017-11-29,14.2500,14.2500,13.6200,13.8200
2017-11-30,13.8800,14.2100,13.7550,14.1400
2017-12-01,13.9700,14.2000,13.8000,14.1000
2017-12-04,14.1400,14.2700,13.6600,13.7200
2017-12-05,13.6700,13.9700,13.6600,13.7600
2017-12-06,13.6600,13.9200,13.5199,13.6700
2017-12-07,13.6600,13.9700,13.6500,13.8100
2017-12-08,13.8700,13.9600,13.7800,13.9000
2017-12-11,13.8700,14.2250,13.8600,14.0900
2017-12-12,14.1100,14.2100,13.9300,14.0200
2017-12-13,14.0000,14.1500,13.9100,13.9500
2017-12-14,13.9200,14.3900,13.9200,14.3000
2017-12-15,14.3800,14.6000,14.1900,14.5000
2017-12-18,14.6000,14.7100,14.4400,14.6600
2017-12-19,14.5000,14.7000,14.3900,14.4500
2017-12-20,14.4800,14.4900,14.2000,14.4000
2017-12-21,14.4900,14.5000,14.1600,14.1900
2017-12-22,14.1600,14.2400,14.0150,14.1100
2017-12-26,14.0900,14.5500,13.9132,14.4100
2017-12-27,14.4300,14.4799,14.2100,14.4300
2017-12-28,14.5000,14.5400,14.1150,14.2500
2017-12-29,14.2500,14.2700,14.0900,14.2000
2018-01-02,14.2400,14.6400,14.1800,14.5700
2018-01-03,14.6400,14.8900,14.5900,14.8900
2018-01-04,15.0000,15.4400,14.9300,15.0800
2018-01-05,15.1000,15.3300,14.9500,15.1100
2018-01-08,15.1100,15.2800,14.9900,15.0000
2018-01-09,15.0000,15.0700,14.6300,14.7000
2018-01-10,14.6500,15.0100,14.5400,14.9700
2018-01-11,15.0700,15.1600,14.9200,15.1400
2018-01-12,15.2200,15.6500,15.0300,15.5900
2018-01-16,15.8000,15.9800,14.9600,15.0300
2018-01-17,15.0900,15.1400,14.8200,14.8200
2018-01-18,14.8000,15.1200,14.7800,15.1000
2018-01-19,15.0900,15.3000,14.9250,15.0000
2018-01-22,14.9500,15.0050,14.6250,14.9700
2018-01-23,15.0800,15.3950,15.0000,15.3100
2018-01-24,15.4700,15.6000,15.2400,15.2800
2018-01-25,15.3700,15.4400,15.2200,15.4200
2018-01-26,15.5000,15.8250,15.4300,15.7800
2018-01-29,15.7600,15.7800,15.4200,15.4300
2018-01-30,15.3100,15.3200,14.8100,15.1000
2018-01-31,15.1300,15.3499,15.0300,15.0800
2018-02-01,14.9500,15.2700,14.8121,15.0600
2018-02-02,14.9800,15.0000,14.5200,14.6800
2018-02-05,14.4900,15.0000,13.9400,13.9700
2018-02-06,13.6200,14.3590,13.6000,14.3300
2018-02-07,14.3400,14.5409,14.0300,14.1700
2018-02-08,14.3200,14.5500,13.9800,14.1200
2018-02-09,16.0400,16.2900,13.9700,15.4400
2018-02-12,15.6100,16.0100,15.4600,15.8800
2018-02-13,15.8000,16.5900,15.7600,16.5300
2018-02-14,16.4900,16.9000,16.3000,16.5800
2018-02-15,16.6000,16.7600,16.2700,16.6100
2018-02-16,16.5000,16.5000,16.0300,16.3400
2018-02-20,16.2900,16.5100,16.1600,16.3900
2018-02-21,16.4000,17.0200,16.3900,16.5000
2018-02-22,16.5300,16.6650,16.2650,16.3400
2018-02-23,16.4200,16.6300,16.2682,16.4600
2018-02-26,16.5300,16.9500,16.3700,16.8200
2018-02-27,17.0000,17.1800,16.7000,16.7200
2018-02-28,16.8100,17.0100,16.5550,16.5900
2018-03-01,16.7000,16.9100,16.3900,16.6000
2018-03-02,16.7400,17.2900,16.6300,17.2500
2018-03-05,17.1700,17.8175,17.1001,17.6300
2018-03-06,17.8700,17.9700,17.6800,17.7400
2018-03-07,17.5500,18.2500,17.4600,18.1400
2018-03-08,18.1300,18.2900,17.7400,17.7600
2018-03-09,17.8700,17.9900,17.6900,17.9800
2018-03-12,18.0000,18.0100,17.6300,17.8100
2018-03-13,17.9000,18.0300,17.3422,17.6200
2018-03-14,17.6200,17.8000,17.3500,17.4500
2018-03-15,17.4700,18.7200,17.2500,18.1200
2018-03-16,18.7600,18.8400,17.7500,17.7600
2018-03-19,17.5900,17.8500,17.1700,17.5500
2018-03-20,17.6000,17.7500,17.3300,17.5800
2018-03-21,17.5200,17.9900,17.4200,17.7800
2018-03-22,17.6000,17.7100,17.0500,17.0600
2018-03-23,17.0200,17.3600,16.7900,16.9200
2018-03-26,17.2500,17.5200,17.0500,17.3100
2018-03-27,17.4400,17.5000,16.4000,16.5900
2018-03-28,16.8700,17.1800,16.6500,16.8300
2018-03-29,16.8900,17.0800,16.5900,16.9300
2018-04-02,16.7700,16.9565,16.3800,16.7900
2018-04-03,16.9000,17.0500,16.7100,16.9700
2018-04-04,16.5000,17.5000,16.4300,17.3700
2018-04-05,17.4400,17.7400,17.2800,17.6800
2018-04-06,17.5700,17.8100,17.1500,17.3300
2018-04-09,17.4200,17.5150,17.0900,17.1100
2018-04-10,17.3200,17.4000,16.9950,17.1400
2018-04-11,17.0700,18.3050,17.0575,18.1000
2018-04-12,18.1500,18.7900,18.0000,18.7500
2018-04-13,18.9000,19.0800,18.4000,18.7100
2018-04-16,19.0000,19.3600,18.6600,18.9700
2018-04-17,19.0300,19.1800,18.7000,18.8200
2018-04-18,18.9200,19.1200,18.8300,18.8300
2018-04-19,18.8200,18.9800,18.6800,18.8400
2018-04-20,18.7500,18.9000,18.2150,18.2700
2018-04-23,18.3700,18.7500,18.3400,18.6000
2018-04-24,18.7300,18.8700,18.2200,18.3700
2018-04-25,18.3700,18.4990,17.8000,18.1900
2018-04-26,18.3100,18.5200,18.2000,18.3300
2018-04-27,18.4000,18.5000,17.8300,17.8500
2018-04-30,17.9200,18.1300,17.7100,18.0500
2018-05-01,18.0500,18.4300,17.6600,18.3800
2018-05-02,18.4500,18.7000,18.2000,18.5500
2018-05-03,18.1000,18.4700,16.7100,16.7500
2018-05-04,16.6000,17.3600,16.6000,17.2000
2018-05-07,17.2700,17.7270,17.1000,17.6300
2018-05-08,17.6700,18.1300,17.6100,17.8600
2018-05-09,17.8900,18.1800,17.7300,18.1100
2018-05-10,18.2000,18.2600,18.0500,18.1700
2018-05-11,18.0800,18.1800,17.5700,17.7400
2018-05-14,17.7600,18.0300,17.5400,17.6300
2018-05-15,17.5900,17.8500,17.5000,17.8400
2018-05-16,17.7800,17.7900,17.0895,17.5500
2018-05-17,17.5000,17.7400,17.3700,17.6000
2018-05-18,17.5500,17.8500,17.4608,17.8000
2018-05-21,17.6200,17.7900,17.1600,17.1600
2018-05-22,17.1500,17.2400,16.7200,16.7500
2018-05-23,16.7000,16.8700,16.4800,16.6700
2018-05-24,16.6100,16.9800,16.6000,16.8300
2018-05-25,16.8000,16.8500,16.4800,16.5600
2018-05-29,16.4400,16.7150,16.2700,16.4000
2018-05-30,16.4900,16.7300,16.3700,16.6500
2018-05-31,16.7200,16.8900,16.4600,16.6900
2018-06-01,16.8000,16.8100,16.5300,16.8000
2018-06-04,16.8600,17.1700,16.7600,17.1600
2018-06-05,17.2300,17.5250,17.1000,17.4700
2018-06-06,17.4700,17.5100,17.2600,17.4400
2018-06-07,17.4500,17.5900,16.8300,17.0300
2018-06-08,17.0000,17.1675,16.7800,16.9800
2018-06-11,17.0700,17.2500,17.0300,17.1600
2018-06-12,17.2200,17.4500,17.2200,17.3900
2018-06-13,17.4000,17.4500,17.2400,17.3500
2018-06-14,17.4400,17.7200,17.2300,17.3000
2018-06-15,17.1700,17.2500,16.9600,17.0300
2018-06-18,16.9900,17.0900,16.8300,16.9900
2018-06-19,16.8300,17.0200,16.6800,16.9900
2018-06-20,17.1000,17.4490,16.9100,16.9400
2018-06-21,16.8900,17.0900,16.5150,16.5600
2018-06-22,16.6200,16.6700,15.9300,16.3700
2018-06-25,16.2300,16.2300,15.5000,15.8000
2018-06-26,15.8400,15.9700,15.6200,15.7000
2018-06-27,15.6600,15.7200,15.4500,15.5000
2018-06-28,15.4400,15.5500,15.1000,15.5000
2018-06-29,15.5000,15.5600,15.3100,15.3900
2018-07-02,15.3200,15.7550,15.1200,15.7400
2018-07-03,15.7400,15.8000,15.4200,15.6000
2018-07-05,15.6200,15.7700,15.5000,15.7000
2018-07-06,15.7400,15.9900,15.6700,15.9800
2018-07-09,16.7200,16.8900,16.2600,16.4700
2018-07-10,16.5500,16.7700,16.5100,16.7600
2018-07-11,16.6000,16.9750,16.5600,16.9000
2018-07-12,16.9500,17.4000,16.9100,17.3500
2018-07-13,17.3900,17.4100,17.0500,17.2900
2018-07-16,17.3300,17.3800,16.6350,16.7600
2018-07-17,16.6400,17.0150,16.5500,16.9300
2018-07-18,16.9100,17.0000,16.7000,16.9900
2018-07-19,16.9900,17.1600,16.9271,17.0300
2018-07-20,17.0500,17.0500,16.7700,17.0000
2018-07-23,16.9900,17.0600,16.8200,17.0000
2018-07-24,17.0500,17.0500,16.3200,16.4300
2018-07-25,16.4100,16.6650,16.3500,16.6400
2018-07-26,16.6900,16.7850,16.4800,16.6900
2018-07-27,16.6700,16.7000,15.9800,16.1600
2018-07-30,16.1900,16.2000,15.3800,15.5000
2018-07-31,15.6000,15.7500,15.4150,15.5300
2018-08-01,15.6200,15.7900,15.3100,15.6900
2018-08-02,15.4000,15.4900,14.5100,15.3900
2018-08-03,15.4000,15.4390,14.8400,14.9600
2018-08-06,14.9900,15.2400,14.9500,15.2200
2018-08-07,15.3000,15.4250,15.2050,15.2500
2018-08-08,15.2600,15.4600,15.1000,15.3900
2018-08-09,15.3600,15.4900,15.1600,15.2300
2018-08-10,15.2000,15.2750,15.0000,15.0800
2018-08-13,15.1000,15.1600,14.8000,14.8600
2018-08-14,14.9000,14.9350,14.5700,14.6500
2018-08-15,14.6100,14.6500,14.3000,14.3800
2018-08-16,14.4800,14.5900,14.2700,14.4600
2018-08-17,14.4500,14.4500,14.2000,14.4300
2018-08-20,14.4000,14.4750,14.2500,14.4200
2018-08-21,14.4200,14.7300,14.4200,14.5700
2018-08-22,14.5300,15.0300,14.5300,14.9000
2018-08-23,14.9000,16.3800,14.8200,15.7600
2018-08-24,16.0400,16.3950,15.8000,16.3700
2018-08-27,16.5700,16.5700,15.8800,16.1200
2018-08-28,16.0800,16.2300,16.0000,16.1800
2018-08-29,16.1800,16.5000,16.0700,16.4400
2018-08-30,16.3500,16.4800,16.2300,16.3700
2018-08-31,16.3700,16.7100,16.3000,16.6000
2018-09-04,16.5000,16.5350,16.1800,16.4300
2018-09-05,16.3400,16.3400,15.4400,15.4600
2018-09-06,15.1100,15.4500,15.0100,15.2200
2018-09-07,15.4500,15.8400,15.2700,15.4200
2018-09-10,15.4800,15.6400,15.3400,15.4400
2018-09-11,15.3400,15.8000,15.2644,15.5700
2018-09-12,15.5700,15.9300,15.5000,15.8600
2018-09-13,16.0100,16.3700,15.9900,16.2200
2018-09-14,16.2200,16.7200,16.2100,16.6800
2018-09-17,16.6200,16.6600,15.9900,16.0200
2018-09-18,16.0200,16.5800,15.9800,16.3600
2018-09-19,16.3100,16.6900,16.2300,16.5600
2018-09-20,16.6500,16.6578,16.3142,16.5900
2018-09-21,16.7400,16.9600,16.5300,16.8200
2018-09-24,16.5500,16.8800,16.3900,16.5200
2018-09-25,16.7800,17.2550,16.4800,17.2100
2018-09-26,17.2000,17.2000,16.7290,16.8900
2018-09-27,17.0100,17.0575,16.6350,16.8200
2018-09-28,16.7200,17.1500,16.6600,17.0000
2018-10-01,17.3000,17.3700,16.8500,16.8700
2018-10-02,16.9600,17.0300,16.4900,16.7400
2018-10-03,16.8500,17.2300,16.7400,16.9600
2018-10-04,17.6600,17.8380,17.1700,17.3500
2018-10-05,17.3200,17.4800,17.0150,17.3700
2018-10-08,17.0800,17.2150,16.1450,16.4300
2018-10-09,16.4400,16.7500,16.3500,16.6900
2018-10-10,16.8900,17.0100,16.2200,16.2500
2018-10-11,16.1500,16.6200,16.0500,16.1800
2018-10-12,16.5500,16.7700,16.4215,16.6800
2018-10-15,16.6200,17.1400,16.5100,16.9300
2018-10-16,17.0200,17.8750,16.9734,17.8100
2018-10-17,17.9100,18.0600,17.5300,17.8400
2018-10-18,17.9000,17.9900,17.5400,17.6900
2018-10-19,17.7500,17.8400,16.9300,16.9700
2018-10-22,17.1800,17.7800,17.1500,17.6200
2018-10-23,17.1800,17.8300,17.0800,17.7500
2018-10-24,17.6900,18.0200,16.7500,16.7900
2018-10-25,17.0400,17.6400,17.0400,17.3700
2018-10-26,17.0300,17.4200,16.6400,16.9700
2018-10-29,17.3100,17.4294,16.1850,16.4100
2018-10-30,16.3000,16.8800,16.1000,16.8500
2018-10-31,17.8900,19.0000,17.8200,18.4900
2018-11-01,18.6000,19.5600,18.2300,19.4100
2018-11-02,19.2000,19.4700,18.6000,18.6700
2018-11-05,18.6300,18.8200,18.2300,18.6700
2018-11-06,18.6800,19.7097,18.5700,18.7700
2018-11-07,19.0000,20.4100,18.9000,19.8700
2018-11-08,20.1000,20.6100,19.7950,19.9000
2018-11-09,19.6700,19.8600,18.8600,19.3500
2018-11-12,19.6400,19.6400,18.5100,18.9500
2018-11-13,19.1200,19.5300,18.7100,18.9700
2018-11-14,19.2200,19.5500,18.5100,18.5200
2018-11-15,18.4000,18.9200,17.9900,18.8000
2018-11-16,18.7900,18.8950,18.4000,18.7600
2018-11-19,18.8000,18.9000,17.6500,17.6700
2018-11-20,17.0700,17.9700,16.9000,17.6100
2018-11-21,17.9200,18.1400,17.7300,17.9100
2018-11-23,17.7500,18.6300,17.6800,18.5000
2018-11-26,18.8200,19.3200,18.5600,19.0700
2018-11-27,18.8300,19.3000,18.8000,19.0800
2018-11-28,19.2800,19.7200,19.0900,19.7000
2018-11-29,19.5500,20.0900,19.4700,19.8500
2018-11-30,20.3600,20.5100,19.6900,20.0100
2018-12-03,20.0900,20.4100,19.7900,20.0100
2018-12-04,19.9100,20.2500,19.2400,19.6000
2018-12-06,19.1300,20.3100,19.0700,20.2100
2018-12-07,20.1400,20.4100,19.2100,19.4300
2018-12-10,19.4100,19.9400,19.2800,19.7500
2018-12-11,20.0000,20.0989,18.5800,18.8600
2018-12-12,19.1300,19.7800,18.9700,19.5200
2018-12-13,19.0500,19.1900,18.2200,18.6200
2018-12-14,18.4400,18.8900,18.3600,18.5800
2018-12-17,18.5400,18.5400,17.4800,17.5700
2018-12-18,17.7900,18.0700,17.6000,17.8100
2018-12-19,17.8800,18.2200,17.3000,17.5100
2018-12-20,17.4900,17.6400,16.4900,16.9100
2018-12-21,16.9300,16.9300,15.7800,15.9700
2018-12-24,15.6600,16.1100,15.3600,15.3900
2018-12-26,15.6300,16.0900,15.4300,16.0900
2018-12-27,15.7900,16.1900,15.5700,16.1800
2018-12-28,16.2600,16.3800,15.8169,16.0900
2018-12-31,16.1900,16.3400,15.8800,16.2100
2019-01-02,15.9500,16.2600,15.7000,16.0200
2019-01-03,15.7800,15.9150,15.4200,15.4300
2019-01-04,15.7500,16.2200,15.6900,16.0100
2019-01-07,16.0300,16.4300,15.9650,16.1200
2019-01-08,16.3200,16.6600,16.1200,16.6100
2019-01-09,16.7600,17.0950,16.6300,16.7900
2019-01-10,16.6200,16.9550,16.4500,16.9100
2019-01-11,16.8100,16.9300,16.6500,16.7800
2019-01-14,16.6400,16.6400,16.2700,16.4100
2019-01-15,16.4800,16.8100,16.3600,16.5300
2019-01-16,16.5300,16.6400,16.0300,16.1000
2019-01-17,16.0700,16.3100,16.0700,16.1600
2019-01-18,16.2900,16.5350,16.1300,16.4300
2019-01-22,16.3500,16.3950,16.0300,16.1200
2019-01-23,16.4100,17.2000,16.3900,16.8500
2019-01-24,16.9300,17.4390,16.9000,17.2000
2019-01-25,17.3500,17.7800,17.2700,17.6500
2019-01-28,17.4300,17.6550,17.2200,17.4200
2019-01-29,17.3500,17.4400,17.1450,17.2700
2019-01-30,17.4300,17.6100,17.3150,17.6100
2019-01-31,17.6400,18.0750,17.6300,17.6800
2019-02-01,17.8000,18.0000,17.7500,17.9400
2019-02-04,18.0100,18.5500,17.9000,18.3100
2019-02-05,18.4400,18.6300,18.2500,18.4800
2019-02-06,18.6600,18.6600,18.1500,18.4200
2019-02-07,16.4000,16.5500,16.0000,16.1900
2019-02-08,16.0700,16.3500,15.8100,16.2800
2019-02-11,16.3400,17.1000,16.2650,16.9500
2019-02-12,17.0400,17.4700,17.0084,17.1500
2019-02-13,17.2500,17.3099,16.9000,16.9600
2019-02-14,16.9000,17.7350,16.8500,17.5500
2019-02-15,17.5900,17.6000,17.1700,17.2300
2019-02-19,17.1200,17.1300,16.4800,16.7700
2019-02-20,16.7700,17.0300,16.5100,16.6700
2019-02-21,16.6300,16.7250,16.4900,16.5500
2019-02-22,16.6000,16.8800,16.5700,16.8700
2019-02-25,16.9900,17.2500,16.9200,16.9400
2019-02-26,16.8500,16.9200,16.7100,16.7200
2019-02-27,16.8600,17.0400,16.6800,16.8700
2019-02-28,16.8400,16.9500,16.5950,16.7600
2019-03-01,16.9300,17.1400,16.6000,16.8000
2019-03-04,16.8600,16.9300,16.1000,16.4000
2019-03-05,16.3800,16.4100,16.2000,16.3200
2019-03-06,16.3400,16.4700,16.0700,16.0900
2019-03-07,16.1300,16.3300,15.8700,16.1700
2019-03-08,15.9900,16.1200,15.9000,16.1000
2019-03-11,16.7200,17.4100,16.6600,16.9700
2019-03-12,17.0000,17.2000,16.7700,17.0500
2019-03-13,17.1300,17.1900,16.9500,17.0000
2019-03-14,17.0300,17.0450,16.8200,16.8400
2019-03-15,16.8700,17.0400,16.7900,17.0100
2019-03-18,17.0000,17.1000,16.7200,16.9400
2019-03-19,17.0800,17.1650,16.7900,17.1000
2019-03-20,17.0500,17.2600,16.8400,17.0300
2019-03-21,16.9400,17.3900,16.8800,17.3700
2019-03-22,17.2300,17.2900,16.6400,16.6700
2019-03-25,16.6200,16.7500,16.4099,16.6400
2019-03-26,16.8000,16.9300,16.6400,16.6600
2019-03-27,16.6600,16.7100,16.1800,16.5000
2019-03-28,16.5400,16.6900,16.4050,16.5400
2019-03-29,16.6800,16.8700,16.6200,16.7900
2019-04-01,16.9600,17.1400,16.6800,16.8500
2019-04-02,16.8200,16.8200,16.4900,16.6900
2019-04-03,16.8200,17.1200,16.7300,16.9700
2019-04-04,16.9800,17.0000,16.2550,16.4200
2019-04-05,16.5100,16.7800,16.4700,16.7100
2019-04-08,16.7100,16.8565,16.5700,16.8000
2019-04-09,16.7500,16.7500,16.0800,16.1100
2019-04-10,16.1800,16.3700,16.0700,16.2300
2019-04-11,16.3000,16.3600,15.8800,15.9300
2019-04-12,16.0100,16.1400,15.9000,16.0900
2019-04-15,16.0300,16.1600,15.8950,16.0800
2019-04-16,16.0900,16.1900,15.8100,15.9600
2019-04-17,16.1000,16.1000,15.4800,15.5700
2019-04-18,15.5000,15.6500,15.2800,15.4100
2019-04-22,15.2800,15.6000,15.2600,15.5800
2019-04-23,15.7200,15.8800,15.6300,15.7800
2019-04-24,15.9200,15.9627,15.7600,15.8600
2019-04-25,16.0600,16.2300,15.8000,15.8100
2019-04-26,15.7400,16.1600,15.6200,16.0600
2019-04-29,16.0700,16.2400,15.7900,15.8100
2019-04-30,15.8500,16.0550,15.7000,16.0200
2019-05-01,15.7700,16.2400,15.4100,16.1900
2019-05-02,16.1000,16.3300,15.8500,16.0900
2019-05-03,16.1900,16.6300,16.0700,16.6000
2019-05-06,16.2700,16.4950,16.1200,16.3200
2019-05-07,16.1300,16.2900,15.7700,15.8900
2019-05-08,15.8400,16.0700,15.7500,15.8500
2019-05-09,15.7000,15.8200,15.4301,15.6500
2019-05-10,15.5800,15.6800,15.1750,15.6000
2019-05-13,15.1600,15.3300,14.9100,15.3200
2019-05-14,15.4500,15.7700,15.2450,15.5700
2019-05-15,15.4300,15.6600,15.3100,15.5000
2019-05-16,15.4800,15.5400,15.2490,15.4500
2019-05-17,15.3200,15.3319,14.9200,14.9400
2019-05-20,14.9000,14.9500,14.4100,14.4600
2019-05-21,14.5600,14.8700,14.4800,14.6600
2019-05-22,14.5700,14.7700,14.5400,14.5600
2019-05-23,14.4900,14.5000,13.9800,14.2800
2019-05-24,14.3400,14.4700,14.2300,14.3600
2019-05-28,14.3900,14.4800,14.1350,14.2400
2019-05-29,14.1500,14.9000,13.8500,14.8100
2019-05-30,14.8100,15.1150,14.6900,15.1000
2019-05-31,14.8700,14.9100,14.4450,14.5900
2019-06-03,14.4800,14.5300,13.9300,14.0300
2019-06-04,14.2400,14.5000,14.1100,14.4900
2019-06-05,14.5500,14.5600,14.2800,14.5100
2019-06-06,14.5200,14.5400,14.3100,14.4200
2019-06-07,14.4300,14.5850,14.3300,14.4300
2019-06-10,14.5800,14.8550,14.5000,14.5800
2019-06-11,14.6700,14.7099,14.2200,14.4300
2019-06-12,14.3700,14.6400,14.3200,14.5000
2019-06-13,14.5500,14.6700,14.4500,14.6000
2019-06-14,14.5400,14.6000,14.3100,14.4200
2019-06-17,14.4300,14.6700,14.4100,14.5000
2019-06-18,14.6600,14.8450,14.5500,14.6500
2019-06-19,14.6700,14.9170,14.6500,14.8900
2019-06-20,15.0600,15.1500,14.6800,14.8600
2019-06-21,14.7600,14.8500,14.5150,14.6100
2019-06-24,14.6200,14.7500,14.4400,14.5200
2019-06-25,14.5500,14.8300,14.5450,14.7300
2019-06-26,14.8600,14.9300,14.5700,14.6500
2019-06-27,14.8000,14.9100,14.6400,14.7800
2019-06-28,14.8300,14.9500,14.7500,14.8100
2019-07-01,14.9100,15.0200,14.8400,14.8900
2019-07-02,14.8900,14.9900,14.6300,14.7000
2019-07-03,14.9500,15.3700,14.9000,15.2500
2019-07-05,15.1500,15.2000,14.8700,15.1800
2019-07-08,15.1200,15.3100,15.0300,15.1100
2019-07-09,15.1200,15.5200,15.0829,15.4400
2019-07-10,15.4800,15.7300,15.4450,15.6700
2019-07-11,15.7500,15.9400,15.5850,15.6800
2019-07-12,15.7500,15.8800,15.6100,15.7600
2019-07-15,15.7400,15.7400,15.2900,15.3400
2019-07-16,15.3100,15.5100,15.2000,15.3600
2019-07-17,15.3800,15.6650,15.3250,15.4500
2019-07-18,15.4300,15.5400,15.3100,15.4600
2019-07-19,15.5300,15.6300,15.3600,15.3700
2019-07-22,15.5000,15.5100,15.1500,15.2600
2019-07-23,15.2900,15.3800,15.1535,15.3800
2019-07-24,15.3900,15.9300,15.2900,15.8500
2019-07-25,15.8500,15.9000,15.6600,15.7700
2019-07-26,15.8500,16.0300,15.8100,15.9500
2019-07-29,16.0000,16.2100,15.8200,16.1800
2019-07-30,16.2300,16.3200,16.0000,16.1000
2019-07-31,14.1700,15.1100,13.9450,15.0000
2019-08-01,14.8700,14.9400,14.1900,14.2600
2019-08-02,14.1700,14.2500,13.6900,13.7600
2019-08-05,13.3100,13.4600,13.0400,13.2900
2019-08-06,13.5300,13.7400,13.1050,13.1500
2019-08-07,12.9900,13.1800,12.7500,13.1400
2019-08-08,13.3400,13.4300,13.1700,13.3700
2019-08-09,13.3100,13.4023,13.1000,13.2400
2019-08-12,13.1200,13.2400,12.7300,12.8600
2019-08-13,12.7900,13.0700,12.7600,12.9800
2019-08-14,12.8000,13.5600,12.6600,13.3400
2019-08-15,13.3500,13.4800,13.1900,13.2700
2019-08-16,13.3600,13.4250,13.2000,13.2800
2019-08-19,13.3900,13.4700,13.2500,13.2900
2019-08-20,13.2600,13.5800,13.2400,13.5100
2019-08-21,13.5800,13.7050,13.4950,13.5000
2019-08-22,13.5000,13.6000,13.4500,13.5700
2019-08-23,13.5000,13.7500,13.3600,13.5000
2019-08-26,13.6300,13.6500,13.4600,13.5200
2019-08-27,13.6000,13.6400,13.3100,13.3300
2019-08-28,13.2300,13.2800,12.9200,13.0600
2019-08-29,13.1700,13.4700,13.1600,13.3900
2019-08-30,13.4500,13.5750,13.3300,13.4300
2019-09-03,13.3300,13.4050,12.8600,13.0000
2019-09-04,13.0600,13.3850,13.0100,13.0600
2019-09-05,13.2300,13.6500,13.1900,13.5900
2019-09-06,13.6500,13.8000,13.5000,13.6900
2019-09-09,13.6900,13.9300,13.3600,13.9100
2019-09-10,13.8600,13.9500,13.6000,13.8600
2019-09-11,13.9000,14.0800,13.8450,14.0300
2019-09-12,14.0500,14.1499,13.8800,14.0100
2019-09-13,13.9500,14.0700,13.8900,13.9300
2019-09-16,13.8400,14.4600,13.8400,14.3000
2019-09-17,14.3500,14.3800,14.1250,14.2600
2019-09-18,14.1900,14.3250,14.0700,14.1900
2019-09-19,14.2100,14.2595,13.9800,14.0100
2019-09-20,14.0400,14.1600,13.9200,14.0700
2019-09-23,13.9800,14.1100,13.8600,13.9350
2019-09-24,13.9500,13.9970,13.3400,13.3850
2019-09-25,13.3300,13.5750,13.1500,13.5400
2019-09-26,13.5200,13.6900,13.3850,13.4500
2019-09-27,13.4200,13.4795,13.0500,13.0950
2019-09-30,13.1300,13.3860,12.9900,13.3400
2019-10-01,13.4000,13.7400,13.1400,13.2200
2019-10-02,13.0800,14.7100,12.8550,13.8200
2019-10-03,14.0000,14.2300,13.7715,14.0000
2019-10-04,14.0000,14.2800,13.9000,14.1900
2019-10-07,14.1500,14.1900,13.8500,13.8600
2019-10-08,13.8000,14.4800,13.7400,13.8400
2019-10-09,14.5000,14.7900,14.2750,14.5250
2019-10-10,14.5300,14.8100,14.4120,14.8100
2019-10-11,14.9100,15.3200,14.7950,15.0800
2019-10-14,15.0400,15.2050,14.9300,14.9900
2019-10-15,15.0600,15.2100,14.9100,15.2050
2019-10-16,15.1200,15.2300,14.8600,15.1000
2019-10-17,15.1000,15.2500,15.0150,15.1100
2019-10-18,15.0800,15.2700,14.8100,15.2350
2019-10-21,15.2900,15.4300,15.1700,15.4000
2019-10-22,15.4500,15.8000,15.4000,15.6000
2019-10-23,15.5200,15.8450,15.4600,15.7400
2019-10-24,15.7400,16.0000,15.6600,15.7200
2019-10-25,15.6900,16.0550,15.5400,15.9800
2019-10-28,16.0100,16.3300,15.8550,16.2400
2019-10-29,16.1700,16.1900,15.1200,15.4800
2019-10-30,15.3800,15.5700,15.0000,15.3900
2019-10-31,15.4000,15.9000,15.3900,15.8400
2019-11-01,15.8600,16.1630,15.7000,16.1100
2019-11-04,16.1600,16.3100,16.0661,16.1500
2019-11-05,16.2300,16.6600,16.1700,16.5600
2019-11-06,16.5100,16.6400,16.3140,16.6200
2019-11-07,16.7100,17.0000,16.5800,16.9700
2019-11-08,16.7600,17.2400,16.7200,17.2100
2019-11-11,17.0900,17.2900,16.9802,17.1200
2019-11-12,17.0600,17.2178,16.9700,17.1300
2019-11-13,17.0600,17.2200,16.7500,17.0850
2019-11-14,17.0500,17.1600,16.9500,17.0000
2019-11-15,16.6200,17.1100,16.6200,17.0700
2019-11-18,16.9700,17.0800,16.7100,17.0500
2019-11-19,16.9800,17.0800,16.8350,17.0100
2019-11-20,17.0100,17.2700,16.9700,17.1300
2019-11-21,17.1800,17.1800,16.9000,16.9900
2019-11-22,17.0000,17.0550,16.8300,16.9350
2019-11-25,16.9400,17.1000,16.9100,17.0000
2019-11-26,17.0000,17.0900,16.4900,16.5400
2019-11-27,16.5800,16.8800,16.5430,16.8800
2019-11-29,16.8200,16.8600,16.6350,16.7600
2019-12-02,16.7200,16.7600,16.1550,16.3500
2019-12-03,16.0000,16.4500,15.8500,16.4500
2019-12-04,16.4900,16.6600,16.3350,16.3900
2019-12-05,16.4400,16.5500,16.3250,16.3700
2019-12-06,16.4800,16.4800,16.1900,16.2600
2019-12-09,16.2300,16.4800,16.2000,16.3500
2019-12-10,16.2700,16.3600,16.1650,16.2000
2019-12-11,16.2000,16.3300,16.0800,16.2200
2019-12-12,16.2300,16.4900,16.1500,16.3400
2019-12-13,16.5300,16.5750,16.1250,16.2000
2019-12-16,16.2000,16.3400,16.1300,16.3100
2019-12-17,16.3100,16.3250,16.1650,16.2700
2019-12-18,16.2700,16.4900,16.1650,16.4400
2019-12-19,16.4400,16.4900,16.3050,16.4500
2019-12-20,16.4700,16.6000,16.3000,16.3600
2019-12-23,16.3700,16.7700,16.3600,16.7400
2019-12-24,16.7000,16.8100,16.6600,16.7000
2019-12-26,16.7600,16.8900,16.5700,16.6700
2019-12-27,16.7600,16.7800,16.5700,16.6700
2019-12-30,16.6600,16.6600,16.4500,16.5800
2019-12-31,16.5300,16.6900,16.4700,16.5300
2020-01-02,16.6800,16.8950,16.5900,16.7800
2020-01-03,16.6000,17.2300,16.6000,17.2100
2020-01-06,17.1900,17.8500,17.1300,17.5900
2020-01-07,18.0100,18.3400,17.9200,18.1600
2020-01-08,17.8100,17.9200,17.2400,17.2500
2020-01-09,17.3100,17.4600,16.8401,16.9300
2020-01-10,16.9800,17.1000,16.8700,16.9700
2020-01-13,17.0400,17.1000,16.7600,16.9200
2020-01-14,16.8900,17.3100,16.8100,17.2850
2020-01-15,17.2200,17.5800,17.2200,17.3000
2020-01-16,17.3400,17.5300,17.3000,17.3700
2020-01-17,17.4200,17.4700,17.0900,17.1300
2020-01-21,17.1100,17.1600,16.5300,16.5700
2020-01-22,16.5800,16.7200,16.3700,16.4450
2020-01-23,16.4600,16.6100,16.3100,16.4500
2020-01-24,16.4500,16.6000,15.9000,16.0500
2020-01-27,15.7100,15.8500,15.6100,15.6100
2020-01-28,15.6900,15.7800,15.4800,15.5000
2020-01-29,15.6000,16.3900,15.5825,16.3700
2020-01-30,16.3100,16.4350,16.0400,16.4000
2020-01-31,16.3900,16.4300,15.9000,15.9800
2020-02-03,16.0000,16.0784,15.8100,15.9500
2020-02-04,16.1200,16.1700,15.8900,16.0400
2020-02-05,16.1900,16.3300,15.8000,16.0000
2020-02-06,14.9200,16.4602,14.9200,15.7050
2020-02-07,15.6600,15.7300,15.0000,15.0800
2020-02-10,15.0000,15.4900,14.9900,15.4200
2020-02-11,15.4400,15.6400,15.2700,15.3600
2020-02-12,15.5000,15.8100,15.2850,15.7400
2020-02-13,15.6200,17.1100,15.6198,16.4600
2020-02-14,16.4500,16.5300,16.0600,16.2900
2020-02-18,16.2700,16.3700,15.8700,16.0700
2020-02-19,16.0800,16.0800,15.5500,15.6100
2020-02-20,15.5600,15.8200,15.3800,15.6800
2020-02-21,15.6000,15.7000,15.2150,15.4900
2020-02-24,15.0600,15.1183,14.9000,15.0200
2020-02-25,15.1400,15.1400,14.3700,14.3900
2020-02-26,14.5200,14.6015,13.8600,13.8750
2020-02-27,13.6800,13.9699,13.3900,13.4050
2020-02-28,13.0900,13.4000,13.0427,13.2350
2020-03-02,13.2800,13.6400,13.1200,13.6200
2020-03-03,13.6500,13.9350,12.7450,13.0000
2020-03-04,13.2000,13.9200,12.9520,13.8900
2020-03-05,14.3200,14.6100,13.9750,14.5900
2020-03-06,14.2200,14.5050,13.5800,13.8300
2020-03-09,12.8300,13.1500,12.3000,12.5100
2020-03-10,13.0000,13.1500,12.0500,12.7900
2020-03-11,12.4900,12.4900,11.7100,11.8500
2020-03-12,10.9500,11.1500,10.0200,10.0400
2020-03-13,10.6100,10.7800,9.3000,10.0100
2020-03-16,8.7100,9.4000,8.0900,8.1100
2020-03-17,8.2100,9.3000,7.5400,9.1000
2020-03-18,8.4900,9.4800,8.3500,9.3800
2020-03-19,9.2400,9.5900,8.9800,9.4400
2020-03-20,9.7000,10.8500,9.6100,9.8100
2020-03-23,9.9300,10.6800,9.5200,9.9100
2020-03-24,10.4500,10.9900,10.0900,10.9200
2020-03-25,10.9600,11.6800,10.6150,11.4300
2020-03-26,11.5500,11.9400,11.3300,11.8300
2020-03-27,11.3600,11.4000,10.8400,11.0100
2020-03-30,11.0800,11.2750,10.7600,10.8500
2020-03-31,10.8000,10.9500,10.5150,10.5800
2020-04-01,10.1500,10.5000,9.8700,9.8700
2020-04-02,9.8900,10.1700,9.6100,9.9000
2020-04-03,9.8500,10.0200,9.2800,9.3200
2020-04-06,9.7400,10.1000,9.5800,10.0600
2020-04-07,10.4100,10.5800,9.8100,9.8900
2020-04-08,10.0500,10.5400,9.9800,10.4100
2020-04-09,10.7400,10.9750,10.5300,10.6600
2020-04-13,10.6600,10.8700,10.4600,10.7000
2020-04-14,11.0000,11.0500,10.6900,10.8700
2020-04-15,10.5700,10.7000,10.3700,10.4100
2020-04-16,10.5300,10.8600,10.4600,10.7800
2020-04-17,11.1000,11.1000,10.6600,10.8000
2020-04-20,10.5500,11.0900,10.5400,10.8750
2020-04-21,10.7000,10.8250,10.5000,10.5600
2020-04-22,10.8200,10.9000,10.6150,10.6600
2020-04-23,10.6900,11.1200,10.6900,10.9500
2020-04-24,11.0000,11.3100,10.9500,11.2600
2020-04-27,11.4400,11.6000,11.2350,11.5200
2020-04-28,11.7200,11.7900,11.0200,11.4200
2020-04-29,11.0000,11.1950,10.5500,11.0400
2020-04-30,10.9800,11.6900,10.7800,11.5100
2020-05-01,11.2100,11.2500,10.3750,10.4600
2020-05-04,10.2135,10.6500,10.1600,10.5100
2020-05-05,10.6900,11.0000,10.3100,10.8000
2020-05-06,10.8500,10.8900,10.4300,10.4900
2020-05-07,10.6700,11.9800,10.5900,11.9500
2020-05-08,12.4400,12.4400,11.5000,12.1800
2020-05-11,11.9200,12.1800,11.7450,11.7700
2020-05-12,11.8800,11.9400,11.3200,11.3300
2020-05-13,11.1300,11.3550,10.5800,10.9400
2020-05-14,10.8300,11.5000,10.7300,11.4200
2020-05-15,11.3300,11.5450,11.2385,11.3300
2020-05-18,11.5300,11.5300,11.1000,11.2400
2020-05-19,11.2400,11.3900,11.1100,11.2200
2020-05-20,11.3000,11.8550,11.2600,11.5900
2020-05-21,11.4800,11.7000,11.2000,11.4800
2020-05-22,11.5000,11.8900,11.3600,11.8600
2020-05-26,12.0900,12.1500,11.7100,11.7700
2020-05-27,11.8900,11.9700,11.4900,11.9600
2020-05-28,11.8300,12.2600,11.6350,11.9450
2020-05-29,11.9100,12.4900,11.6250,12.4800
2020-06-01,12.8000,13.1000,12.6000,13.0600
2020-06-02,13.0100,13.1000,12.3800,12.6500
2020-06-03,12.8200,13.3000,12.6500,13.2300
2020-06-04,13.4500,13.4900,12.8850,13.0500
2020-06-05,13.1100,13.3600,12.7800,12.8600
2020-06-08,13.0800,13.4400,12.9300,13.4000
2020-06-09,13.2800,14.2200,12.8300,13.9000
2020-06-10,13.9400,14.0000,13.0800,13.1950
2020-06-11,12.8300,13.0801,12.2550,12.2600
2020-06-12,12.7000,12.7750,12.0200,12.1900
2020-06-15,11.9500,12.8400,11.9002,12.7600
2020-06-16,13.0200,13.1000,12.5600,12.7700
2020-06-17,12.8700,12.9700,12.7200,12.8100
2020-06-18,12.7400,12.8200,12.4000,12.4600
2020-06-19,12.9600,13.1600,12.4750,12.8500
2020-06-22,12.8000,12.9570,12.5100,12.6700
2020-06-23,12.8000,12.9000,12.5500,12.5550
2020-06-24,12.3700,12.4500,11.8300,11.8800
2020-06-25,11.8800,11.9300,11.6700,11.8500
2020-06-26,11.8400,11.8800,11.4700,11.6500
2020-06-29,11.7500,12.1000,11.3800,12.0950
2020-06-30,12.0900,12.2400,11.9300,12.1750
2020-07-01,12.1200,12.4701,12.0900,12.4100
2020-07-02,12.5200,12.5600,12.0650,12.1100
2020-07-06,12.2600,12.4800,12.1300,12.2550
2020-07-07,12.1200,12.3600,11.9900,12.0300
2020-07-08,12.1000,12.1290,11.8502,12.0600
2020-07-09,12.2000,13.0200,11.9700,13.0000
2020-07-10,12.9000,13.0000,12.5700,12.7350
2020-07-13,12.8100,12.8900,11.8900,11.9300
2020-07-14,11.9900,12.1650,11.6200,11.8400
2020-07-15,11.9300,12.3600,11.8900,12.3400
2020-07-16,12.7600,12.8100,12.4850,12.7700
2020-07-17,12.9100,13.2600,12.8100,13.0600
2020-07-20,13.0065,13.2700,12.8800,13.2300
2020-07-21,13.2300,13.3700,13.0400,13.0800
2020-07-22,13.0100,13.8000,13.0000,13.6400
2020-07-23,13.6000,13.7500,13.2700,13.3500
2020-07-24,13.1900,13.2399,12.9100,13.0050
2020-07-27,13.0000,13.2350,12.8550,13.2250
2020-07-28,13.1000,13.6300,13.0700,13.3800
2020-07-29,14.9900,16.2800,14.7350,15.8400
2020-07-30,15.2900,15.5500,14.9700,15.3000
2020-07-31,15.3600,15.3900,14.9200,15.1000
2020-08-03,15.1400,15.1500,14.8600,15.0150
2020-08-04,14.9900,15.5350,14.9600,15.3600
2020-08-05,15.4900,15.6600,15.1600,15.3400
2020-08-06,15.3400,15.5000,15.0650,15.4950
2020-08-07,15.5197,15.7700,15.3800,15.6600
2020-08-10,15.8000,16.1900,15.6200,15.9750
2020-08-11,15.9200,15.9400,15.2300,15.3000
2020-08-12,15.5000,15.7250,14.8800,14.9600
2020-08-13,14.9600,15.2200,14.7900,14.8400
2020-08-14,14.6900,14.9700,14.5600,14.6400
2020-08-17,14.6800,14.7800,14.5900,14.6200
2020-08-18,14.6500,14.9200,14.5400,14.7850
2020-08-19,14.7364,15.1500,14.6500,14.9300
2020-08-20,14.8700,14.9800,14.7500,14.8750
2020-08-21,14.9300,14.9690,14.4600,14.5900
2020-08-24,14.6700,14.7700,14.5600,14.7100
2020-08-25,14.7500,14.8200,14.4900,14.7500
2020-08-26,14.9098,15.3400,14.8500,15.0250
2020-08-27,15.0800,15.1300,14.5600,14.6700
2020-08-28,14.6900,14.8484,14.6000,14.8100
2020-08-31,14.7400,14.8000,14.5905,14.6800
2020-09-01,14.7300,15.0200,14.5700,15.0200
2020-09-02,15.1200,15.2900,14.7650,15.2350
2020-09-03,14.9944,15.0300,13.8500,13.9500
2020-09-04,13.9700,13.9799,12.8300,13.3400
2020-09-08,13.0500,13.1700,12.6750,12.7900
2020-09-09,13.0100,13.1500,12.7900,12.9200
2020-09-10,13.0000,13.2400,12.6300,12.6900
2020-09-11,12.6900,12.7699,12.3300,12.4900
2020-09-14,12.6100,12.7200,12.5450,12.6200
2020-09-15,12.7500,12.9400,12.5600,12.6100
2020-09-16,12.6700,12.9300,12.4400,12.7900
2020-09-17,12.5200,12.7600,12.5050,12.7500
2020-09-18,12.8100,12.8300,12.4500,12.6000
2020-09-21,12.3800,12.5800,12.2564,12.5000
2020-09-22,12.6400,13.3200,12.5200,13.2100
2020-09-23,13.1100,13.1216,12.6800,12.7400
2020-09-24,12.6500,12.7150,12.2816,12.5200
2020-09-25,12.4900,12.7300,12.4900,12.6800
2020-09-28,12.8400,12.9701,12.7400,12.8550
2020-09-29,12.9000,12.9000,12.5300,12.6150
2020-09-30,12.6200,12.7350,12.3100,12.3450
2020-10-01,12.4200,12.6900,12.3700,12.6300
2020-10-02,12.3100,12.8200,12.3000,12.3800
2020-10-05,12.4800,12.7700,12.4550,12.6550
2020-10-06,12.7000,13.0600,12.6400,12.6600
2020-10-07,12.7500,13.1750,12.7100,13.1400
2020-10-08,13.2300,13.3300,13.1001,13.2100
2020-10-09,13.3300,13.6000,13.3000,13.5800
2020-10-12,13.6700,13.7900,13.5600,13.7400
2020-10-13,13.8200,14.5500,13.5350,13.8000
2020-10-14,14.0100,14.6500,13.8800,14.0300
2020-10-15,13.9800,14.3653,13.7400,14.2950
2020-10-16,14.2600,14.2750,13.8600,14.1100
2020-10-19,14.1800,14.3700,13.9050,14.0200
2020-10-20,14.0600,14.2400,13.9600,14.0000
2020-10-21,14.0200,14.4600,14.0100,14.4200
2020-10-22,14.3800,14.6250,14.1750,14.4000
2020-10-23,14.5300,14.5300,14.2300,14.2400
2020-10-26,14.1700,14.2300,13.8200,14.1500
2020-10-27,14.3300,14.3300,13.9650,14.0900
2020-10-28,14.1500,14.3600,13.6800,14.1250
2020-10-29,14.2200,14.5700,14.1000,14.2600
2020-10-30,14.1336,14.1700,13.5200,13.8400
2020-11-02,13.9300,13.9300,13.3500,13.6300
2020-11-03,13.7000,14.3400,13.6300,14.2700
2020-11-04,14.4600,14.9000,14.4000,14.8100
2020-11-05,14.8800,15.2200,14.8200,15.0800
2020-11-06,15.0200,15.0800,14.8200,14.8600
2020-11-09,15.1500,15.4500,15.0299,15.1300
2020-11-10,15.0400,15.0900,14.5318,14.7300
2020-11-11,14.8000,14.9550,14.6400,14.6500
2020-11-12,14.6800,14.8000,14.2800,14.3200
2020-11-13,14.4200,14.6000,14.3700,14.5700
2020-11-16,14.7700,14.8950,14.6500,14.7600
2020-11-17,14.6400,14.7300,14.4500,14.6100
2020-11-18,14.6809,14.7900,14.2300,14.2400
2020-11-19,14.0800,14.3250,14.0600,14.2400
2020-11-20,15.7900,15.9600,14.9500,15.1500
2020-11-23,15.1600,15.2246,14.5616,14.9900
2020-11-24,15.0300,15.4250,14.9399,15.1600
2020-11-25,15.1600,15.2100,14.9800,15.1200
2020-11-27,15.1500,15.4600,15.1000,15.3600
2020-11-30,15.4600,15.5200,14.8400,15.0300
2020-12-01,15.0500,15.1900,14.8900,15.1400
2020-12-02,15.0300,15.2350,14.8050,15.2200
2020-12-03,15.3000,15.6300,15.2700,15.3100
2020-12-04,15.4412,15.5300,15.2000,15.3900
2020-12-07,15.2965,15.6200,15.2965,15.4100
2020-12-08,15.3100,15.6600,15.3100,15.5200
2020-12-09,14.0800,14.2400,13.4500,13.4900
2020-12-10,13.5000,13.7000,13.2701,13.6900
2020-12-11,13.6830,14.3700,13.6100,13.8300
2020-12-14,13.9150,14.1000,13.6200,13.6700
2020-12-15,13.7500,14.1000,13.5282,14.1000
2020-12-16,14.2500,14.7950,14.2000,14.4900
2020-12-17,14.6600,14.7000,14.1500,14.3800
2020-12-18,14.6800,19.8900,14.6000,19.2300
2020-12-21,18.0100,20.8000,17.8450,20.2850
2020-12-22,21.2935,22.7000,21.0100,22.4000
2020-12-23,22.4150,25.5300,21.8500,24.0400
2020-12-24,23.6100,23.7500,21.7300,22.3700
2020-12-28,22.7500,23.6299,22.5700,22.9400
2020-12-29,22.9400,23.0000,21.8450,22.3500
2020-12-30,22.2300,23.3800,22.2300,23.0500
2020-12-31,23.1300,23.3000,22.4200,23.0600
2021-01-04,22.7600,22.8800,20.7630,21.8600
2021-01-05,21.6500,22.2554,21.5000,21.8650
2021-01-06,21.4900,22.1000,21.3900,21.5700
2021-01-07,21.8700,23.1700,21.8600,22.7700
2021-01-08,23.6900,23.7500,22.6400,22.7000
2021-01-11,22.1600,23.1500,21.7400,22.9800
2021-01-12,23.3700,23.6950,22.9500,23.5400
2021-01-13,23.6100,24.1500,22.7400,22.8300
2021-01-14,23.0900,23.1000,22.0800,22.3400
2021-01-15,22.4400,22.9200,21.9400,22.1900
2021-01-19,22.5000,22.7300,21.8800,22.1900
2021-01-20,22.6300,23.2600,22.2000,22.4000
2021-01-21,22.5400,23.1700,22.1000,22.6000
2021-01-22,22.2800,22.8000,22.0001,22.6400
2021-01-25,23.6500,23.7500,20.7700,22.1000
2021-01-26,22.4200,22.4900,21.5800,21.6600
2021-01-27,21.1700,22.3600,20.2400,21.3600
2021-01-28,21.6200,21.9400,20.9500,21.1500
2021-01-29,21.2300,21.5700,20.6800,21.0000
2021-02-01,21.1500,21.6400,20.9200,21.5900
2021-02-02,22.1600,22.3000,21.1206,21.7000
2021-02-03,21.5600,21.7000,20.0000,20.0700
2021-02-04,20.6500,21.3650,20.5200,20.9600
2021-02-05,21.0000,21.6150,21.0000,21.3000
2021-02-08,21.3500,22.0400,21.2650,21.4600
2021-02-09,21.9200,21.9500,20.9500,21.5900
2021-02-10,21.5100,21.7000,20.6601,21.1900
2021-02-11,21.3200,21.7730,20.9301,21.2500
2021-02-12,21.1900,21.5900,20.9100,21.4600
2021-02-16,21.6800,21.7400,20.6700,21.0700
2021-02-17,20.9800,20.9800,20.2500,20.5500
2021-02-18,20.2600,21.0900,19.9543,20.9950
2021-02-19,21.0900,21.4100,20.7200,20.8100
2021-02-22,20.6000,21.0200,20.3300,20.5200
2021-02-23,19.9600,19.9800,18.8600,19.9200
2021-02-24,19.9000,20.1700,19.6050,20.0600
2021-02-25,20.0900,20.3600,19.1750,19.3700
2021-02-26,19.1300,19.7000,18.9600,19.3200
2021-03-01,19.6400,20.4890,19.4100,20.1900
2021-03-02,20.3900,20.3900,19.7001,19.7400
2021-03-03,19.7800,19.9100,19.0000,19.3500
2021-03-04,19.2800,19.4300,18.4550,18.8000
2021-03-05,18.6700,19.0200,17.8825,18.9800
2021-03-08,19.5000,19.8900,19.0100,19.0700
2021-03-09,19.7100,20.4194,19.5800,20.1800
2021-03-10,20.3300,20.8900,19.9150,20.2400
2021-03-11,20.6300,21.0000,20.4600,20.6000
2021-03-12,20.1600,20.9900,19.9266,20.6500
2021-03-15,20.6600,21.0400,20.3300,21.0400
2021-03-16,21.2700,21.5500,20.4600,20.7600
2021-03-17,20.2817,20.5800,19.8800,20.4500
2021-03-18,20.0800,20.1300,19.4400,19.4750
2021-03-19,19.5000,19.9500,19.3600,19.7100
2021-03-22,19.8900,20.5800,19.7800,20.3600
2021-03-23,20.4800,20.7760,20.0700,20.3200
2021-03-24,20.3300,20.4900,19.6000,19.6600
2021-03-25,19.1660,19.9000,19.0100,19.7600
2021-03-26,19.7900,20.0400,19.2750,19.6700
2021-03-29,19.6300,19.8600,19.2200,19.4200
2021-03-30,19.3200,19.3950,18.9700,19.2900
2021-03-31,19.3500,19.8700,19.3200,19.5700
2021-04-01,19.7800,20.2880,19.7800,19.9400
2021-04-05,19.9700,20.1500,19.5350,19.8700
2021-04-06,19.9400,20.3700,19.8100,20.1400
2021-04-07,20.2500,20.2700,19.5800,19.6900
2021-04-08,19.8200,20.0400,19.7600,20.0300
2021-04-09,19.8700,19.8900,19.3300,19.6200
2021-04-12,19.6100,20.0900,19.5138,20.0200
2021-04-13,20.0800,20.9450,20.0200,20.7000
2021-04-14,20.9150,21.5700,20.4550,20.4700
2021-04-15,20.6100,21.0980,20.4160,20.9800
2021-04-16,21.0000,21.0000,20.2850,20.4600
2021-04-19,20.3400,20.4900,19.8400,20.1650
2021-04-20,20.1200,20.3600,19.5750,19.9000
2021-04-21,19.9400,20.0700,19.6400,19.9900
2021-04-22,19.9900,20.7200,19.9600,20.1100
2021-04-23,20.3500,20.5100,20.1100,20.2800
2021-04-26,20.8100,21.1250,20.5000,20.9000
2021-04-27,21.0000,21.1100,20.6250,20.7900
2021-04-28,20.7900,20.8000,19.4100,19.4600
2021-04-29,19.4800,20.2400,19.2200,20.1900
2021-04-30,19.9900,20.3700,19.6300,19.8750
2021-05-03,19.8200,20.1500,19.6100,19.8950
2021-05-04,19.7300,19.8900,19.3200,19.5500
2021-05-05,19.5700,19.7500,19.2300,19.3300
2021-05-06,19.2700,19.3900,18.8200,19.0800
2021-05-07,19.1900,19.7950,19.1600,19.3100
2021-05-10,20.0600,20.5000,19.5150,19.5400
2021-05-11,19.0600,20.2500,18.9901,20.1200
2021-05-12,19.7800,19.9700,19.1300,19.2100
2021-05-13,19.3300,20.0500,19.0800,19.5100
2021-05-14,19.6300,20.7000,19.6300,20.5500
2021-05-17,20.3300,20.7500,20.2500,20.6000
2021-05-18,20.6500,21.2200,20.5750,20.8500
2021-05-19,20.1300,20.7200,20.0300,20.7000
2021-05-20,20.7500,21.7190,20.7200,21.4600
2021-05-21,21.8784,22.1100,21.4300,21.6100
2021-05-24,21.7100,22.5900,21.6800,22.3300
2021-05-25,22.4400,22.4900,21.6950,21.7300
2021-05-26,21.8900,22.2000,21.8400,22.1500
2021-05-27,22.0800,22.4100,21.7900,22.1500
2021-05-28,22.2300,22.5493,22.1000,22.3700
2021-06-01,22.6700,22.7404,22.0100,22.3300
2021-06-02,22.0333,22.8000,21.9200,22.5300
2021-06-03,20.3700,20.5300,18.5000,18.5600
2021-06-04,18.4100,19.0000,17.9350,18.9200
2021-06-07,19.2364,19.8900,18.8100,19.7700
2021-06-08,20.0000,20.1600,19.6600,20.0600
2021-06-09,20.2900,20.6100,19.9000,20.0100
2021-06-10,20.1424,21.3500,20.1000,21.1500
2021-06-11,21.2000,21.5200,20.9000,21.5000
2021-06-14,21.5200,21.8000,21.3315,21.6500
2021-06-15,21.5800,21.6550,21.0900,21.1800
2021-06-16,21.0000,21.5700,20.8000,21.4900
2021-06-17,21.4200,21.6200,21.2350,21.4400
2021-06-18,21.3300,21.4100,20.5400,20.6000
2021-06-21,20.5200,20.8500,20.2900,20.8000
2021-06-22,20.9300,21.2200,20.4650,20.7300
2021-06-23,20.7100,20.7900,20.2800,20.2900
2021-06-24,20.4000,20.7400,20.3039,20.4800
2021-06-25,20.4800,20.8800,20.3750,20.8300
2021-06-28,20.8900,21.0300,20.6000,20.9700
2021-06-29,20.8400,21.1100,20.3800,20.4500
2021-06-30,20.4000,20.4600,20.0800,20.2200
2021-07-01,20.2200,20.3400,19.9900,20.1800
2021-07-02,20.2400,20.3900,20.0600,20.3400
2021-07-06,20.8731,21.3561,20.4100,21.2200
2021-07-07,21.3380,21.8700,21.2000,21.7600
2021-07-08,21.2605,21.4900,20.3450,21.3900
2021-07-09,21.6000,21.6000,21.1100,21.3400
2021-07-12,21.4500,21.7150,21.1350,21.2400
2021-07-13,21.2100,21.2500,20.7800,20.8100
2021-07-14,20.9500,21.0600,20.2650,20.3400
2021-07-15,20.3300,20.3300,19.6000,19.7800
2021-07-16,19.8900,20.0100,19.6550,19.7600
2021-07-19,19.3500,20.0500,19.2200,19.9800
2021-07-20,20.1800,20.7500,19.9900,20.5200
2021-07-21,20.5100,20.5900,20.2500,20.3600
2021-07-22,20.3300,21.0800,20.3300,20.5300
2021-07-23,20.5553,20.6100,20.1500,20.4600
2021-07-26,20.4000,20.5700,20.1000,20.5300
2021-07-27,20.4400,20.5200,19.7000,20.0400
2021-07-28,20.0100,20.5000,19.8600,20.2100
2021-07-29,20.1800,20.5400,20.0700,20.2200
2021-07-30,20.1100,20.3850,20.0300,20.2000
2021-08-02,20.2200,20.6500,20.1200,20.3400
2021-08-03,20.4000,20.7900,20.2200,20.5700
2021-08-04,20.5700,20.6500,20.3500,20.4500
2021-08-05,20.4000,20.5200,20.0300,20.0900
2021-08-06,17.8300,18.2000,16.6200,16.6800
2021-08-09,16.6500,17.9400,16.6200,17.8100
2021-08-10,17.8800,18.2800,17.7150,17.8700
2021-08-11,17.8100,17.9400,17.4250,17.6400
2021-08-12,17.7400,18.5100,17.7200,18.3500
2021-08-13,18.3000,18.3417,17.9650,18.0700
2021-08-16,17.9700,18.0300,17.3700,17.6500
2021-08-17,17.4700,17.5500,17.1100,17.2700
2021-08-18,17.3006,17.3006,16.9300,16.9400
2021-08-19,16.7900,17.2000,16.7400,16.8600
2021-08-20,16.8800,17.0700,16.8050,17.0100
2021-08-23,17.3200,17.6100,17.2600,17.3800
2021-08-24,17.7100,18.3800,17.6000,18.2000
2021-08-25,18.0400,18.4400,17.9900,18.3800
2021-08-26,18.6192,19.0850,18.3500,18.4000
2021-08-27,18.3700,18.8100,18.3000,18.5500
2021-08-30,18.8800,19.0900,18.5900,18.6600
2021-08-31,18.4800,18.6017,18.0400,18.1900
2021-09-01,18.2800,18.4950,18.1001,18.2800
2021-09-02,18.2800,18.4750,18.1400,18.2900
2021-09-03,18.2100,18.5850,18.2100,18.5500
2021-09-07,18.6000,18.7400,18.0750,18.1500
2021-09-08,18.0500,18.3999,17.9000,18.3500
2021-09-09,18.2800,18.6400,18.2100,18.5100
2021-09-10,18.6400,18.6400,18.1300,18.1700
2021-09-13,18.2700,18.5000,18.1300,18.4100
2021-09-14,18.5910,19.0900,18.4850,18.5700
2021-09-15,18.5100,18.6200,18.2000,18.4900
2021-09-16,18.6414,18.6414,18.3600,18.4900
2021-09-17,18.4200,18.5100,18.1620,18.2700
2021-09-20,17.7600,17.9400,17.4050,17.7300
2021-09-21,17.9400,17.9800,17.7000,17.7000
2021-09-22,17.7100,18.0800,17.6900,17.9500
2021-09-23,17.8933,18.3900,17.8933,18.2800
2021-09-24,18.2500,18.4100,18.1000,18.1900
2021-09-27,18.0600,18.1900,17.8700,18.0500
2021-09-28,17.8200,17.9150,17.6100,17.7000
2021-09-29,17.7900,17.8900,17.5150,17.5600
2021-09-30,17.6100,17.9100,17.5300,17.8000
2021-10-01,17.8900,18.0300,17.4950,17.8800
2021-10-04,17.6700,17.8000,17.1300,17.2700
2021-10-05,17.9000,18.0500,17.1301,17.5800
2021-10-06,17.5500,17.5600,16.7550,17.4800
2021-10-07,17.5500,18.1000,17.5000,17.9300
2021-10-08,17.8600,18.0600,17.5950,17.7400
2021-10-11,17.5000,17.8950,17.4100,17.7200
2021-10-12,17.8000,17.9400,17.6600,17.8300
2021-10-13,17.8300,18.1150,17.8000,18.0500
2021-10-14,18.0450,18.4100,18.0450,18.2200
2021-10-15,18.2300,18.4800,18.1475,18.2900
2021-10-18,18.1500,18.5200,18.1500,18.4100
2021-10-19,18.3300,18.4000,18.0200,18.1400
2021-10-20,18.0742,18.3200,18.0742,18.1200
2021-10-21,18.0100,18.2300,17.8900,17.9900
2021-10-22,17.8800,18.0700,17.6900,17.8600
2021-10-25,17.8100,18.1900,17.7000,17.7900
2021-10-26,17.9000,17.9000,17.5500,17.6000
2021-10-27,17.4500,17.7698,17.2300,17.2800
2021-10-28,17.3100,17.5600,17.2600,17.5100
2021-10-29,17.3600,17.7600,17.2900,17.4400
2021-11-01,17.3900,17.9900,17.2600,17.9300
2021-11-02,17.9316,18.0900,17.6700,17.7100
2021-11-03,17.7300,17.9700,17.5300,17.9400
2021-11-04,18.0900,18.3100,17.7800,18.1800
2021-11-05,17.1500,18.1500,17.0200,18.0100
2021-11-08,17.9800,18.7800,17.8800,18.5500
2021-11-09,18.4600,19.0300,18.4600,19.0100
2021-11-10,18.8500,19.2200,17.7700,17.9300
2021-11-11,18.0100,18.8900,18.0000,18.7700
2021-11-12,18.8800,19.2300,18.8000,19.1100
2021-11-15,19.1700,19.1700,18.8400,18.9000
2021-11-16,18.5900,18.9500,18.4350,18.9500
2021-11-17,19.0190,19.0190,17.5900,17.6700
2021-11-18,17.6800,17.8400,17.1700,17.3300
2021-11-19,17.2000,17.6300,17.1100,17.5500
2021-11-22,17.2316,17.8000,17.1500,17.2100
2021-11-23,17.1100,17.1100,16.4700,16.8300
2021-11-24,16.8000,17.2300,16.6900,17.1600
2021-11-26,16.9300,17.4650,16.8800,17.0600
2021-11-29,17.2300,17.5800,17.1800,17.2400
2021-11-30,17.2400,17.3900,16.6000,16.9700
2021-12-01,17.0800,17.4200,16.6650,16.7000
2021-12-02,16.6500,17.0700,16.0900,16.3200
2021-12-03,16.3000,16.4050,15.7200,16.0900
2021-12-06,16.0000,16.4450,15.7600,16.2500
2021-12-07,16.3745,17.1900,16.3745,16.9200
2021-12-08,16.9200,17.1400,16.5600,16.7500
2021-12-09,16.6300,16.9400,16.4800,16.5800
2021-12-10,16.6300,16.9100,16.5100,16.6600
2021-12-13,16.6400,17.2200,16.6400,17.0000
2021-12-14,16.7200,17.3100,16.6900,17.2000
2021-12-15,17.2000,17.5450,16.3050,16.8200
2021-12-16,16.7800,17.4600,16.7800,17.0700
2021-12-17,16.9500,17.4850,16.8000,17.3100
2021-12-20,16.9400,17.2050,16.6800,16.7100
2021-12-21,16.7600,17.2000,16.6000,17.1900
2021-12-22,17.2000,17.3500,17.0600,17.1100
2021-12-23,17.1000,17.4750,16.9300,17.3300
2021-12-27,17.3300,17.7900,17.2900,17.7700
2021-12-28,17.7500,17.9500,17.6200,17.7200
2021-12-29,17.4282,17.7900,17.4282,17.5600
2021-12-30,17.6400,17.8950,17.5400,17.6600
2021-12-31,17.6400,17.8300,17.4700,17.5400
2022-01-03,17.5400,17.5400,17.1000,17.2800
2022-01-04,17.2500,17.2600,16.4200,16.6800
2022-01-05,16.5400,16.7000,16.2700,16.4000
2022-01-06,16.2700,16.6600,16.2200,16.3800
2022-01-07,16.3700,16.6000,16.2200,16.4200
2022-01-10,16.2600,16.3300,15.8000,16.3100
2022-01-11,16.3300,16.6502,16.1900,16.5800
2022-01-12,16.7100,16.8400,16.4500,16.5700
2022-01-13,16.6300,16.6600,15.9800,16.0000
2022-01-14,15.9100,16.2000,15.8500,16.1300
2022-01-18,15.8300,16.2450,15.7500,15.7600
2022-01-19,15.7600,16.1400,15.6300,15.6500
2022-01-20,15.8800,16.0550,15.4700,15.5500
2022-01-21,15.4500,16.0450,15.4000,15.4400
2022-01-24,15.1100,15.4250,14.5100,15.3800
2022-01-25,15.1300,15.2500,14.5600,14.5900
2022-01-26,14.7500,15.0300,14.4300,14.5500
2022-01-27,14.4500,14.7750,13.9450,14.0800
2022-01-28,14.1600,14.2400,13.7550,14.2400
2022-01-31,14.2000,15.0900,14.2000,15.0900
2022-02-01,15.1500,15.2100,14.8250,15.1400
2022-02-02,15.2600,15.2600,14.7700,14.9300
2022-02-03,14.4500,14.8750,14.4400,14.4700
2022-02-04,14.4300,15.1500,14.2810,14.9800
2022-02-07,14.9700,15.1700,14.8300,15.0600
2022-02-08,15.0600,18.9700,14.9500,17.7500
2022-02-09,18.3900,19.0550,17.8500,19.0200
2022-02-10,18.6200,19.2500,18.4700,18.9500
2022-02-11,18.9050,19.2900,18.2850,18.6300
2022-02-14,18.5400,18.9500,18.3250,18.3900
2022-02-15,18.6500,18.8800,18.4800,18.8100
2022-02-16,18.6700,18.7600,17.8600,18.3600
2022-02-17,17.8500,18.1202,17.4300,17.5200
2022-02-18,17.3594,17.8900,17.3500,17.5300
2022-02-22,17.4000,17.6350,17.2500,17.2800
2022-02-23,17.4300,17.4850,16.5600,16.5900
2022-02-24,16.1000,18.6600,16.0500,18.6400
2022-02-25,18.7000,19.3300,18.2214,19.3000
2022-02-28,19.3000,19.8800,19.1150,19.8000
2022-03-01,19.8300,20.2500,19.7600,20.1700
2022-03-02,20.1300,20.6290,19.8350,20.4700
2022-03-03,20.5100,20.6300,19.8400,19.9000
2022-03-04,19.9000,20.0899,19.1400,19.3800
2022-03-07,19.3800,23.3300,18.5450,22.4900
2022-03-08,21.7300,22.0900,21.6735,22.0400
2022-03-09,21.9500,22.1800,21.8600,21.8900
2022-03-10,21.9500,21.9700,21.7400,21.7600
2022-03-11,21.8200,21.8900,21.7300,21.7800
2022-03-14,21.7600,21.9000,21.7500,21.8100
2022-03-15,21.8000,22.0300,21.7850,22.0300
2022-03-16,21.9800,22.2250,21.8600,22.2100
2022-03-17,22.1200,22.2110,22.0200,22.1500
2022-03-18,22.0100,22.2500,21.9700,22.1000
2022-03-21,22.1400,22.4100,22.0400,22.3000
2022-03-22,22.3400,22.4400,22.2300,22.2300
2022-03-23,22.2500,22.3500,22.1050,22.2900
2022-03-24,22.2700,22.3600,22.2000,22.2200
2022-03-25,22.2600,22.4200,22.2300,22.3900
2022-03-28,22.3800,22.4300,22.2900,22.3000
2022-03-29,22.3100,22.3600,22.1900,22.3500
2022-03-30,22.3400,22.3600,22.2400,22.2500
2022-03-31,22.3000,22.4150,22.2200,22.3100
2022-04-01,22.3500,22.3900,22.2100,22.3700
2022-04-04,22.3500,22.4800,22.3000,22.4000
2022-04-05,22.4100,22.4900,22.3500,22.4500
2022-04-06,22.4000,22.4000,22.3250,22.3700
2022-04-07,22.3900,22.4750,22.3500,22.4000
2022-04-08,22.3600,22.4100,22.2400,22.2500
2022-04-11,22.2800,22.4300,22.2400,22.3600
2022-04-12,22.3600,22.4200,22.2800,22.3100
2022-04-13,22.3500,22.5000,22.3200,22.4900
2022-04-14,22.4600,22.5000,22.2650,22.3500
2022-04-18,22.3800,22.3900,22.2200,22.2400
2022-04-19,22.3100,22.4000,22.2100,22.2600
2022-04-20,22.3600,22.3700,22.3000,22.3300
2022-04-21,21.9200,22.1200,21.9200,22.0600
2022-04-22,22.0100,22.1000,21.9900,22.0600
2022-04-25,22.0100,22.1600,21.9600,22.1300
2022-04-26,22.0200,22.0500,21.9000,21.9400
2022-04-27,21.9500,22.0000,21.8800,21.9100
2022-04-28,21.9300,22.0800,21.9100,21.9500
2022-04-29,21.9300,22.0500,21.8500,21.9800
2022-05-02,21.9600,22.1300,21.9100,22.1200
2022-05-03,22.0800,22.2000,22.0800,22.1800
2022-05-04,22.1700,22.2000,22.0300,22.0700
2022-05-05,22.0600,22.2100,22.0000,22.2100
2022-05-06,22.1200,22.1600,22.0200,22.0400
2022-05-09,21.9200,21.9400,21.6700,21.7400
2022-05-10,21.8000,21.9900,21.7200,21.8500
2022-05-11,21.7900,21.9000,21.7400,21.7800
2022-05-12,21.7200,21.9400,21.6800,21.7200
2022-05-13,21.8000,21.8650,21.6900,21.7800
2022-05-16,21.7900,21.9500,21.7100,21.9100
2022-05-17,21.8200,22.0500,21.8200,22.0100
2022-05-18,21.8300,21.9200,21.7800,21.8700
2022-05-19,21.7200,21.9300,21.6800,21.7100
2022-05-20,21.8100,21.9200,21.7000,21.9000
2022-05-23,21.8500,21.9200,21.8000,21.8900
2022-05-24,21.8700,21.9300,21.8000,21.8700
2022-05-25,21.9000,22.1700,21.8650,22.0100
2022-05-26,22.0000,22.1500,21.9900,22.0600
2022-05-27,22.0400,22.1300,22.0300,22.1200
2022-05-31,22.0500,22.1300,22.0100,22.0500
2022-06-01,22.0300,22.0700,21.9450,22.0000
2022-06-02,22.0000,22.1600,22.0000,22.1400
2022-06-03,22.0500,22.2500,21.6600,21.7900
2022-06-06,21.8600,21.9550,21.7900,21.8200
2022-06-07,21.8200,21.9000,21.8100,21.8100
2022-06-08,21.8300,21.8350,21.7700,21.7900
2022-06-09,21.8000,21.8600,21.7800,21.7800
2022-06-10,21.7350,21.7900,21.5000,21.6600
2022-06-13,21.5300,21.6000,21.3600,21.4100
2022-06-14,21.5500,21.6500,21.4400,21.4500
2022-06-15,21.4700,21.7000,21.4500,21.6000
2022-06-16,21.5400,21.5500,21.2600,21.3900
2022-06-17,21.3800,21.7500,21.3800,21.5800
2022-06-21,21.6000,21.7800,21.4500,21.6800
2022-06-22,21.6500,21.7150,21.5100,21.6700
2022-06-23,21.7200,21.8300,21.6400,21.8000
2022-06-24,21.8300,22.0000,21.7500,21.9400
2022-06-27,21.8000,21.9750,21.7850,21.8400
2022-06-28,21.8700,21.9100,21.4000,21.7200
2022-06-29,21.6200,21.7600,21.6150,21.7300
2022-06-30,21.6600,21.8950,21.5450,21.8200
2022-07-01,21.8200,21.8750,21.6200,21.8200
2022-07-05,21.7100,21.9500,21.5900,21.8400
2022-07-06,21.8100,22.0900,21.7500,22.0800
2022-07-07,22.0300,22.1500,21.9300,22.1200
2022-07-08,22.1100,22.3400,22.0600,22.2700
2022-07-11,22.1700,22.1900,22.0550,22.1200
2022-07-12,22.1500,22.2050,22.0050,22.1600
2022-07-13,22.0000,22.1650,21.9500,22.1000
2022-07-14,22.1000,22.1400,22.0000,22.1100
2022-07-15,22.1600,22.2250,22.0900,22.1900
2022-07-18,22.1800,22.3400,22.1500,22.1800
2022-07-19,22.6500,22.7250,22.6500,22.6600
2022-07-20,22.6700,22.6800,22.6100,22.6500
2022-07-21,22.6700,22.7000,22.6300,22.6900
2022-07-22,22.6900,22.7150,22.6700,22.7000
2022-07-25,22.6900,22.7000,22.6600,22.6700
2022-07-26,22.6500,22.7900,22.6500,22.7700
2022-07-27,22.7500,22.7900,22.7500,22.7700
2022-07-28,22.7200,22.8050,22.7200,22.8000
2022-07-29,22.7800,22.8000,22.7500,22.7800
2022-08-01,22.7800,22.8300,22.7500,22.7600
2022-08-02,22.7600,22.8100,22.7600,22.8000
2022-08-03,22.7700,22.8200,22.7700,22.8100
2022-08-04,22.7800,22.8200,22.7600,22.7900
2022-08-05,22.7800,22.8500,22.7700,22.8100
2022-08-08,22.8000,22.8500,22.7800,22.7800
2022-08-09,22.8200,22.8400,22.7800,22.8300
2022-08-10,22.8300,22.9000,22.8250,22.8900
2022-08-11,22.8800,22.8900,22.8300,22.8600
2022-08-12,22.8300,22.8700,22.8300,22.8600
2022-08-15,22.8500,22.8700,22.8400,22.8600
2022-08-16,22.8500,22.8800,22.8400,22.8800
2022-08-17,22.8500,22.8900,22.8500,22.8800
2022-08-18,22.8500,22.8900,22.8500,22.8900
2022-08-19,22.8600,22.8900,22.8500,22.8800
2022-08-22,22.8500,22.8800,22.8500,22.8600
2022-08-23,22.8800,22.8800,22.8400,22.8400
2022-08-24,22.8500,22.8700,22.8400,22.8600
2022-08-25,22.8600,22.8750,22.8500,22.8700
2022-08-26,22.8700,22.8900,22.8500,22.8600
2022-08-29,22.8600,22.8700,22.8500,22.8600
2022-08-30,22.8600,22.8800,22.8500,22.8600
2022-08-31,22.8700,22.8900,22.8600,22.8600
2022-09-01,22.8600,22.8800,22.8500,22.8600
2022-09-02,22.8700,22.8700,22.8500,22.8600
2022-09-06,22.8600,22.8700,22.8400,22.8500
2022-09-07,22.8500,22.8600,22.8400,22.8400
2022-09-08,22.8500,22.8700,22.8400,22.8600
2022-09-09,22.8500,23.0000,22.8500,22.9800
