DATE,OPEN,HIGH,LOW,CLOSE,VOLUME,MA50
2017-04-20,2.9641,2.9641,2.9503,2.9505,0.002,
2017-04-21,2.7767,2.7857,2.6934,2.7073,0.007,
2017-04-24,2.9320,2.9850,2.7073,2.8869,0.008,
2017-04-25,2.8461,2.8490,2.7073,2.7771,0.012,
2017-04-26,2.8189,2.8391,2.8189,2.8391,0.011,
2017-04-27,2.9101,2.9101,2.9101,2.9101,0.000,
2017-04-28,2.9063,2.9276,2.7073,2.8189,0.010,
2017-05-01,2.7975,2.9365,2.7975,2.9042,0.009,
2017-05-02,2.9243,2.9259,2.6032,2.8750,0.014,
2017-05-03,2.7900,2.9295,2.7900,2.9072,0.012,
2017-05-04,2.8022,2.9088,2.7900,2.7970,0.004,
2017-05-05,2.7970,2.7970,2.7970,2.7970,0.000,
2017-05-08,2.9644,2.9644,2.7412,2.7900,0.001,
2017-05-09,2.8528,2.8528,2.8528,2.8528,0.000,
2017-05-10,2.8225,2.8225,2.6924,2.6924,0.002,
2017-05-11,2.6924,2.6924,2.6924,2.6924,0.000,
2017-05-12,2.6505,2.6505,2.6376,2.6505,0.002,
2017-05-15,2.8947,2.8947,2.5668,2.5668,0.001,
2017-05-16,2.8528,2.8528,2.6743,2.7435,0.000,
2017-05-17,2.7412,2.7947,2.6007,2.6007,0.001,
2017-05-18,2.5180,2.8498,2.5180,2.7962,0.002,
2017-05-19,2.7900,2.8744,2.6505,2.7766,0.008,
2017-05-22,2.8179,2.8179,2.4413,2.5668,0.004,
2017-05-23,2.8179,2.8179,2.5389,2.5599,0.001,
2017-05-24,2.2878,2.5180,2.2739,2.5180,0.001,
2017-05-25,2.7900,2.7900,2.5599,2.5668,0.002,
2017-05-26,2.8179,2.8179,2.6505,2.6505,0.005,
2017-05-30,2.6784,2.6784,2.5599,2.5599,0.000,
2017-05-31,2.8179,2.8179,2.5473,2.5473,0.001,
2017-06-01,2.6505,2.7663,2.5777,2.5777,0.001,
2017-06-02,2.7796,2.8179,2.6715,2.8040,0.001,
2017-06-05,2.5809,2.7761,2.3018,2.4831,0.011,
2017-06-06,2.8179,2.8179,2.2571,2.3436,0.006,
2017-06-07,2.3715,2.6854,2.3436,2.6854,0.013,
2017-06-08,2.6854,2.7761,2.4204,2.7761,0.002,
2017-06-09,2.7761,2.7761,2.4064,2.7482,0.016,
2017-06-12,2.7761,2.7970,2.3715,2.7970,0.006,
2017-06-13,2.7552,2.7970,2.5180,2.7970,0.005,
2017-06-14,2.7412,2.7970,2.7412,2.7831,0.004,
2017-06-15,2.7970,2.7970,2.7761,2.7761,0.003,
2017-06-16,2.7761,2.7761,2.5041,2.5041,0.008,
2017-06-19,2.5668,2.5668,2.5668,2.5668,0.000,
2017-06-20,2.5669,2.7691,2.5668,2.7691,0.012,
2017-06-21,2.7761,2.7761,2.6367,2.7203,0.009,
2017-06-22,2.7324,2.7324,2.7324,2.7324,0.000,
2017-06-23,2.7342,2.7503,2.7203,2.7503,0.003,
2017-06-26,2.7203,2.7900,2.5389,2.7084,0.015,
2017-06-27,2.7192,2.7970,2.5808,2.7761,0.003,
2017-06-28,2.6087,2.7190,2.5529,2.7188,0.005,
2017-06-29,2.7419,2.7419,2.6344,2.6454,0.004,2.715
2017-06-30,2.7338,2.7552,2.6854,2.7203,0.007,2.711
2017-07-03,2.7649,2.7649,2.7627,2.7627,0.002,2.712
2017-07-05,2.7900,2.7900,2.6408,2.7561,0.003,2.709
2017-07-06,2.6940,2.7831,2.5808,2.6360,0.012,2.706
2017-07-07,2.7261,2.7261,2.6157,2.6854,0.003,2.703
2017-07-10,2.6839,2.7426,2.6444,2.7426,0.000,2.700
2017-07-11,2.7412,2.7900,2.7342,2.7900,0.011,2.699
2017-07-12,2.6605,2.6605,2.6605,2.6605,0.000,2.694
2017-07-13,2.6784,2.7732,2.6763,2.7334,0.013,2.692
2017-07-14,2.7637,2.7900,2.5415,2.6893,0.010,2.687
2017-07-17,2.7338,2.7621,2.6017,2.7621,0.023,2.687
2017-07-18,2.6994,2.7900,2.6592,2.7900,0.037,2.686
2017-07-19,2.7970,3.1248,2.7970,2.9784,0.044,2.690
2017-07-20,2.9645,3.4108,2.9644,3.1527,0.044,2.696
2017-07-21,3.2922,3.6410,3.2922,3.3710,0.050,2.710
2017-07-24,3.5294,3.6271,3.4876,3.5573,0.019,2.727
2017-07-25,3.5922,3.5922,3.3480,3.3480,0.007,2.741
2017-07-26,3.4223,3.4223,3.1806,3.2434,0.024,2.755
2017-07-27,3.1737,3.1849,2.9644,2.9714,0.047,2.759
2017-07-28,3.1368,3.1458,2.9644,2.9714,0.012,2.767
2017-07-31,3.0342,3.1861,2.9714,3.0488,0.010,2.772
2017-08-01,3.0342,3.1203,2.9993,3.0860,0.010,2.778
2017-08-02,2.9993,3.1388,2.9993,3.1109,0.035,2.789
2017-08-03,3.1109,3.1109,3.0063,3.0063,0.079,2.798
2017-08-04,3.0063,3.0063,2.9295,2.9540,0.023,2.806
2017-08-07,2.9676,3.0273,2.9644,2.9853,0.013,2.815
2017-08-08,3.0542,3.3690,3.0408,3.3480,0.053,2.829
2017-08-09,3.3480,3.3480,3.0614,3.2085,0.005,2.842
2017-08-10,3.2922,3.3201,3.1388,3.3086,0.007,2.857
2017-08-11,3.2134,3.2364,2.9644,2.9644,0.031,2.865
2017-08-14,3.1737,3.1878,2.9644,3.0254,0.010,2.869
2017-08-15,2.9644,2.9923,2.9644,2.9923,0.001,2.879
2017-08-16,2.9644,2.9923,2.9487,2.9644,0.024,2.892
2017-08-17,3.0422,3.0422,2.9644,3.0411,0.001,2.899
2017-08-18,2.9685,3.0202,2.9644,2.9679,0.006,2.903
2017-08-21,2.9784,2.9937,2.9644,2.9937,0.008,2.907
2017-08-22,2.9993,3.2024,2.9644,2.9644,0.026,2.911
2017-08-23,3.0132,3.1285,2.9644,3.1248,0.020,2.917
2017-08-24,3.1247,3.1647,2.9714,3.0202,0.029,2.922
2017-08-25,3.0690,3.2211,3.0020,3.1876,0.026,2.930
2017-08-28,3.1575,3.1652,3.0045,3.0411,0.045,2.941
2017-08-29,2.9714,3.0690,2.9714,3.0690,0.008,2.951
2017-08-30,3.0900,3.1318,3.0272,3.1318,0.011,2.958
2017-08-31,2.9993,3.1667,2.9963,3.0690,0.008,2.965
2017-09-01,3.0690,3.0690,3.0690,3.0690,0.000,2.972
2017-09-05,3.1527,3.2016,3.0760,3.2016,0.010,2.981
2017-09-06,3.1855,3.1855,3.0733,3.0760,0.005,2.988
2017-09-07,3.0690,3.0690,3.0690,3.0690,0.000,2.994
2017-09-08,3.0726,3.0760,3.0482,3.0621,0.002,3.001
2017-09-11,3.0621,3.2016,2.9853,3.0690,0.006,3.010
2017-09-12,3.1109,3.1172,3.0202,3.0411,0.005,3.016
2017-09-13,3.1723,3.1723,3.0776,3.0776,0.002,3.022
2017-09-14,3.0202,3.1388,2.9644,3.0551,0.008,3.028
2017-09-15,3.1109,3.1388,3.0552,3.1318,0.011,3.038
2017-09-18,3.1318,3.1318,2.9644,2.9714,0.023,3.044
2017-09-19,3.0690,3.0770,2.9574,2.9644,0.014,3.048
2017-09-20,2.9784,2.9854,2.9295,2.9295,0.009,3.051
2017-09-21,3.0342,3.0425,2.9644,2.9644,0.003,3.057
2017-09-22,3.0342,3.0342,2.9348,2.9348,0.005,3.061
2017-09-25,2.9295,2.9645,2.9295,2.9644,0.009,3.067
2017-09-26,2.9645,2.9645,2.9644,2.9644,0.022,3.071
2017-09-27,2.9312,2.9714,2.9312,2.9644,0.008,3.074
2017-09-28,2.9295,3.0579,2.9295,3.0063,0.003,3.075
2017-09-29,2.9644,2.9923,2.9644,2.9923,0.002,3.072
2017-10-02,3.0700,3.0700,2.9436,2.9436,0.007,3.063
2017-10-03,2.9365,3.0202,2.9295,3.0202,0.008,3.052
2017-10-04,3.0272,3.0342,2.9609,2.9993,0.115,3.045
2017-10-05,2.9881,2.9881,2.9881,2.9881,0.001,3.040
2017-10-06,2.9644,3.0017,2.9644,3.0003,0.005,3.041
2017-10-09,3.0063,3.0153,3.0063,3.0153,0.002,3.042
2017-10-10,3.0105,3.0142,2.9644,2.9923,0.009,3.041
2017-10-11,2.9993,2.9993,2.9714,2.9853,0.002,3.039
2017-10-12,2.9923,3.0072,2.9644,2.9659,0.002,3.036
2017-10-13,2.9752,2.9752,2.9435,2.9505,0.042,3.035
2017-10-16,2.9714,2.9923,2.9644,2.9853,0.005,3.035
2017-10-17,3.0342,3.0342,2.9644,2.9644,0.007,3.035
2017-10-18,2.9644,2.9644,2.8598,2.9086,0.002,3.026
2017-10-19,2.8730,2.9295,2.8598,2.8737,0.006,3.019
2017-10-20,2.8598,2.9575,2.8598,2.8852,0.008,3.011
2017-10-23,2.9295,3.0272,2.8598,2.8668,0.033,3.009
2017-10-24,2.8605,3.0577,2.8598,2.8598,0.007,3.006
2017-10-25,2.8605,2.9505,2.8605,2.9365,0.010,3.004
2017-10-26,2.9298,2.9574,2.8668,2.8807,0.020,3.003
2017-10-27,2.8599,2.9156,2.8598,2.8737,0.005,2.999
2017-10-30,2.9295,2.9295,2.8947,2.8947,0.002,2.998
2017-10-31,2.8947,2.9019,2.8598,2.8598,0.008,2.995
2017-11-01,2.8598,2.8947,2.8598,2.8947,0.006,2.994
2017-11-02,2.8878,3.0551,2.8598,2.8947,0.023,2.989
2017-11-03,3.0063,3.0063,2.8947,2.8947,0.001,2.987
2017-11-06,2.8947,2.9574,2.8877,2.8877,0.006,2.981
2017-11-07,2.8883,2.8947,2.8877,2.8877,0.001,2.978
2017-11-08,2.9021,2.9021,2.8877,2.9016,0.005,2.974
2017-11-09,2.9470,2.9574,2.9086,2.9435,0.007,2.971
2017-11-10,2.9365,2.9853,2.9156,2.9784,0.009,2.969
2017-11-13,2.9714,2.9986,2.9156,2.9645,0.013,2.967
2017-11-14,2.9645,2.9645,2.9645,2.9645,0.000,2.962
2017-11-15,2.9295,3.0342,2.9156,2.9780,0.032,2.960
2017-11-16,3.0342,3.0342,2.8605,2.9505,0.013,2.958
2017-11-17,2.8598,2.9505,2.8598,2.8877,0.005,2.954
2017-11-20,2.9521,2.9521,2.9017,2.9295,0.006,2.951
2017-11-21,2.9435,2.9504,2.8598,2.8598,0.045,2.948
2017-11-22,2.8737,2.9078,2.8728,2.9078,0.024,2.944
2017-11-24,2.9078,2.9078,2.9078,2.9078,0.000,2.941
2017-11-27,2.9443,2.9443,2.8601,2.8601,0.003,2.936
2017-11-28,2.8741,2.8792,2.8598,2.8668,0.004,2.934
2017-11-29,2.8668,2.8668,2.8668,2.8668,0.000,2.932
2017-11-30,2.9361,2.9373,2.8656,2.9225,0.002,2.932
2017-12-01,2.8748,2.8748,2.8668,2.8668,0.001,2.930
2017-12-04,2.8880,2.8880,2.8668,2.8809,0.001,2.929
2017-12-05,2.8615,2.8615,2.8615,2.8615,0.000,2.927
2017-12-06,2.9373,2.9373,2.8668,2.8739,0.005,2.925
2017-12-07,2.8680,2.8739,2.8668,2.8739,0.002,2.923
2017-12-08,2.8809,2.8809,2.8809,2.8809,0.001,2.921
2017-12-11,2.8598,2.8598,2.8598,2.8598,0.002,2.918
2017-12-12,2.8880,2.9091,2.8598,2.8598,0.005,2.916
2017-12-13,2.9161,2.9232,2.8668,2.8739,0.005,2.913
2017-12-14,2.9232,2.9232,2.8739,2.8809,0.004,2.911
2017-12-15,2.8809,2.8809,2.8809,2.8809,0.000,2.909
2017-12-18,2.8880,2.9020,2.8598,2.8668,0.011,2.906
2017-12-19,2.8668,2.8668,2.8668,2.8668,0.000,2.903
2017-12-20,2.8598,3.0499,2.8598,3.0351,0.012,2.904
2017-12-21,3.0429,3.4092,2.9739,3.2542,0.270,2.909
2017-12-22,3.2613,3.2613,2.8598,2.9021,0.038,2.908
2017-12-26,3.0479,3.1338,2.8598,2.8669,0.007,2.906
2017-12-27,2.9584,3.0852,2.8598,2.9232,0.030,2.905
2017-12-28,2.8599,2.9584,2.8599,2.9126,0.004,2.904
2017-12-29,2.8809,3.0852,2.8598,2.9801,0.048,2.906
2018-01-02,2.9443,2.9443,2.8668,2.8668,0.004,2.905
2018-01-03,2.8668,2.9854,2.8668,2.9361,0.004,2.907
2018-01-04,2.8809,2.9936,2.8809,2.9725,0.001,2.909
2018-01-05,2.8739,2.9859,2.8739,2.9859,0.001,2.911
2018-01-08,2.8880,2.9365,2.8106,2.8527,0.020,2.909
2018-01-09,2.8105,2.8316,2.8105,2.8175,0.002,2.908
2018-01-10,2.8175,2.9936,2.8175,2.9661,0.013,2.910
2018-01-11,3.0218,3.0218,2.9091,2.9161,0.013,2.910
2018-01-12,3.0148,3.0148,3.0148,3.0148,0.000,2.914
2018-01-16,3.0077,3.1391,2.9725,3.1204,0.021,2.918
2018-01-17,3.0781,3.1696,3.0641,3.0641,0.006,2.921
2018-01-18,3.0007,3.0626,2.9098,3.0500,0.002,2.925
2018-01-19,2.9091,2.9232,2.8246,2.8246,0.005,2.923
2018-01-22,2.8387,2.9443,2.8387,2.9443,0.004,2.924
2018-01-23,2.8387,2.9021,2.8387,2.9013,0.001,2.924
2018-01-24,2.9013,2.9013,2.9013,2.9013,0.000,2.924
2018-01-25,2.8513,2.8513,2.8513,2.8513,0.000,2.921
2018-01-26,2.8809,2.8809,2.8106,2.8317,0.003,2.918
2018-01-29,2.8598,2.8598,2.8598,2.8598,0.001,2.916
2018-01-30,2.8387,2.8528,2.8175,2.8316,0.010,2.913
2018-01-31,2.8195,2.8387,2.8175,2.8316,0.002,2.911
2018-02-01,2.7753,2.7753,2.7753,2.7753,0.000,2.909
2018-02-02,2.7753,2.7823,2.7753,2.7753,0.004,2.906
2018-02-05,2.7471,2.7682,2.6766,2.6923,0.005,2.902
2018-02-06,2.7893,2.8458,2.4653,2.6414,0.009,2.897
2018-02-07,2.2230,2.6989,2.2230,2.6989,0.010,2.893
2018-02-08,2.3949,2.7612,2.3949,2.6062,0.015,2.888
2018-02-09,2.3245,2.6626,2.3245,2.6600,0.010,2.884
2018-02-12,2.5780,2.7330,2.5780,2.6414,0.005,2.879
2018-02-13,2.6062,2.9584,2.5992,2.6907,0.010,2.874
2018-02-14,2.5006,2.5358,2.5006,2.5358,0.006,2.868
2018-02-15,2.4090,2.5665,2.0427,2.4442,0.005,2.859
2018-02-16,2.6062,2.8668,2.4653,2.6766,0.005,2.855
2018-02-20,2.5006,2.5569,2.5006,2.5358,0.002,2.849
2018-02-21,2.4477,2.7260,2.4403,2.6414,0.010,2.844
2018-02-22,2.6414,2.7400,2.6414,2.7400,0.016,2.841
2018-02-23,2.6289,2.6289,2.5006,2.6204,0.001,2.836
2018-02-26,2.5752,2.5752,2.5752,2.5752,0.000,2.831
2018-02-27,2.6133,2.6990,2.5252,2.6766,0.003,2.827
2018-02-28,2.6766,2.6766,2.6485,2.6485,0.000,2.822
2018-03-01,2.5358,2.5358,2.5357,2.5357,0.000,2.815
2018-03-02,2.6731,2.8880,2.6414,2.7964,0.008,2.814
2018-03-05,2.6414,2.6766,2.4792,2.6766,0.008,2.810
2018-03-06,2.6414,2.6766,2.6414,2.6555,0.001,2.802
2018-03-07,2.6766,2.6766,2.6485,2.6485,0.000,2.790
2018-03-08,2.6414,2.6907,2.6414,2.6907,0.001,2.786
2018-03-09,2.6696,2.6766,2.6696,2.6696,0.001,2.782
2018-03-12,2.6696,2.6696,2.6696,2.6696,0.000,2.777
2018-03-13,2.6273,2.7119,2.6133,2.7119,0.005,2.773
2018-03-14,2.6423,3.0148,2.6423,2.7682,0.007,2.769
2018-03-15,2.7541,2.7541,2.7541,2.7541,0.000,2.767
2018-03-16,2.8105,2.9302,2.8105,2.9232,0.012,2.766
2018-03-19,2.9232,2.9232,2.5006,2.7119,0.017,2.761
2018-03-20,2.7119,2.7189,2.7119,2.7119,0.001,2.756
2018-03-21,2.7119,2.9161,2.6978,2.8689,0.015,2.756
2018-03-22,2.8527,2.8527,2.7848,2.7848,0.003,2.755
2018-03-23,2.7753,2.7823,2.7753,2.7823,0.001,2.752
2018-03-26,2.8205,2.8205,2.7823,2.8158,0.002,2.750
2018-03-27,2.6203,2.7006,2.6203,2.7006,0.009,2.743
2018-03-28,2.6766,2.7119,2.6766,2.7119,0.002,2.735
2018-03-29,2.7700,2.7700,2.6414,2.6414,0.002,2.727
2018-04-02,2.6414,2.6414,2.6414,2.6414,0.000,2.718
2018-04-03,2.6617,2.6617,2.6485,2.6485,0.001,2.715
2018-04-04,2.4724,2.6062,2.4724,2.6062,0.001,2.708
2018-04-05,2.6226,2.6226,2.6062,2.6062,0.001,2.702
2018-04-06,2.3456,2.8105,2.3456,2.6414,0.005,2.697
2018-04-09,2.6414,2.6414,2.6414,2.6414,0.000,2.693
2018-04-10,2.6766,2.8527,2.6766,2.8175,0.017,2.693
2018-04-11,2.8175,2.9232,2.8175,2.9232,0.010,2.694
2018-04-12,2.9232,2.9232,2.8246,2.8246,0.003,2.694
2018-04-13,2.8811,2.8811,2.8811,2.8811,0.000,2.695
2018-04-16,2.8885,2.9443,2.8880,2.9443,0.002,2.698
2018-04-17,2.8457,2.8457,2.8175,2.8175,0.002,2.699
2018-04-18,2.8175,2.8387,2.8175,2.8387,0.001,2.702
2018-04-19,2.8387,2.8387,2.8387,2.8387,0.000,2.706
2018-04-20,2.8387,2.8387,2.8387,2.8387,0.000,2.709
2018-04-23,2.8387,2.8387,2.8387,2.8387,0.000,2.713
2018-04-24,2.8387,2.8387,2.8387,2.8387,0.000,2.717
2018-04-25,2.8181,2.8181,2.8175,2.8175,0.014,2.720
2018-04-26,2.8175,2.8175,2.8175,2.8175,0.000,2.723
2018-04-27,2.6626,2.6626,2.6626,2.6626,0.001,2.725
2018-04-30,2.7400,2.7401,2.7330,2.7330,0.003,2.731
2018-05-01,2.7119,2.7325,2.7119,2.7255,0.002,2.732
2018-05-02,2.7255,2.7255,2.7119,2.7119,0.008,2.736
2018-05-03,2.7119,2.7119,2.7119,2.7119,0.000,2.737
2018-05-04,2.6766,2.6847,2.6766,2.6766,0.003,2.736
2018-05-07,2.6766,2.7916,2.6766,2.6767,0.001,2.737
2018-05-08,2.6767,2.6767,2.6767,2.6767,0.000,2.739
2018-05-09,2.7018,2.7018,2.7018,2.7018,0.001,2.740
2018-05-10,2.7018,2.7018,2.7018,2.7018,0.000,2.741
2018-05-11,2.7048,2.7048,2.7048,2.7048,0.006,2.744
2018-05-14,2.7472,2.7472,2.4660,2.7189,0.021,2.742
2018-05-15,2.7615,2.7615,2.7330,2.7330,0.001,2.744
2018-05-16,2.7330,2.7330,2.7260,2.7330,0.001,2.745
2018-05-17,2.7330,2.7330,2.7330,2.7330,0.000,2.747
2018-05-18,2.7330,2.7330,2.7330,2.7330,0.000,2.748
2018-05-21,2.8175,3.1697,2.7894,2.8809,0.044,2.752
2018-05-22,3.1697,3.1697,2.7542,2.8809,0.012,2.756
2018-05-23,2.9519,2.9519,2.7541,2.9232,0.004,2.760
2018-05-24,2.8668,2.9225,2.8668,2.9161,0.000,2.763
2018-05-25,2.8739,2.8882,2.7190,2.8527,0.004,2.765
2018-05-29,2.8527,2.8527,2.8527,2.8527,0.000,2.764
2018-05-30,2.8444,2.8527,2.7753,2.7753,0.000,2.765
2018-05-31,2.7753,2.8450,2.7753,2.8446,0.001,2.768
2018-06-01,2.8387,2.9443,2.8175,2.9443,0.009,2.769
2018-06-04,2.9443,2.9443,2.9443,2.9443,0.000,2.772
2018-06-05,2.9798,2.9798,2.9798,2.9798,0.000,2.776
2018-06-06,2.9654,2.9654,2.8880,2.8880,0.000,2.778
2018-06-07,2.9232,2.9232,2.9232,2.9232,0.002,2.782
2018-06-08,2.9021,2.9021,2.8950,2.8950,0.001,2.786
2018-06-11,2.8387,2.8387,2.8316,2.8316,0.001,2.790
2018-06-12,2.9232,2.9232,2.9232,2.9232,0.000,2.795
2018-06-13,2.8542,2.8542,2.8175,2.8175,0.003,2.799
2018-06-14,2.8708,2.8708,2.8175,2.8175,0.001,2.803
2018-06-15,2.8175,2.8246,2.8175,2.8246,0.005,2.807
2018-06-18,2.8387,2.8387,2.8175,2.8175,0.002,2.811
2018-06-19,2.8527,2.8527,2.8175,2.8175,0.005,2.814
2018-06-20,2.8034,2.8034,2.8034,2.8034,0.000,2.814
2018-06-21,2.8034,2.8034,2.8034,2.8034,0.000,2.812
2018-06-22,2.8034,2.8091,2.8034,2.8091,0.002,2.811
2018-06-25,2.8091,2.8091,2.8091,2.8091,0.000,2.810
2018-06-26,2.8643,2.8643,2.8643,2.8643,0.000,2.808
2018-06-27,2.8415,2.8415,2.8368,2.8368,0.000,2.809
2018-06-28,2.8034,2.8034,2.8034,2.8034,0.000,2.808
2018-06-29,2.9213,2.9213,2.9213,2.9213,0.000,2.810
2018-07-02,2.9213,2.9213,2.9213,2.9213,0.000,2.811
2018-07-03,2.7964,2.8175,2.7964,2.7964,0.002,2.811
2018-07-05,2.8089,2.8826,2.8087,2.8175,0.017,2.810
2018-07-06,2.7823,2.8677,2.5076,2.8677,0.001,2.811
2018-07-09,2.2399,2.8591,2.2399,2.7471,0.001,2.810
2018-07-10,2.8104,2.8175,2.5710,2.7682,0.011,2.812
2018-07-11,2.7753,2.7753,2.5048,2.7631,0.005,2.812
2018-07-12,2.6414,2.8034,2.4653,2.7330,0.032,2.813
2018-07-13,2.7541,2.7612,2.7541,2.7612,0.008,2.814
2018-07-16,2.7612,2.7612,2.7612,2.7612,0.000,2.815
2018-07-17,2.6626,2.7470,2.6414,2.6766,0.009,2.815
2018-07-18,2.5006,2.6677,2.5006,2.5650,0.008,2.812
2018-07-19,2.5650,2.5650,2.5650,2.5650,0.000,2.810
2018-07-20,2.5650,2.5650,2.5650,2.5650,0.000,2.807
2018-07-23,2.5650,2.5650,2.5650,2.5650,0.000,2.805
2018-07-24,2.6456,2.6456,2.6203,2.6451,0.002,2.803
2018-07-25,2.5729,2.6027,2.5371,2.5921,0.006,2.801
2018-07-26,2.5921,2.7048,2.5921,2.6414,0.021,2.799
2018-07-27,2.6433,2.6676,2.6414,2.6414,0.001,2.797
2018-07-30,2.7682,2.7753,2.6802,2.7753,0.007,2.798
2018-07-31,2.6415,2.7464,2.6414,2.6766,0.017,2.797
2018-08-01,2.6766,2.6766,2.6766,2.6766,0.000,2.793
2018-08-02,2.7260,2.7470,2.7189,2.7189,0.009,2.790
2018-08-03,2.7189,2.7189,2.7189,2.7189,0.000,2.786
2018-08-06,2.4935,2.6612,2.3597,2.6273,0.007,2.780
2018-08-07,2.6414,2.6819,2.5710,2.6021,0.003,2.775
2018-08-08,2.6021,2.6021,2.6021,2.6021,0.000,2.770
2018-08-09,2.5294,2.7471,2.4512,2.7342,0.002,2.769
2018-08-10,2.7420,2.7420,2.7420,2.7420,0.000,2.767
2018-08-13,2.7353,2.7353,2.4352,2.5147,0.004,2.758
2018-08-14,2.6411,2.6411,2.5500,2.5710,0.003,2.751
2018-08-15,2.5711,2.5711,2.5711,2.5711,0.006,2.743
2018-08-16,2.5711,2.5711,2.5711,2.5711,0.000,2.736
2018-08-17,2.5710,2.5711,2.5710,2.5710,0.008,2.729
2018-08-20,2.5710,2.5710,2.5710,2.5710,0.000,2.723
2018-08-21,2.3526,2.5569,2.3385,2.4653,0.001,2.715
2018-08-22,2.4653,2.4653,2.4653,2.4653,0.000,2.706
2018-08-23,2.4634,3.0922,2.4634,2.4653,0.096,2.699
2018-08-24,2.4867,2.9786,2.4867,2.5710,0.007,2.694
2018-08-27,2.5428,2.9232,2.5428,2.6907,0.006,2.692
2018-08-28,2.6907,2.9654,2.6590,2.9654,0.004,2.695
2018-08-29,2.9936,2.9936,2.8175,2.8175,0.007,2.695
2018-08-30,2.9936,2.9936,2.9187,2.9187,0.001,2.697
2018-08-31,2.9187,2.9187,2.9187,2.9187,0.000,2.699
2018-09-04,2.8316,2.8316,2.6114,2.6114,0.002,2.695
2018-09-05,2.9664,2.9664,2.7960,2.7960,0.000,2.695
2018-09-06,2.7960,2.7960,2.7960,2.7960,0.000,2.694
2018-09-07,2.7960,2.7960,2.7960,2.7960,0.000,2.693
2018-09-10,2.6837,2.9936,2.6730,2.9936,0.008,2.697
2018-09-11,2.9324,2.9866,2.5358,2.5358,0.004,2.689
2018-09-12,3.2120,3.2120,2.6766,2.7893,0.006,2.686
2018-09-13,2.9795,2.9936,2.9795,2.9936,0.001,2.690
2018-09-14,2.6978,2.9936,2.6414,2.9936,0.002,2.694
2018-09-17,2.8456,2.8527,2.6766,2.8527,0.001,2.693
2018-09-18,2.8494,2.9443,2.8494,2.9443,0.002,2.697
2018-09-19,2.7823,2.9443,2.7541,2.7541,0.006,2.697
2018-09-20,2.9514,2.9514,2.9443,2.9443,0.000,2.701
2018-09-21,2.8809,2.9161,2.5710,2.5710,0.008,2.697
2018-09-24,2.5710,2.5710,2.5710,2.5710,0.000,2.694
2018-09-25,2.5639,2.7119,2.5358,2.6766,0.004,2.692
2018-09-26,2.7893,2.8189,2.4903,2.5006,0.005,2.688
2018-09-27,2.5006,2.5006,2.5006,2.5006,0.000,2.687
2018-09-28,2.5358,2.7611,2.5358,2.7611,0.001,2.691
2018-10-01,2.7611,2.7611,2.7611,2.7611,0.000,2.695
2018-10-02,2.5131,2.6564,2.5006,2.6564,0.001,2.697
2018-10-03,2.5358,2.5780,2.5358,2.5780,0.000,2.695
2018-10-04,2.7682,2.8527,2.7682,2.8402,0.001,2.700
2018-10-05,2.5710,2.5710,2.5499,2.5710,0.001,2.699
2018-10-08,2.5639,2.5639,2.5639,2.5639,0.001,2.697
2018-10-09,2.5921,2.5921,2.5710,2.5710,0.001,2.693
2018-10-10,2.5870,2.5870,2.5851,2.5851,0.005,2.692
2018-10-11,2.4913,2.4913,2.4913,2.4913,0.000,2.688
2018-10-12,2.5336,2.5990,2.5336,2.5556,0.004,2.685
2018-10-15,2.5556,2.5710,2.5556,2.5710,0.001,2.682
2018-10-16,2.5710,2.5710,2.5710,2.5710,0.000,2.681
2018-10-17,2.5710,2.5710,2.5710,2.5710,0.000,2.680
2018-10-18,2.5710,2.5710,2.5710,2.5710,0.000,2.679
2018-10-19,2.5710,2.5710,2.5710,2.5710,0.000,2.676
2018-10-22,2.5639,2.5639,2.5428,2.5428,0.001,2.672
2018-10-23,2.5428,2.5556,2.5428,2.5556,0.001,2.673
2018-10-24,2.5921,2.6062,2.5780,2.5780,0.001,2.673
2018-10-25,2.5006,2.5006,2.5006,2.5006,0.000,2.672
2018-10-26,2.5006,2.5006,2.5006,2.5006,0.000,2.670
2018-10-29,2.4724,2.4848,2.4724,2.4848,0.001,2.668
2018-10-30,2.5924,2.5924,2.4724,2.4724,0.001,2.666
2018-10-31,2.4724,2.4724,2.4724,2.4724,0.000,2.667
2018-11-01,2.4653,2.4653,2.4653,2.4653,0.003,2.667
2018-11-02,2.4653,2.4653,2.4653,2.4653,0.000,2.667
2018-11-05,2.2540,2.3857,2.1498,2.3738,0.004,2.663
2018-11-06,2.2892,2.2892,2.2892,2.2892,0.000,2.655
2018-11-07,2.2194,2.2194,2.2194,2.2194,0.003,2.640
2018-11-08,2.2194,2.2194,2.2194,2.2194,0.000,2.628
2018-11-09,2.2194,2.2194,2.2194,2.2194,0.000,2.614
2018-11-12,2.3667,2.9936,2.3667,2.5851,0.017,2.607
2018-11-13,2.3982,2.3982,2.1131,2.2399,0.008,2.600
2018-11-14,2.3456,2.3456,2.3456,2.3456,0.000,2.591
2018-11-15,2.3457,2.6766,2.1977,2.1977,0.005,2.579
2018-11-16,2.2653,2.2653,2.2653,2.2653,0.000,2.568
2018-11-19,2.1131,2.1131,2.1131,2.1131,0.000,2.550
2018-11-20,2.2258,2.2258,2.2258,2.2258,0.000,2.544
2018-11-21,2.1131,2.1131,1.8173,2.0286,0.002,2.529
2018-11-23,2.0286,2.0286,2.0286,2.0286,0.000,2.510
2018-11-26,2.1343,2.1343,1.7187,2.0991,0.006,2.492
2018-11-27,1.7539,2.0075,1.5003,1.6271,0.022,2.467
2018-11-28,1.6553,1.7962,1.6553,1.7821,0.002,2.444
2018-11-29,1.8314,2.0991,1.5215,1.8666,0.036,2.426
2018-11-30,1.8666,1.9511,1.8666,1.8666,0.004,2.405
2018-12-03,1.9470,1.9470,1.8667,1.8667,0.001,2.391
2018-12-04,1.8747,1.8816,1.8666,1.8666,0.003,2.377
2018-12-06,1.8666,1.9821,1.8666,1.9723,0.004,2.363
2018-12-07,1.9723,1.9723,1.9723,1.9723,0.000,2.352
2018-12-10,1.8802,1.8802,1.8746,1.8746,0.000,2.339
2018-12-11,1.8746,1.8746,1.8746,1.8746,0.000,2.322
2018-12-12,1.9206,1.9206,1.9159,1.9159,0.000,2.305
2018-12-13,1.8667,1.8667,1.8667,1.8667,0.001,2.289
2018-12-14,2.1131,2.1131,1.8667,1.8765,0.001,2.275
2018-12-17,1.9704,1.9704,1.7328,1.7750,0.002,2.254
2018-12-18,1.4862,1.5849,1.4862,1.5849,0.000,2.234
2018-12-19,1.5849,1.5849,1.5849,1.5849,0.001,2.214
2018-12-20,2.1131,2.1131,1.5849,2.0427,0.007,2.204
2018-12-21,2.0850,2.0850,1.5989,1.6342,0.005,2.185
2018-12-24,1.6905,1.6905,1.6905,1.6905,0.000,2.169
2018-12-26,1.4862,1.9370,1.4862,1.9296,0.003,2.156
2018-12-27,1.7610,1.7680,1.7610,1.7680,0.001,2.140
2018-12-28,1.7821,1.7910,1.7821,1.7821,0.010,2.124
2018-12-31,1.7821,1.9213,1.6342,1.6342,0.001,2.106
2019-01-02,1.6342,1.6342,1.6342,1.6342,0.000,2.087
2019-01-03,1.5285,1.8314,1.4862,1.4862,0.006,2.065
2019-01-04,1.5523,1.5523,1.4440,1.4440,0.042,2.043
2019-01-07,1.4584,1.6606,1.4584,1.6086,0.022,2.024
2019-01-08,1.6519,1.6519,1.5017,1.5667,0.046,2.004
2019-01-09,1.5667,1.5667,1.5667,1.5667,0.000,1.985
2019-01-10,1.5523,1.5898,1.5523,1.5855,0.001,1.967
2019-01-11,1.5855,1.5855,1.5855,1.5855,0.000,1.949
2019-01-14,1.6028,1.6786,1.5884,1.5884,0.005,1.931
2019-01-15,1.5306,1.6786,1.5306,1.6606,0.002,1.915
2019-01-16,1.5595,1.5595,1.5595,1.5595,0.000,1.897
2019-01-17,1.5956,1.7689,1.5884,1.5884,0.004,1.880
2019-01-18,1.5956,1.6967,1.5884,1.6967,0.003,1.866
2019-01-22,1.6967,1.6967,1.6036,1.6036,0.002,1.852
2019-01-23,1.5891,1.6245,1.5884,1.5884,0.001,1.840
2019-01-24,1.5963,1.6887,1.5963,1.6887,0.000,1.829
2019-01-25,1.6678,1.6835,1.6678,1.6835,0.001,1.818
2019-01-28,1.6835,1.6835,1.6835,1.6835,0.000,1.800
2019-01-29,1.6326,1.6326,1.6326,1.6326,0.001,1.788
2019-01-30,1.6317,1.7111,1.6317,1.6317,0.011,1.774
2019-01-31,1.6317,1.7039,1.6317,1.6750,0.012,1.763
2019-02-01,1.7039,1.7617,1.7039,1.7147,0.006,1.752
2019-02-04,1.7689,1.7725,1.7689,1.7725,0.000,1.746
2019-02-05,1.7879,1.7978,1.7869,1.7978,0.002,1.737
2019-02-06,1.7854,1.8122,1.7854,1.8122,0.003,1.733
2019-02-07,1.8122,1.8122,1.8122,1.8122,0.000,1.728
2019-02-08,1.8122,1.8122,1.8122,1.8122,0.000,1.723
2019-02-11,1.8627,2.5342,1.8530,2.3847,0.090,1.738
2019-02-12,2.2959,2.4901,2.2959,2.3898,0.030,1.750
2019-02-13,2.3900,2.4909,2.3609,2.4909,0.021,1.762
2019-02-14,2.5992,2.5992,2.3826,2.4548,0.011,1.774
2019-02-15,2.4187,2.5984,2.4114,2.5631,0.013,1.788
2019-02-19,2.4909,2.6714,2.4909,2.6714,0.002,1.804
2019-02-20,2.5053,2.5775,2.4163,2.5631,0.010,1.816
2019-02-21,2.4475,2.6714,2.4187,2.6714,0.010,1.830
2019-02-22,2.4091,2.8750,2.4091,2.8750,0.009,1.850
2019-02-25,2.9024,2.9241,2.5125,2.5125,0.004,1.863
2019-02-26,2.7869,2.9241,2.6641,2.6641,0.003,1.878
2019-02-27,2.7941,3.1479,2.5631,2.8953,0.009,1.898
2019-02-28,2.6353,3.0973,2.5847,3.0973,0.010,1.923
2019-03-01,2.9674,2.9674,2.9144,2.9168,0.003,1.946
2019-03-04,2.8880,2.9890,2.8059,2.8059,0.009,1.970
2019-03-05,2.8226,2.9890,2.8085,2.9818,0.003,1.998
2019-03-06,2.9503,2.9746,2.9062,2.9062,0.001,2.015
2019-03-07,2.9024,2.9024,2.8158,2.8158,0.001,2.039
2019-03-08,2.8013,2.9818,2.5992,2.9818,0.001,2.065
2019-03-11,2.7436,2.9818,2.7363,2.9746,0.004,2.086
2019-03-12,2.7422,2.8880,2.5125,2.7172,0.006,2.105
2019-03-13,2.7075,2.7075,2.5558,2.6641,0.002,2.122
2019-03-14,2.6641,2.8027,2.4330,2.4330,0.004,2.138
2019-03-15,2.2671,2.5125,2.1660,2.2021,0.021,2.150
2019-03-18,2.3898,2.3898,2.1299,2.2743,0.002,2.165
2019-03-19,2.2815,2.3826,2.2093,2.3826,0.001,2.184
2019-03-20,2.2021,2.3681,2.2021,2.2382,0.003,2.197
2019-03-21,2.2454,2.2454,2.2309,2.2309,0.008,2.210
2019-03-22,2.2021,2.2382,2.2021,2.2271,0.004,2.223
2019-03-25,2.2021,2.2021,2.2021,2.2021,0.002,2.236
2019-03-26,2.0216,2.1010,1.9915,2.1010,0.009,2.246
2019-03-27,2.1588,2.1588,2.1588,2.1588,0.000,2.257
2019-03-28,2.1046,2.4260,2.1010,2.1660,0.031,2.267
2019-03-29,2.1660,2.1660,2.1660,2.1660,0.000,2.279
2019-04-01,2.1949,2.1949,1.8555,2.0680,0.012,2.289
2019-04-02,1.9277,2.1515,1.9277,1.9855,0.003,2.295
2019-04-03,2.0216,2.0375,1.9855,1.9954,0.005,2.303
2019-04-04,2.0307,2.0390,2.0307,2.0390,0.000,2.312
2019-04-05,2.0216,2.0216,1.8772,2.0216,0.004,2.318
2019-04-08,2.0289,2.1371,2.0289,2.0938,0.002,2.327
2019-04-09,2.0938,2.1443,2.0938,2.1443,0.002,2.336
2019-04-10,2.1660,2.1660,2.1010,2.1154,0.005,2.345
2019-04-11,2.1010,2.1515,2.1010,2.1515,0.001,2.356
2019-04-12,2.1082,2.1515,2.1082,2.1515,0.002,2.365
2019-04-15,2.1082,2.1515,2.1082,2.1515,0.001,2.374
2019-04-16,2.1588,2.1660,2.1555,2.1660,0.002,2.382
2019-04-17,2.1515,2.1515,2.1299,2.1299,0.000,2.389
2019-04-18,2.1299,2.1299,2.1299,2.1299,0.000,2.395
2019-04-22,2.0938,2.0938,2.0938,2.0938,0.001,2.401
2019-04-23,2.0793,2.1299,1.9783,2.0938,0.004,2.406
2019-04-24,1.9494,1.9494,1.9494,1.9494,0.003,2.398
2019-04-25,1.9696,2.0107,1.9696,2.0107,0.003,2.390
2019-04-26,1.9133,1.9133,1.8772,1.8772,0.001,2.378
2019-04-29,2.0577,2.0793,1.9133,1.9778,0.004,2.368
2019-04-30,1.9778,1.9778,1.9778,1.9778,0.000,2.356
2019-05-01,1.9778,1.9778,1.9778,1.9778,0.000,2.343
2019-05-02,1.9778,1.9778,1.9778,1.9778,0.000,2.331
2019-05-03,1.9133,1.9133,1.8772,1.8772,0.003,2.315
2019-05-06,1.8772,1.8772,1.8772,1.8772,0.001,2.295
2019-05-07,1.8772,1.8772,1.8772,1.8772,0.000,2.282
2019-05-08,1.9577,1.9577,1.9577,1.9577,0.000,2.268
2019-05-09,1.9577,1.9577,1.9577,1.9577,0.000,2.249
2019-05-10,1.9577,1.9577,1.9577,1.9577,0.000,2.227
2019-05-13,1.8772,1.9349,1.8122,1.8195,0.016,2.205
2019-05-14,1.8752,1.8752,1.8050,1.8050,0.010,2.185
2019-05-15,1.7328,1.7360,1.7237,1.7237,0.002,2.159
2019-05-16,1.8339,1.9277,1.7256,1.8576,0.009,2.139
2019-05-17,1.8988,1.9133,1.7111,1.7552,0.063,2.117
2019-05-20,1.9061,1.9783,1.7183,1.8122,0.026,2.094
2019-05-21,1.8916,2.0838,1.8916,1.9710,0.168,2.074
2019-05-22,1.9863,1.9863,1.8140,1.9132,0.003,2.058
2019-05-23,1.9042,1.9078,1.7544,1.8122,0.058,2.041
2019-05-24,1.8122,1.8122,1.8122,1.8122,0.000,2.028
2019-05-28,1.7400,1.8194,1.7400,1.7472,0.010,2.019
2019-05-29,1.6967,1.8194,1.6967,1.7400,0.008,2.009
2019-05-30,1.7472,2.4187,1.7472,2.3356,0.160,2.008
2019-05-31,2.0432,2.5197,2.0432,2.1804,0.019,2.006
2019-06-03,2.1732,2.2001,1.7039,1.9180,0.011,2.000
2019-06-04,1.7903,1.8728,1.7817,1.8050,0.011,1.992
2019-06-05,1.7328,1.8049,1.7328,1.7329,0.009,1.982
2019-06-06,1.7400,1.7400,1.6173,1.6960,0.011,1.974
2019-06-07,1.6245,1.6492,1.5884,1.6326,0.008,1.964
2019-06-10,1.6326,1.6326,1.6326,1.6326,0.000,1.953
2019-06-11,1.6678,1.6678,1.6317,1.6606,0.011,1.943
2019-06-12,1.6606,1.7577,1.6606,1.7577,0.003,1.937
2019-06-13,1.7328,1.7747,1.6317,1.7747,0.002,1.933
2019-06-14,1.7256,1.7833,1.6606,1.6822,0.017,1.926
2019-06-17,1.5956,1.7472,1.5234,1.6285,0.004,1.918
2019-06-18,1.6606,1.7039,1.6606,1.6606,0.007,1.911
2019-06-19,1.6441,1.6804,1.6441,1.6804,0.001,1.903
2019-06-20,1.6245,1.7328,1.6245,1.7328,0.000,1.894
2019-06-21,1.6967,1.7256,1.6678,1.7256,0.003,1.887
2019-06-24,1.7905,1.7905,1.6967,1.7761,0.043,1.879
2019-06-25,1.7183,2.0144,1.7111,2.0144,0.147,1.876
2019-06-26,2.0938,2.3032,1.9133,2.2493,0.027,1.878
2019-06-27,1.9710,2.3681,1.9710,2.2671,0.002,1.880
2019-06-28,1.9566,2.2382,1.9566,2.1299,0.002,1.880
2019-07-01,2.2743,2.2743,1.9977,2.1804,0.002,1.881
2019-07-02,2.3393,2.3393,1.9673,2.0144,0.004,1.880
2019-07-03,2.0721,2.3393,2.0721,2.3291,0.006,1.884
2019-07-05,2.3465,2.3465,2.1876,2.1876,0.002,1.889
2019-07-08,2.1660,2.1660,2.1601,2.1601,0.004,1.892
2019-07-09,2.1601,2.1601,2.1601,2.1601,0.000,1.898
2019-07-10,2.1515,2.1515,1.9566,1.9566,0.006,1.897
2019-07-11,2.1443,2.1443,2.0505,2.0577,0.003,1.899
2019-07-12,2.1082,2.1299,2.0577,2.1227,0.002,1.902
2019-07-15,2.1417,2.1417,1.9566,1.9566,0.002,1.901
2019-07-16,2.0613,2.0613,1.8066,1.8066,0.004,1.900
2019-07-17,2.1660,2.1660,1.9710,2.0577,0.007,1.904
2019-07-18,2.1154,2.1154,1.9061,1.9591,0.005,1.905
2019-07-19,1.9591,2.1660,1.9591,2.1555,0.001,1.909
2019-07-22,2.1660,2.1660,2.1660,2.1660,0.001,1.913
2019-07-23,2.1660,2.1660,1.9954,2.0100,0.003,1.914
2019-07-24,2.2382,2.3104,2.1100,2.2021,0.007,1.922
2019-07-25,2.3032,2.3032,2.0584,2.1804,0.006,1.930
2019-07-26,2.0649,2.1876,2.0577,2.0938,0.003,1.937
2019-07-29,2.0577,2.2310,2.0577,2.1876,0.002,1.944
2019-07-30,2.1154,2.1876,2.0577,2.0834,0.004,1.950
2019-07-31,2.0866,2.1082,2.0866,2.0866,0.007,1.956
2019-08-01,2.0649,2.1082,1.9855,2.0505,0.003,1.957
2019-08-02,1.9349,1.9349,1.9277,1.9277,0.001,1.958
2019-08-05,1.9277,2.0577,1.9277,1.9855,0.006,1.961
2019-08-06,2.0302,2.0505,2.0216,2.0216,0.003,1.965
2019-08-07,1.9277,1.9277,1.9277,1.9277,0.002,1.969
2019-08-08,1.9544,2.0216,1.9494,1.9494,0.001,1.973
2019-08-09,1.9494,1.9494,1.9494,1.9494,0.000,1.965
2019-08-12,1.8866,1.8866,1.8866,1.8866,0.000,1.959
2019-08-13,1.9133,1.9133,1.9133,1.9133,0.001,1.959
2019-08-14,1.9133,1.9133,1.7016,1.7016,0.002,1.957
2019-08-15,1.6606,1.6606,1.6362,1.6606,0.009,1.956
2019-08-16,1.6606,1.6606,1.6606,1.6606,0.000,1.955
2019-08-19,1.6671,1.6822,1.6606,1.6606,0.008,1.956
2019-08-20,1.6739,1.6967,1.6606,1.6967,0.012,1.957
2019-08-21,1.6822,1.7039,1.6606,1.6947,0.009,1.958
2019-08-22,1.6606,1.7147,1.6606,1.6606,0.003,1.956
2019-08-23,1.6939,1.6939,1.6939,1.6939,0.001,1.954
2019-08-26,1.8050,1.8483,1.8050,1.8114,0.009,1.957
2019-08-27,1.9927,5.9564,1.9927,2.2021,5.192,1.968
2019-08-28,2.3465,3.0324,2.3465,2.5847,1.352,1.987
2019-08-29,2.5270,2.5342,2.2093,2.5053,0.165,2.003
2019-08-30,2.4909,2.4909,2.2671,2.4187,0.074,2.017
2019-09-03,2.3826,2.8446,2.2671,2.5703,0.226,2.034
2019-09-04,2.5414,2.7941,2.3898,2.7219,0.102,2.053
2019-09-05,2.7147,2.8807,2.5486,2.7941,0.060,2.068
2019-09-06,2.8158,2.8158,2.5992,2.6858,0.058,2.077
2019-09-09,2.6714,2.6858,2.3826,2.4548,0.049,2.081
2019-09-10,2.4331,2.6280,2.4308,2.6136,0.027,2.090
2019-09-11,2.5992,2.6370,2.4114,2.4692,0.019,2.096
2019-09-12,2.4836,2.5919,2.4187,2.4295,0.017,2.104
2019-09-13,2.4114,2.6353,2.4024,2.5270,0.030,2.108
2019-09-16,2.5197,2.5992,2.4836,2.5398,0.016,2.115
2019-09-17,2.5992,2.5992,2.5053,2.5053,0.008,2.122
2019-09-18,2.5125,2.8880,2.4620,2.4981,0.095,2.129
2019-09-19,2.5486,2.8374,2.5342,2.6858,0.011,2.144
2019-09-20,2.7002,2.7002,2.5775,2.7002,0.004,2.157
2019-09-23,2.7002,3.0973,2.5996,2.7138,0.222,2.168
2019-09-24,2.7147,2.7820,2.6208,2.7075,0.038,2.183
2019-09-25,2.6018,2.8158,2.6018,2.6280,0.009,2.200
2019-09-26,2.6714,2.7941,2.5703,2.6353,0.011,2.211
2019-09-27,2.5570,2.6641,2.5270,2.5992,0.017,2.224
2019-09-30,2.5414,2.6152,2.5270,2.5631,0.026,2.232
2019-10-01,2.7436,2.7436,2.5270,2.5992,0.008,2.241
2019-10-02,2.5381,2.6700,2.5197,2.5270,0.012,2.251
2019-10-03,2.6497,2.6497,2.6275,2.6275,0.000,2.260
2019-10-04,2.7430,2.7430,2.5992,2.5992,0.005,2.268
2019-10-07,2.5703,2.7363,2.5631,2.5631,0.001,2.278
2019-10-08,2.6569,2.6569,2.5270,2.5414,0.002,2.285
2019-10-09,2.5486,2.6569,2.5342,2.5631,0.006,2.294
2019-10-10,2.7075,3.1046,2.6064,2.6497,0.548,2.306
2019-10-11,2.5992,2.6784,2.5631,2.5992,0.037,2.316
2019-10-14,2.5703,2.7247,2.5703,2.6425,0.031,2.331
2019-10-15,2.6208,2.8230,2.5992,2.7291,0.059,2.346
2019-10-16,2.8519,2.8663,2.7341,2.7580,0.116,2.360
2019-10-17,2.8880,2.8880,2.7147,2.8054,0.016,2.378
2019-10-18,2.8158,2.8302,2.5992,2.6280,0.029,2.392
2019-10-21,2.7002,2.7363,2.6097,2.7363,0.006,2.407
2019-10-22,2.6828,2.7353,2.5703,2.6064,0.015,2.422
2019-10-23,2.6597,2.6641,2.6353,2.6353,0.003,2.436
2019-10-24,2.6698,2.7219,2.5992,2.6064,0.018,2.454
2019-10-25,2.5775,2.6930,2.5775,2.6425,0.033,2.474
2019-10-28,2.6789,2.7724,2.6208,2.7111,0.008,2.495
2019-10-29,2.6353,2.6858,2.5992,2.6858,0.013,2.515
2019-10-30,2.6329,2.6656,2.5703,2.5992,0.023,2.533
2019-10-31,2.6208,2.6208,2.5847,2.6136,0.013,2.552
2019-11-01,2.6208,2.6223,2.5703,2.5992,0.005,2.571
2019-11-04,2.6288,2.6569,2.5919,2.5992,0.015,2.589
2019-11-05,2.6280,2.6280,2.5342,2.5342,0.009,2.603
2019-11-06,2.5782,2.5847,2.4548,2.4728,0.019,2.609
2019-11-07,2.4738,2.5992,2.4692,2.4692,0.020,2.606
2019-11-08,2.5125,2.5631,2.4548,2.4551,0.008,2.605
2019-11-11,2.4760,2.5053,2.4548,2.4768,0.014,2.606
2019-11-12,2.5205,2.8085,2.4187,2.4620,0.190,2.604
2019-11-13,2.4548,2.4548,2.3465,2.3898,0.019,2.598
2019-11-14,2.5270,2.5270,2.3826,2.3826,0.001,2.589
2019-11-15,2.4299,2.4691,2.3738,2.4548,0.007,2.585
2019-11-18,2.4649,2.4721,2.3898,2.4106,0.003,2.584
2019-11-19,2.4453,2.4453,2.3840,2.3840,0.020,2.579
2019-11-20,2.3970,2.4620,2.3826,2.3898,0.011,2.578
2019-11-21,2.4026,2.4042,2.3970,2.4042,0.003,2.577
2019-11-22,2.3898,2.4475,2.3898,2.4294,0.000,2.575
2019-11-25,2.4546,2.5270,2.4042,2.4042,0.025,2.572
2019-11-26,2.4187,2.4768,2.3898,2.3898,0.009,2.570
2019-11-27,2.3898,2.4475,2.3831,2.4259,0.021,2.569
2019-11-29,2.4548,2.5444,2.4475,2.5444,0.011,2.566
2019-12-02,2.5775,2.6641,2.5775,2.6425,0.002,2.565
2019-12-03,2.6291,2.6569,2.6064,2.6280,0.006,2.563
2019-12-04,2.6366,2.6366,2.5414,2.5414,0.009,2.560
2019-12-05,2.6208,2.6208,2.5703,2.5703,0.007,2.559
2019-12-06,2.5816,2.6514,2.5631,2.5631,0.007,2.557
2019-12-09,2.5503,2.5631,2.5452,2.5452,0.002,2.556
2019-12-10,2.5992,2.6084,2.5342,2.5342,0.002,2.555
2019-12-11,2.5244,2.6208,2.4909,2.5992,0.002,2.555
2019-12-12,2.5112,2.5775,2.4981,2.5053,0.002,2.555
2019-12-13,2.5775,2.5775,2.4692,2.5543,0.001,2.554
2019-12-16,2.4548,2.5361,2.4018,2.4620,0.007,2.551
2019-12-17,2.4312,2.4720,2.3938,2.4493,0.003,2.549
2019-12-18,2.4764,2.4764,2.3898,2.4475,0.007,2.547
2019-12-19,2.3898,2.4764,2.3898,2.4331,0.002,2.544
2019-12-20,2.4764,2.4764,2.4764,2.4764,0.000,2.541
2019-12-23,2.4719,2.4719,2.4428,2.4428,0.002,2.537
2019-12-24,2.7075,2.8446,2.5995,2.7797,0.147,2.540
2019-12-26,2.9890,3.2417,2.9168,2.9313,0.341,2.544
2019-12-27,3.0757,3.0757,2.7977,2.8880,0.099,2.547
2019-12-30,3.0685,3.1012,2.9674,3.0324,0.076,2.551
2019-12-31,3.0251,3.2183,3.0251,3.1407,0.044,2.562
2020-01-02,3.2056,3.4511,3.1716,3.2129,0.148,2.571
2020-01-03,3.3139,3.4764,3.2644,3.3717,0.098,2.586
2020-01-06,3.5012,3.7271,3.3399,3.4367,0.245,2.602
2020-01-07,3.4689,3.4689,2.9688,3.3576,0.042,2.618
2020-01-08,3.3399,3.3399,2.7994,2.9607,0.077,2.624
2020-01-09,2.7752,2.9317,2.7026,2.7106,0.029,2.624
2020-01-10,2.7106,2.7832,2.6622,2.7832,0.020,2.626
2020-01-13,2.6461,2.8396,2.5331,2.5331,0.030,2.624
2020-01-14,2.5331,2.6662,2.5331,2.6445,0.014,2.625
2020-01-15,2.6510,2.7284,2.6219,2.6540,0.022,2.626
2020-01-16,2.6264,2.6729,2.5638,2.6461,0.016,2.627
2020-01-17,2.6504,2.6864,2.5172,2.6295,0.019,2.629
2020-01-21,2.5896,2.5896,2.4283,2.4686,0.051,2.629
2020-01-22,2.5735,2.6541,2.5252,2.6541,0.022,2.633
2020-01-23,2.6622,2.6622,2.6219,2.6461,0.004,2.636
2020-01-24,2.5953,2.6219,2.5009,2.5009,0.020,2.637
2020-01-27,2.4605,2.5654,2.4600,2.5009,0.013,2.638
2020-01-28,2.5815,2.5815,2.5077,2.5412,0.005,2.641
2020-01-29,2.5170,2.5170,2.4704,2.5009,0.014,2.643
2020-01-30,2.5009,2.5009,2.4826,2.5009,0.006,2.644
2020-01-31,2.4686,2.5654,2.4686,2.5176,0.011,2.646
2020-02-03,2.5281,2.5348,2.5089,2.5089,0.001,2.649
2020-02-04,2.5009,2.5014,2.3059,2.4767,0.038,2.650
2020-02-05,2.1701,2.4605,2.1701,2.4484,0.035,2.651
2020-02-06,2.2266,2.4686,2.2266,2.4363,0.052,2.651
2020-02-07,2.4473,2.4621,2.4202,2.4605,0.003,2.653
2020-02-10,2.4549,2.5009,2.4283,2.4525,0.009,2.654
2020-02-11,2.4283,2.4686,2.4283,2.4605,0.001,2.655
2020-02-12,2.4651,2.4696,2.4202,2.4202,0.007,2.652
2020-02-13,2.4444,2.4703,2.4121,2.4525,0.006,2.648
2020-02-14,2.4203,2.4501,2.4202,2.4444,0.007,2.645
2020-02-18,2.4525,2.5170,2.4505,2.4815,0.010,2.643
2020-02-19,2.4444,2.4766,2.4444,2.4682,0.004,2.641
2020-02-20,2.4525,2.4847,2.4525,2.4847,0.001,2.640
2020-02-21,2.4987,2.5009,2.4987,2.5009,0.001,2.639
2020-02-24,2.4283,2.5412,2.3960,2.5412,0.005,2.639
2020-02-25,2.4444,2.4444,2.4081,2.4081,0.013,2.635
2020-02-26,2.4727,2.4727,2.4127,2.4202,0.002,2.634
2020-02-27,2.4202,2.4202,2.3073,2.3395,0.024,2.629
2020-02-28,2.4202,2.4202,2.3395,2.4121,0.008,2.628
2020-03-02,2.3843,2.4605,2.3800,2.3959,0.004,2.627
2020-03-03,2.3799,2.4170,2.3799,2.3799,0.014,2.626
2020-03-04,2.3960,2.3960,2.3557,2.3557,0.008,2.624
2020-03-05,2.3557,2.4283,2.3557,2.3960,0.001,2.623
2020-03-06,2.3799,2.4202,2.3457,2.3457,0.010,2.621
2020-03-09,2.2508,2.3879,2.2508,2.2992,0.012,2.611
2020-03-10,2.3348,2.3637,2.2327,2.2851,0.021,2.598
2020-03-11,2.3032,2.3032,2.1620,2.1620,0.007,2.584
2020-03-12,2.0168,2.0733,1.9362,2.0572,0.011,2.564
2020-03-13,1.9846,2.0733,1.8393,1.8556,0.006,2.538
2020-03-16,1.8151,1.8151,1.5731,1.6215,0.015,2.507
2020-03-17,2.0652,2.0652,1.6538,1.7020,0.006,2.473
2020-03-18,1.8160,1.8160,1.6538,1.7385,0.002,2.439
2020-03-19,1.7951,1.7951,1.6296,1.6296,0.002,2.405
2020-03-20,1.8037,1.8037,1.5086,1.5896,0.005,2.377
2020-03-23,1.6661,1.6699,1.3069,1.4993,0.011,2.353
2020-03-24,1.6520,1.6520,1.5651,1.6194,0.003,2.330
2020-03-25,1.6780,1.6941,1.6780,1.6941,0.001,2.313
2020-03-26,1.7425,1.7838,1.6135,1.6169,0.015,2.292
2020-03-27,1.5167,1.5651,1.3108,1.5651,0.019,2.271
2020-03-30,1.4037,1.5712,1.3311,1.5712,0.001,2.249
2020-03-31,1.5167,1.5417,1.4683,1.5351,0.002,2.227
2020-04-01,1.5176,1.5176,1.3069,1.3634,0.014,2.205
2020-04-02,1.5086,1.5086,1.3714,1.5005,0.006,2.182
2020-04-03,1.4360,1.5086,1.3392,1.3553,0.003,2.156
2020-04-06,1.4198,1.5328,1.3553,1.5090,0.022,2.136
2020-04-07,1.4602,1.4602,1.3956,1.4521,0.002,2.115
2020-04-08,1.3864,1.4844,1.3795,1.4521,0.004,2.094
2020-04-09,1.4521,1.4925,1.4521,1.4763,0.001,2.073
2020-04-13,1.4763,1.4763,1.4763,1.4763,0.000,2.053
2020-04-14,1.5167,1.6054,1.4925,1.5010,0.006,2.032
2020-04-15,1.5247,1.5776,1.5247,1.5776,0.001,2.014
2020-04-16,1.5256,1.5382,1.4037,1.4037,0.007,1.992
2020-04-17,1.4439,1.4439,1.4037,1.4279,0.000,1.972
2020-04-20,1.4521,1.7216,1.4521,1.7216,0.015,1.958
2020-04-21,1.6538,1.6538,1.3150,1.5505,0.009,1.939
2020-04-22,1.6457,1.6457,1.5490,1.6457,0.004,1.923
2020-04-23,1.7022,1.7667,1.6135,1.6858,0.005,1.908
2020-04-24,1.6858,1.6858,1.6858,1.6858,0.000,1.893
2020-04-27,1.7157,1.7157,1.5973,1.5973,0.001,1.876
2020-04-28,1.6941,2.0088,1.6055,1.7546,0.022,1.862
2020-04-29,1.6699,1.9555,1.6699,1.8573,0.002,1.850
2020-04-30,1.9604,1.9604,1.8313,1.8555,0.001,1.837
2020-05-01,1.8555,1.8555,1.8555,1.8555,0.000,1.825
2020-05-04,1.8555,1.8555,1.8555,1.8555,0.001,1.812
2020-05-05,1.8555,1.8555,1.8555,1.8555,0.001,1.798
2020-05-06,1.7129,1.8037,1.7129,1.7149,0.001,1.784
2020-05-07,1.7667,1.7667,1.6861,1.7587,0.002,1.771
2020-05-08,1.7264,1.9604,1.7264,1.8997,0.006,1.762
2020-05-11,1.7022,1.8242,1.6861,1.7264,0.011,1.749
2020-05-12,1.7575,1.8196,1.6700,1.6780,0.001,1.734
2020-05-13,1.6699,1.6941,1.6699,1.6941,0.001,1.721
2020-05-14,1.6941,1.7103,1.6135,1.6135,0.005,1.706
2020-05-15,1.6376,1.6377,1.6376,1.6377,0.001,1.691
2020-05-18,1.6256,1.6296,1.5307,1.5812,0.007,1.675
2020-05-19,1.5167,1.6296,1.5167,1.6296,0.002,1.662
2020-05-20,1.5167,1.6135,1.5167,1.5328,0.002,1.647
2020-05-21,1.6377,1.6377,1.5162,1.5167,0.005,1.634
2020-05-22,1.5293,1.5328,1.4521,1.4844,0.004,1.622
2020-05-26,1.4844,1.5328,1.4602,1.5328,0.004,1.616
2020-05-27,1.5247,1.6044,1.4925,1.5973,0.004,1.615
2020-05-28,1.6296,1.6335,1.5530,1.5901,0.007,1.613
2020-05-29,1.5498,1.5570,1.5489,1.5489,0.001,1.609
2020-06-01,1.4925,1.5328,1.4925,1.5086,0.004,1.607
2020-06-02,1.5086,1.5108,1.5086,1.5086,0.001,1.605
2020-06-03,1.5530,1.5673,1.3876,1.3876,0.010,1.603
2020-06-04,1.4844,1.4983,1.4198,1.4521,0.008,1.600
2020-06-05,1.5005,1.5005,1.4521,1.4925,0.019,1.596
2020-06-08,1.5005,1.6377,1.4925,1.5328,0.034,1.594
2020-06-09,1.5773,1.8151,1.5773,1.7380,0.052,1.598
2020-06-10,1.8151,1.8656,1.7183,1.7183,0.015,1.601
2020-06-11,1.7264,1.7650,1.5610,1.5972,0.020,1.602
2020-06-12,1.6538,1.6619,1.5933,1.6619,0.017,1.608
2020-06-15,1.7374,1.8474,1.6619,1.7103,0.004,1.612
2020-06-16,1.7829,2.0975,1.6135,1.8474,0.040,1.622
2020-06-17,1.8958,2.7832,1.7345,1.9684,0.500,1.631
2020-06-18,1.8878,2.1378,1.8151,2.0491,0.109,1.643
2020-06-19,2.1298,2.5815,1.8716,1.9281,0.213,1.652
2020-06-22,1.8716,2.2831,1.8556,1.9442,0.032,1.662
2020-06-23,1.8635,1.9604,1.8233,1.9604,0.044,1.671
2020-06-24,1.9362,2.1781,1.8151,1.8151,0.025,1.678
2020-06-25,1.8152,1.9165,1.7183,1.7183,0.015,1.681
2020-06-26,1.7022,1.7190,1.5570,1.6135,0.036,1.685
2020-06-29,1.6538,1.7188,1.5893,1.7188,0.007,1.691
2020-06-30,1.6941,1.7022,1.6135,1.6215,0.007,1.689
2020-07-01,1.7022,1.7222,1.6135,1.6619,0.029,1.691
2020-07-02,1.6619,1.7587,1.6619,1.7506,0.007,1.693
2020-07-06,1.8555,1.9200,1.7627,1.8147,0.026,1.695
2020-07-07,1.8151,2.0410,1.7909,1.9684,0.013,1.701
2020-07-08,1.9204,1.9204,1.9202,1.9202,0.001,1.708
2020-07-09,1.9167,1.9254,1.7426,1.7909,0.009,1.708
2020-07-10,1.8172,1.8172,1.8172,1.8172,0.001,1.708
2020-07-13,1.7667,1.7909,1.6538,1.6699,0.011,1.704
2020-07-14,1.6296,1.7425,1.6296,1.6619,0.011,1.700
2020-07-15,1.6780,2.0975,1.6780,1.9523,0.099,1.702
2020-07-16,1.9604,1.9604,1.7062,1.8427,0.029,1.702
2020-07-17,1.8393,2.2346,1.7623,1.8635,0.171,1.705
2020-07-20,1.8958,2.0410,1.8151,1.8556,0.027,1.707
2020-07-21,1.8777,2.1862,1.8716,2.1862,0.141,1.712
2020-07-22,2.1782,2.2911,2.0249,2.1217,0.021,1.720
2020-07-23,2.0169,2.2668,2.0169,2.0975,0.034,1.729
2020-07-24,2.0975,2.1540,2.0168,2.0168,0.024,1.735
2020-07-27,2.2285,2.2346,2.0197,2.0722,0.015,1.744
2020-07-28,2.1298,2.1808,2.0168,2.1056,0.014,1.754
2020-07-29,2.1056,2.3395,2.1056,2.2104,0.057,1.766
2020-07-30,2.2306,2.4242,2.1218,2.2992,0.060,1.780
2020-07-31,2.2992,2.3960,2.0007,2.2018,0.055,1.793
2020-08-03,2.1943,2.1943,2.1298,2.1943,0.011,1.806
2020-08-04,9.0273,10.8263,4.2757,4.3563,36.666,1.864
2020-08-05,4.6468,4.6790,3.7110,4.2031,1.141,1.917
2020-08-06,4.0337,4.0337,3.7352,3.7594,0.241,1.961
2020-08-07,3.7110,4.3563,3.5094,3.8723,0.515,2.006
2020-08-10,3.7352,3.9530,3.6464,3.7432,0.186,2.050
2020-08-11,3.5335,3.6706,3.3076,3.3157,0.133,2.086
2020-08-12,3.2269,3.4125,3.0656,3.1301,0.087,2.119
2020-08-13,3.0656,3.4285,2.9042,3.1301,0.135,2.153
2020-08-14,3.0656,3.2189,2.9123,2.9768,0.098,2.184
2020-08-17,2.9284,3.1624,2.3879,2.4686,0.505,2.203
2020-08-18,2.5089,2.5896,2.1862,2.3395,0.360,2.220
2020-08-19,2.5251,2.8881,2.4202,2.5573,0.746,2.236
2020-08-20,2.5009,2.7348,2.4283,2.6299,0.433,2.254
2020-08-21,2.5815,2.6057,2.4605,2.4847,0.183,2.272
2020-08-24,2.4605,2.5412,2.2992,2.3234,0.117,2.285
2020-08-25,2.3234,2.4291,2.2508,2.4213,0.100,2.299
2020-08-26,2.3234,2.5493,2.2992,2.4605,0.140,2.312
2020-08-27,2.4444,2.7187,2.2992,2.6299,0.491,2.325
2020-08-28,2.5735,2.8396,2.3879,2.5251,0.373,2.334
2020-08-31,2.5493,2.7348,2.5412,2.6461,0.381,2.349
2020-09-01,2.6703,2.7026,2.4525,2.5170,0.142,2.360
2020-09-02,2.5009,2.5947,2.3879,2.4525,0.092,2.370
2020-09-03,2.4525,2.5315,2.1782,2.2427,0.158,2.379
2020-09-04,2.1782,2.3234,2.0491,2.1782,0.176,2.388
2020-09-08,2.1298,2.1674,1.9765,1.9926,0.105,2.395
2020-09-09,2.0572,2.1378,2.0410,2.0410,0.056,2.402
2020-09-10,2.0652,2.1577,2.0088,2.0572,0.030,2.411
2020-09-11,2.0491,2.0523,1.8635,1.8958,0.070,2.415
2020-09-14,1.8555,2.1701,1.8555,2.0410,0.122,2.421
2020-09-15,2.0330,2.0975,2.0088,2.0168,0.026,2.425
2020-09-16,2.0249,2.1338,2.0188,2.0572,0.023,2.427
2020-09-17,2.0572,2.0894,1.9200,1.9200,0.038,2.427
2020-09-18,1.9362,2.0168,1.8151,1.8393,0.071,2.428
2020-09-21,1.8555,1.9120,1.8313,1.8716,0.027,2.429
2020-09-22,1.8555,1.9302,1.8151,1.9200,0.016,2.434
2020-09-23,1.9039,2.0330,1.8393,1.8393,0.051,2.438
2020-09-24,1.8393,2.0975,1.7748,2.0249,0.239,2.439
2020-09-25,2.0975,2.5412,1.9523,2.0249,0.759,2.443
2020-09-28,2.0652,2.2830,1.9846,2.0652,0.199,2.447
2020-09-29,2.0168,2.2907,1.9926,2.1056,0.151,2.452
2020-09-30,2.0975,2.1896,2.0249,2.1378,0.098,2.451
2020-10-01,2.1943,2.1943,2.0249,2.1217,0.090,2.451
2020-10-02,2.0814,2.0814,1.9846,2.0168,0.093,2.449
2020-10-05,2.0330,2.0733,1.9926,1.9926,0.048,2.449
2020-10-06,1.9926,2.1217,1.9464,2.0249,0.081,2.448
2020-10-07,2.0330,2.1298,2.0330,2.0572,0.053,2.447
2020-10-08,2.0652,2.1620,2.0572,2.0975,0.022,2.444
2020-10-09,2.1459,2.4565,2.1138,2.3234,0.321,2.445
2020-10-12,2.3960,2.7429,2.3395,2.4121,0.527,2.449
2020-10-13,2.5009,2.5009,2.1863,2.2508,0.113,2.450
2020-10-14,2.2185,2.3557,2.1862,2.3073,0.076,2.409
2020-10-15,2.2346,2.8155,2.2346,2.5009,0.502,2.375
2020-10-16,2.4525,2.5251,2.3234,2.3799,0.088,2.348
2020-10-19,2.4041,2.4041,2.1863,2.2588,0.137,2.315
2020-10-20,2.2588,2.4605,2.2588,2.3476,0.117,2.287
2020-10-21,2.3879,3.0252,2.3073,2.4444,1.238,2.270
2020-10-22,2.4444,2.6057,2.2992,2.4041,0.291,2.255
2020-10-23,2.4202,2.4659,2.2346,2.2669,0.224,2.238
2020-10-26,2.3153,2.8074,2.2669,2.6380,1.734,2.231
2020-10-27,2.5412,3.1382,2.4444,2.5896,1.458,2.234
2020-10-28,2.4202,2.5049,2.2669,2.3637,0.326,2.234
2020-10-29,2.2992,2.4202,2.2992,2.3718,0.139,2.231
2020-10-30,2.4162,2.4162,2.1459,2.2346,0.159,2.223
2020-11-02,2.2588,2.2780,2.1661,2.1862,0.050,2.217
2020-11-03,2.2427,2.3130,2.1905,2.2427,0.113,2.215
2020-11-04,2.2750,2.3153,2.2025,2.2750,0.039,2.212
2020-11-05,2.2992,2.3557,2.2346,2.2992,0.048,2.209
2020-11-06,2.2992,2.3717,2.2669,2.2750,0.041,2.202
2020-11-09,2.3315,2.3766,2.2669,2.2992,0.053,2.197
2020-11-10,2.2750,2.3799,2.2669,2.3073,0.076,2.191
2020-11-11,2.3476,2.3637,2.2588,2.2831,0.032,2.186
2020-11-12,2.3315,2.3718,2.2588,2.3476,0.101,2.184
2020-11-13,2.3476,2.3796,2.2750,2.3395,0.046,2.186
2020-11-16,2.3153,2.4767,2.2997,2.3960,0.132,2.190
2020-11-17,2.4202,2.5331,2.4041,2.4525,0.129,2.199
2020-11-18,2.5009,2.5170,2.3395,2.3557,0.084,2.206
2020-11-19,2.3718,2.4120,2.3557,2.3718,0.025,2.212
2020-11-20,2.3718,2.4157,2.3637,2.3799,0.047,2.222
2020-11-23,2.4121,2.4767,2.3234,2.3557,0.079,2.228
2020-11-24,2.3637,2.4202,2.3476,2.4041,0.042,2.236
2020-11-25,2.4283,2.5251,2.3879,2.4525,0.126,2.244
2020-11-27,2.5412,2.5654,2.5085,2.5573,0.055,2.256
2020-11-30,2.4847,2.5815,2.4202,2.4444,0.055,2.268
2020-12-01,2.4847,2.4969,2.3315,2.3799,0.077,2.279
2020-12-02,2.3476,2.4216,2.3101,2.4041,0.036,2.288
2020-12-03,2.4121,2.4767,2.3879,2.4121,0.031,2.300
2020-12-04,2.4605,2.4605,2.3799,2.3799,0.024,2.307
2020-12-07,2.3799,2.4605,2.3557,2.4202,0.061,2.315
2020-12-08,2.4041,2.4928,2.4041,2.4444,0.055,2.322
2020-12-09,2.4928,2.5170,2.3799,2.3799,0.062,2.328
2020-12-10,2.3799,3.0091,2.3697,2.7187,1.335,2.339
2020-12-11,2.6541,2.6663,2.5654,2.5735,0.160,2.348
2020-12-14,2.6622,2.9060,2.6380,2.8155,0.235,2.364
2020-12-15,2.8639,2.8720,2.7510,2.8397,0.200,2.381
2020-12-16,2.8639,2.9446,2.8155,2.8558,0.129,2.398
2020-12-17,2.8639,2.9766,2.8639,2.9204,0.214,2.415
2020-12-18,2.8537,3.1246,2.7995,3.0252,0.186,2.434
2020-12-21,3.0433,3.0433,2.8717,2.9349,0.087,2.446
2020-12-22,2.9349,2.9352,2.7182,2.7543,0.149,2.453
2020-12-23,2.7814,2.9349,2.7272,2.7543,0.113,2.463
2020-12-24,2.7634,2.7995,2.7092,2.7182,0.024,2.471
2020-12-28,2.7543,2.8175,2.6822,2.6911,0.112,2.475
2020-12-29,2.6821,2.7814,2.6640,2.6821,0.210,2.481
2020-12-30,2.7092,2.8446,2.6911,2.7001,0.110,2.490
2020-12-31,2.7453,2.7453,2.5692,2.5827,0.119,2.494
2021-01-04,2.6640,2.7543,2.5991,2.7047,0.113,2.500
2021-01-05,2.7182,2.8808,2.6731,2.8446,0.086,2.509
2021-01-06,2.8446,2.9259,2.7822,2.8446,0.114,2.520
2021-01-07,2.8537,3.0252,2.8537,2.9801,0.096,2.527
2021-01-08,3.0252,3.1155,2.9349,3.0252,0.093,2.536
2021-01-11,3.0343,3.1065,2.8627,2.8627,0.074,2.546
2021-01-12,2.8717,2.9525,2.8455,2.9169,0.023,2.557
2021-01-13,2.9530,3.1517,2.9078,3.0885,0.120,2.574
2021-01-14,3.0885,3.1878,3.0162,3.1155,0.095,2.592
2021-01-15,3.1336,3.1923,2.9801,3.0433,0.103,2.608
2021-01-19,3.1155,3.4226,2.9975,3.3503,0.244,2.630
2021-01-20,3.3774,3.7928,3.2691,3.7567,0.276,2.659
2021-01-21,3.8380,3.9825,3.5219,3.9825,0.264,2.693
2021-01-22,3.9012,4.1721,3.7567,4.1179,0.193,2.729
2021-01-25,4.1089,5.0842,3.8832,5.0752,0.211,2.785
2021-01-26,5.2197,5.5809,5.1023,5.1384,0.216,2.842
2021-01-27,4.9578,5.1384,4.7411,4.8223,0.133,2.891
2021-01-28,4.8133,4.9524,4.3437,4.4250,0.075,2.933
2021-01-29,4.4430,4.4430,3.9012,3.9735,0.090,2.965
2021-02-01,4.0367,4.4611,4.0322,4.3527,0.058,3.003
2021-02-02,4.8314,4.9153,4.5379,4.5966,0.088,3.047
2021-02-03,4.6146,4.6959,4.4656,4.5153,0.045,3.090
2021-02-04,4.5153,4.5875,4.4250,4.5153,0.045,3.133
2021-02-05,4.5153,4.6597,4.4250,4.6056,0.057,3.178
2021-02-08,4.7772,5.0120,4.6598,4.9488,0.107,3.229
2021-02-09,4.9939,5.0120,4.7952,4.8404,0.037,3.277
2021-02-10,4.8494,5.0120,4.4701,4.6056,0.070,3.318
2021-02-11,4.5966,4.7501,4.5333,4.5695,0.035,3.360
2021-02-12,4.5424,4.7772,4.4702,4.7772,0.070,3.408
2021-02-16,5.1023,6.1679,5.0571,5.7796,0.391,3.476
2021-02-17,5.7796,6.1859,5.6441,6.1227,0.180,3.550
2021-02-18,6.3214,6.3214,5.6893,5.9602,0.133,3.621
2021-02-19,5.9873,6.6375,5.8699,6.5833,0.238,3.705
2021-02-22,6.4027,6.9255,6.3952,6.6736,0.153,3.789
2021-02-23,6.4569,6.5174,5.1024,6.0053,0.305,3.862
2021-02-24,5.8789,6.6917,5.8708,6.5472,0.132,3.938
2021-02-25,7.6760,9.9336,6.3756,6.9626,13.328,4.026
2021-02-26,6.5472,6.9626,4.8404,5.0662,0.991,4.071
2021-03-01,5.2377,5.8699,5.2197,5.6080,0.466,4.126
2021-03-02,5.4274,6.1678,5.1926,5.7796,0.392,4.185
2021-03-03,5.6260,6.5380,5.2559,6.2763,0.635,4.252
2021-03-04,6.4159,6.4159,5.4183,6.0144,0.345,4.312
2021-03-05,5.9511,6.2763,5.6803,5.7886,1.110,4.369
2021-03-08,5.8699,6.0234,5.4454,5.6170,0.383,4.426
2021-03-09,5.6441,5.8699,5.6441,5.7705,0.214,4.486
2021-03-10,5.7796,6.2085,5.5448,5.6080,0.393,4.544
2021-03-11,5.5990,5.9602,5.4545,5.8157,0.270,4.607
2021-03-12,5.7886,5.9421,5.6441,5.9150,0.129,4.671
2021-03-15,5.9331,6.1859,5.7841,6.1227,0.129,4.740
2021-03-16,6.2492,6.5381,5.9331,6.1769,0.756,4.812
2021-03-17,6.0956,6.8723,5.7886,6.3124,0.797,4.884
2021-03-18,6.1859,6.4478,5.9602,5.9782,0.168,4.947
2021-03-19,6.0234,6.4207,5.9873,6.1859,0.558,5.013
2021-03-22,6.1318,6.7278,5.8202,6.2763,3.256,5.079
2021-03-23,6.2763,6.2763,5.7886,5.9150,0.441,5.137
2021-03-24,5.9511,5.9511,5.4635,5.6080,0.416,5.192
2021-03-25,6.2763,6.2763,5.1565,5.9060,3.289,5.252
2021-03-26,5.6893,6.1679,5.6351,6.0415,0.544,5.311
2021-03-29,5.8879,6.0234,5.6893,5.8970,0.184,5.367
2021-03-30,6.0956,6.5020,5.6081,6.3666,2.482,5.433
2021-03-31,6.2221,7.0800,6.1002,6.8994,0.799,5.504
2021-04-01,7.0348,7.5405,6.9084,7.5405,0.472,5.580
2021-04-05,7.4593,7.6753,7.1161,7.4954,0.348,5.650
2021-04-06,7.5405,7.6308,6.9987,7.1974,0.314,5.711
2021-04-07,7.1974,7.2606,6.4118,6.4930,0.447,5.740
2021-04-08,6.5472,6.7278,6.4298,6.5020,0.129,5.767
2021-04-09,6.4659,6.7278,6.4117,6.6736,0.352,5.804
2021-04-12,6.6465,6.8632,6.5020,6.5381,0.193,5.846
2021-04-13,6.6375,7.0077,6.5472,6.7729,0.190,5.902
2021-04-14,6.7729,6.7729,6.1227,6.1769,0.293,5.939
2021-04-15,6.2943,6.5110,6.1318,6.3936,0.164,5.975
2021-04-16,6.2763,6.3124,5.9060,6.0685,0.241,6.006
2021-04-19,5.9150,6.0956,5.6089,5.8067,0.284,6.032
2021-04-20,5.7705,5.8699,5.1836,5.7344,0.275,6.054
2021-04-21,5.6351,5.9330,5.5990,5.6351,0.190,6.068
2021-04-22,5.6531,5.7615,5.5990,5.7344,0.040,6.086
2021-04-23,5.6983,6.0504,5.6983,5.8338,0.113,6.110
2021-04-26,5.8157,6.0053,5.8157,5.8699,0.044,6.136
2021-04-27,5.8970,6.2221,5.8518,6.0234,0.026,6.161
2021-04-28,6.0324,6.0956,5.8879,6.0776,0.063,6.167
2021-04-29,6.1769,6.1769,5.8790,5.9873,0.056,6.165
2021-04-30,5.7976,6.2221,5.7796,6.0595,0.155,6.167
2021-05-03,6.1589,6.4569,6.1318,6.2311,0.098,6.160
2021-05-04,6.1679,6.4930,6.1679,6.4840,0.055,6.156
2021-05-05,6.4840,7.3148,6.4117,6.7639,0.262,6.171
2021-05-06,6.8091,6.9265,6.3304,6.5020,0.081,6.170
2021-05-07,6.4298,6.8361,6.4298,6.6736,0.030,6.164
2021-05-10,6.7458,6.9535,6.6917,6.9084,0.032,6.201
2021-05-11,6.8181,6.8452,6.4117,6.5517,0.070,6.220
2021-05-12,6.5472,6.6555,5.9151,5.9602,0.086,6.224
2021-05-13,6.2492,6.2492,5.6158,5.7434,0.056,6.213
2021-05-14,5.7796,6.1318,5.7615,5.9692,0.064,6.212
2021-05-17,5.8699,6.2221,5.8699,6.0685,0.028,6.218
2021-05-18,6.1498,6.2943,6.0686,6.1769,0.023,6.229
2021-05-19,6.1859,6.1859,5.6260,5.7525,0.036,6.228
2021-05-20,5.8247,6.0144,5.7887,5.8338,0.009,6.233
2021-05-21,5.8699,6.0234,5.7976,5.7976,0.017,6.233
2021-05-24,5.7976,6.0505,5.7796,5.9421,0.026,6.233
2021-05-25,5.9421,6.4117,5.9421,6.2311,0.095,6.235
2021-05-26,6.2311,6.5472,6.2311,6.4840,0.016,6.241
2021-05-27,6.5110,6.5201,6.2130,6.2130,0.025,6.239
2021-05-28,6.2853,6.3817,6.0144,6.0866,0.033,6.242
2021-06-01,6.0776,6.2130,5.8891,6.1498,0.035,6.241
2021-06-02,6.2221,6.4569,6.0777,6.1769,0.025,6.239
2021-06-03,6.1859,7.3148,6.1653,6.7458,0.376,6.256
2021-06-04,6.7458,7.1793,6.6603,6.8181,0.083,6.280
2021-06-07,6.8181,7.1161,6.8181,7.0890,0.052,6.303
2021-06-08,7.0348,7.1793,6.8890,6.9897,0.037,6.322
2021-06-09,6.9626,7.2154,6.9265,7.0438,0.050,6.345
2021-06-10,7.0077,7.2245,6.9535,7.0890,0.016,6.360
2021-06-11,6.9265,7.0890,6.8632,6.8903,0.027,6.360
2021-06-14,6.9174,6.9806,6.7729,6.8091,0.038,6.345
2021-06-15,6.8361,6.9355,6.5923,6.6555,0.019,6.328
2021-06-16,6.6465,6.7865,5.6712,6.5923,0.321,6.316
2021-06-17,6.5923,6.7097,6.3666,6.6826,0.436,6.320
2021-06-18,7.1161,8.0733,6.9987,7.3509,0.764,6.337
2021-06-21,7.1342,7.6579,7.1188,7.6308,0.124,6.356
2021-06-22,7.9469,9.7169,7.8295,9.4821,1.291,6.415
2021-06-23,8.9493,9.3376,8.6694,9.2744,0.343,6.465
2021-06-24,9.4821,10.6380,9.3176,9.9336,0.440,6.540
2021-06-25,9.9427,10.1413,9.6988,10.0781,0.132,6.614
2021-06-28,10.2587,11.5320,10.1053,10.6832,0.279,6.706
2021-06-29,10.4303,10.5206,9.5363,9.8253,0.170,6.786
2021-06-30,9.7169,11.7307,9.7079,10.9902,0.238,6.892
2021-07-01,10.9992,11.5411,10.7825,11.0173,0.121,6.999
2021-07-02,11.1799,11.3028,9.8704,10.5567,0.088,7.096
2021-07-06,10.7825,13.4285,10.6561,12.7241,0.474,7.233
2021-07-07,12.6247,12.9953,11.6494,11.9475,0.204,7.355
2021-07-08,11.7461,11.8450,10.4634,10.7012,0.184,7.449
2021-07-09,11.1198,11.7761,10.2732,10.3207,0.125,7.533
2021-07-12,10.9295,11.6762,10.7489,11.5573,0.120,7.645
2021-07-13,11.5003,11.7951,11.2529,11.6525,0.050,7.757
2021-07-14,11.7761,11.7761,10.1685,10.2066,0.076,7.836
2021-07-15,10.2446,10.6251,9.5217,10.1876,0.067,7.910
2021-07-16,10.1685,10.3397,9.7881,9.7881,0.032,7.971
2021-07-19,9.4076,9.4076,7.9998,8.7322,0.179,8.015
2021-07-20,8.6466,9.3220,8.6181,9.2268,0.044,8.066
2021-07-21,9.3410,9.6692,8.9415,9.0746,0.052,8.110
2021-07-22,9.0842,9.4266,8.7512,9.1793,0.023,8.162
2021-07-23,9.1127,9.4171,8.8188,9.0461,0.041,8.224
2021-07-26,8.9795,9.1175,8.7893,8.9985,0.015,8.289
2021-07-27,8.8749,9.3125,8.5324,9.2364,0.016,8.354
2021-07-28,9.3125,9.3885,8.8368,9.1222,0.016,8.415
2021-07-29,9.1032,9.1032,8.4944,8.8368,0.052,8.469
2021-07-30,8.5229,8.9890,8.3042,8.5610,0.041,8.525
2021-08-02,8.7512,8.9106,8.5229,8.8083,0.020,8.584
2021-08-03,8.8939,8.9319,8.6276,8.6751,0.020,8.642
2021-08-04,8.6751,8.9225,8.2665,8.4564,0.016,8.692
2021-08-05,8.3707,8.3707,7.2199,7.3244,0.114,8.714
2021-08-06,7.3529,7.9807,7.3529,7.5527,0.045,8.735
2021-08-09,7.5812,7.8761,7.4006,7.6478,0.032,8.764
2021-08-10,7.7334,7.8666,7.3244,7.4385,0.042,8.791
2021-08-11,7.4956,7.5622,6.8773,7.2293,0.063,8.813
2021-08-12,7.2483,7.3624,7.0279,7.2578,0.020,8.834
2021-08-13,7.1817,7.3529,7.1437,7.1532,0.013,8.843
2021-08-16,7.1437,7.1437,6.6776,6.8012,0.016,8.842
2021-08-17,6.6871,6.7727,6.2400,6.3256,0.020,8.827
2021-08-18,6.2495,7.0866,6.1639,6.8773,0.050,8.825
2021-08-19,6.8488,7.0771,6.7632,6.9915,0.022,8.824
2021-08-20,7.0105,7.1912,6.8489,7.1817,0.008,8.825
2021-08-23,7.3529,7.8190,7.2103,7.4195,0.017,8.836
2021-08-24,7.5622,7.5622,7.0581,7.5622,0.012,8.851
2021-08-25,7.6098,7.6098,7.3244,7.4576,0.015,8.867
2021-08-26,7.6098,7.7144,7.3244,7.6098,0.011,8.887
2021-08-27,7.7144,7.7144,7.3149,7.4290,0.017,8.902
2021-08-30,7.4766,7.5052,6.8773,6.9344,0.033,8.894
2021-08-31,6.8488,6.9343,6.6585,6.8298,0.014,8.878
2021-09-01,6.9439,6.9782,6.8393,6.8393,0.010,8.825
2021-09-02,6.9439,6.9439,6.7061,6.7251,0.017,8.774
2021-09-03,6.6585,6.6585,6.2305,6.5063,0.046,8.706
2021-09-07,6.4303,6.8868,6.3446,6.4493,0.023,8.633
2021-09-08,6.3256,6.4778,5.9166,6.0307,0.036,8.540
2021-09-09,5.9737,6.3944,5.9737,6.2781,0.030,8.469
2021-09-10,6.2305,6.3827,6.1924,6.3161,0.012,8.376
2021-09-13,6.1924,6.5539,6.1924,6.3351,0.015,8.282
2021-09-14,6.2305,6.3399,5.9546,5.9642,0.024,8.190
2021-09-15,6.1068,6.1068,5.7834,6.0783,0.019,8.057
2021-09-16,6.1259,6.1259,5.8310,6.0688,0.012,7.940
2021-09-17,5.9927,6.0593,5.8690,5.9261,0.008,7.844
2021-09-20,5.8785,5.9832,5.5171,5.6312,0.031,7.750
2021-09-21,5.6312,6.2113,5.5361,6.1449,0.035,7.642
2021-09-22,6.0498,6.3637,5.8690,6.2495,0.006,7.534
2021-09-23,6.3066,6.3066,6.0307,6.0878,0.007,7.452
2021-09-24,6.0688,6.1449,5.8310,6.1068,0.008,7.370
2021-09-27,6.0212,6.0212,5.7073,6.0212,0.008,7.295
2021-09-28,5.9451,5.9451,5.7168,5.7929,0.005,7.236
2021-09-29,5.7834,5.8215,5.7073,5.8215,0.020,7.168
2021-09-30,5.8833,5.9450,5.7263,5.7739,0.006,7.102
2021-10-01,5.9927,5.9927,5.9927,5.9927,0.001,7.038
2021-10-04,5.9071,5.9071,5.7168,5.7739,0.011,6.973
2021-10-05,5.7073,5.8215,5.7073,5.7834,0.017,6.908
2021-10-06,5.7929,5.7929,5.7073,5.7359,0.014,6.838
2021-10-07,5.8500,5.8881,5.7073,5.8310,0.009,6.772
2021-10-08,5.7454,5.8595,5.7263,5.7834,0.006,6.711
2021-10-11,5.8500,5.9309,5.7834,5.7835,0.002,6.656
2021-10-12,5.8881,5.8976,5.7073,5.8405,0.014,6.597
2021-10-13,5.8077,5.8077,5.7074,5.7739,0.005,6.539
2021-10-14,5.7644,5.8215,5.6122,5.6122,0.013,6.482
2021-10-15,5.6883,5.7484,5.3554,5.5837,0.015,6.447
2021-10-18,5.4695,5.5268,5.3649,5.3753,0.026,6.403
2021-10-19,5.3839,5.4553,5.3649,5.3649,0.015,6.358
2021-10-20,5.4410,5.6536,5.3744,5.5266,0.007,6.319
2021-10-21,5.6883,5.7928,5.4330,5.5361,0.007,6.285
2021-10-22,5.5837,5.5837,5.2603,5.2603,0.016,6.246
2021-10-25,5.4029,5.4029,4.9178,4.9559,0.039,6.202
2021-10-26,5.2031,5.2031,4.9559,4.9559,0.009,6.165
2021-10-27,5.0129,5.0430,4.9368,4.9368,0.007,6.137
2021-10-28,4.9939,5.1366,4.9654,4.9939,0.016,6.099
2021-10-29,5.2013,6.0403,5.0224,5.5932,0.185,6.071
2021-11-01,5.4981,5.5694,5.3173,5.4600,0.025,6.037
2021-11-02,5.4029,5.6978,5.3459,5.6503,0.036,6.001
2021-11-03,5.6884,5.7739,5.3744,5.7733,0.019,5.966
2021-11-04,5.9166,6.0518,5.7073,5.8690,0.027,5.934
2021-11-05,5.8881,5.9356,5.6122,5.7834,0.020,5.897
2021-11-08,5.8015,5.9356,5.6408,5.9356,0.007,5.868
2021-11-09,5.7073,5.8024,5.2317,5.6027,0.032,5.841
2021-11-10,5.2698,5.5646,5.2698,5.3744,0.011,5.812
2021-11-11,5.3744,5.3744,5.1366,5.2793,0.013,5.781
2021-11-12,5.1842,5.4505,5.1842,5.2888,0.009,5.752
2021-11-15,5.4315,9.1317,5.3839,6.3732,36.601,5.749
2021-11-16,5.5266,6.0783,5.5171,6.0403,0.908,5.741
2021-11-17,5.8976,6.4207,5.7263,6.1924,0.457,5.744
2021-11-18,6.3827,6.4207,5.3554,5.6598,0.275,5.732
2021-11-19,5.5742,5.7834,5.3363,5.5361,0.133,5.716
2021-11-22,5.4315,5.6693,4.8227,4.8227,0.230,5.686
2021-11-23,4.8132,5.0129,4.6610,4.8037,0.104,5.663
2021-11-24,4.7846,4.9844,4.6991,4.8417,0.080,5.638
2021-11-26,4.8607,4.9273,4.5754,4.8702,0.046,5.614
2021-11-29,4.9844,5.3267,4.8322,4.8893,0.387,5.593
2021-11-30,4.8988,4.9559,4.3471,4.4993,0.268,5.571
2021-12-01,4.6039,4.8374,4.0332,4.0522,0.226,5.529
2021-12-02,4.1093,4.6324,4.0523,4.2995,0.083,5.490
2021-12-03,4.3471,4.4422,3.8049,4.1378,0.095,5.451
2021-12-06,4.1283,4.1283,3.8715,4.0237,0.049,5.409
2021-12-07,4.0427,4.4992,4.0427,4.2995,0.072,5.375
2021-12-08,4.3661,4.5278,4.2900,4.4707,0.019,5.348
2021-12-09,4.4422,4.5849,4.2139,4.2424,0.034,5.317
2021-12-10,4.2234,4.6610,4.1714,4.2615,0.108,5.287
2021-12-13,4.2424,4.3851,4.1473,4.2710,0.028,5.252
2021-12-14,4.2234,4.2520,3.9238,4.0142,0.072,5.217
2021-12-15,4.0332,4.3281,3.9190,4.2139,0.041,5.185
2021-12-16,4.2139,4.4232,4.1378,4.1378,0.023,5.154
2021-12-17,4.0522,4.1188,3.9856,4.1093,0.024,5.119
2021-12-20,4.1093,4.3090,4.0237,4.2995,0.030,5.089
2021-12-21,4.2805,4.3754,4.1665,4.2329,0.025,5.058
2021-12-22,4.1949,4.6229,4.1854,4.4137,0.026,5.030
2021-12-23,4.3661,4.4707,4.2900,4.3376,0.020,5.001
2021-12-27,4.3661,4.6324,4.3661,4.5849,0.023,4.981
2021-12-28,4.5849,4.6134,4.4042,4.4327,0.067,4.958
2021-12-29,4.4232,4.4802,4.0617,4.1711,0.075,4.934
2021-12-30,4.1283,4.2710,4.0427,4.2234,0.037,4.911
2021-12-31,4.2424,4.4231,4.0807,4.2520,0.079,4.885
2022-01-03,4.2805,4.6229,4.1759,4.6088,0.059,4.867
2022-01-04,4.5278,4.6038,4.3756,4.4612,0.011,4.851
2022-01-05,4.5849,5.9451,4.1663,4.1901,3.289,4.835
2022-01-06,4.0807,4.1663,3.8049,3.8905,0.176,4.814
2022-01-07,3.8524,3.9742,3.7383,3.8334,0.066,4.792
2022-01-10,3.8239,4.0142,3.5956,3.9285,0.117,4.771
2022-01-11,3.9268,4.1283,3.8988,4.0617,0.031,4.740
2022-01-12,4.1093,4.1093,3.9048,4.0284,0.017,4.711
2022-01-13,4.0236,4.1949,3.9000,4.1188,0.053,4.681
2022-01-14,4.0712,4.0902,3.9571,4.0712,0.009,4.647
2022-01-18,4.0046,4.0427,3.8524,3.9095,0.038,4.608
2022-01-19,3.9095,3.9476,3.7763,3.8239,0.019,4.568
2022-01-20,3.8240,4.0427,3.7763,3.8905,0.049,4.527
2022-01-21,3.8620,3.8620,3.5766,3.7002,0.033,4.489
2022-01-24,3.5671,3.5820,3.2721,3.4720,0.071,4.451
2022-01-25,3.4434,3.7240,3.3770,3.5956,0.034,4.418
2022-01-26,3.6337,3.7478,3.3293,3.3673,0.084,4.379
2022-01-27,3.3388,3.5861,2.8537,2.9963,0.198,4.312
2022-01-28,3.0439,3.1771,2.8061,2.8727,0.201,4.248
2022-01-31,2.9678,3.2579,2.9298,3.0820,0.105,4.186
2022-02-01,3.1771,3.3198,2.9488,3.1390,0.118,4.136
2022-02-02,3.1390,3.1961,2.8346,2.9202,0.090,4.083
2022-02-03,2.8798,3.0154,2.8251,2.9583,0.154,4.046
2022-02-04,2.9916,3.1391,2.9393,3.0915,0.024,4.012
2022-02-07,3.1010,3.1866,3.0534,3.1485,0.012,3.978
2022-02-08,3.1485,3.1675,3.0344,3.1675,0.013,3.944
2022-02-09,3.1676,3.2246,3.1676,3.1961,0.017,3.910
2022-02-10,3.1010,3.2342,3.0535,3.0629,0.021,3.881
2022-02-11,3.0629,3.0820,2.9488,2.9963,0.026,3.860
2022-02-14,3.0439,3.1914,3.0059,3.1295,0.023,3.837
2022-02-15,3.2246,3.2532,3.1485,3.2056,0.011,3.818
2022-02-16,3.1961,3.3102,3.1961,3.2627,0.009,3.803
2022-02-17,3.2532,3.3673,3.2199,3.2817,0.020,3.783
2022-02-18,3.3768,3.3768,3.1295,3.2056,0.020,3.757
2022-02-22,3.1676,3.2246,3.0154,3.0439,0.021,3.733
2022-02-23,3.0344,3.0439,2.8727,2.8822,0.020,3.706
2022-02-24,2.8061,4.1854,2.8061,3.1010,4.372,3.682
2022-02-25,3.1105,3.4815,2.9583,3.3293,0.578,3.669
2022-02-28,3.3102,3.5019,2.9107,3.4054,0.314,3.652
2022-03-01,3.3388,3.6051,3.1106,3.4910,0.126,3.640
2022-03-02,3.4624,3.5671,3.2627,3.3293,0.140,3.624
2022-03-03,3.2912,3.4493,3.1485,3.1485,0.061,3.601
2022-03-04,3.1076,3.2009,3.0059,3.1961,0.044,3.580
2022-03-07,3.1485,3.1980,2.9868,3.0629,0.060,3.553
2022-03-08,3.0059,4.2995,2.9773,4.1093,2.204,3.549
2022-03-09,3.6907,3.9440,3.2722,3.5195,0.652,3.527
2022-03-10,3.3768,3.6860,3.3198,3.4815,0.208,3.508
2022-03-11,3.4815,3.6717,3.2337,3.2817,0.099,3.491
2022-03-14,3.1581,3.2722,3.0534,3.1105,0.238,3.468
2022-03-15,3.0534,3.2246,3.0249,3.1105,0.076,3.445
2022-03-16,3.1390,3.3007,3.0439,3.2437,0.207,3.418
2022-03-17,3.1961,3.4529,3.1866,3.3863,0.128,3.397
2022-03-18,3.4624,3.6608,3.4339,3.5100,0.183,3.383
2022-03-21,3.5956,3.7288,3.3863,3.5100,0.454,3.375
2022-03-22,3.4624,3.6527,3.4244,3.4910,0.221,3.369
2022-03-23,3.6432,3.9190,3.4530,3.6527,0.869,3.363
2022-03-24,3.6527,3.6527,3.4339,3.4720,0.125,3.351
2022-03-25,3.4434,3.4814,3.1581,3.2246,0.083,3.335
2022-03-28,3.2437,3.2722,3.1581,3.1961,0.112,3.317
2022-03-29,3.2056,3.2627,3.1391,3.2246,0.053,3.300
2022-03-30,3.0915,3.2770,3.0915,3.1390,0.097,3.284
2022-03-31,3.1676,3.1676,3.0724,3.1010,0.045,3.270
2022-04-01,3.0534,3.1390,3.0439,3.0629,0.134,3.253
2022-04-04,3.0867,3.1771,3.0629,3.1010,0.134,3.241
2022-04-05,3.1105,3.1105,2.9583,3.0154,0.068,3.232
2022-04-06,3.0439,3.0439,2.8537,2.9202,0.099,3.219
2022-04-07,2.9012,2.9202,2.8441,2.8917,0.043,3.209
2022-04-08,2.8822,2.8822,2.7395,2.7776,0.121,3.205
2022-04-11,2.7110,2.8632,2.7110,2.8251,0.027,3.204
2022-04-12,2.8346,2.8727,2.7490,2.8346,0.045,3.199
2022-04-13,2.7966,2.9104,2.7966,2.8726,0.031,3.194
2022-04-14,2.9202,2.9202,2.7871,2.7966,0.022,3.191
2022-04-18,2.7490,2.7782,2.7015,2.7395,0.067,3.187
2022-04-19,2.7585,2.9393,2.7585,2.7776,0.128,3.180
2022-04-20,2.7776,2.8822,2.7776,2.8632,0.084,3.175
2022-04-21,2.8727,2.8822,2.6444,2.6920,0.038,3.165
2022-04-22,2.6314,2.8042,2.5873,2.7300,0.090,3.156
2022-04-25,2.6730,2.7205,2.5398,2.5778,0.053,3.146
2022-04-26,2.5588,2.5683,2.4732,2.5112,0.041,3.137
2022-04-27,2.4827,2.5683,2.4541,2.4736,0.031,3.123
2022-04-28,2.5683,2.5683,2.4732,2.5017,0.032,3.109
2022-04-29,2.5207,2.5493,2.4922,2.5207,0.021,3.095
2022-05-02,2.5493,2.5493,2.5112,2.5398,0.012,3.080
2022-05-03,2.5398,2.5873,2.5398,2.5588,0.027,3.067
2022-05-04,2.5777,2.6824,2.5588,2.6729,0.025,3.059
2022-05-05,2.6682,2.6919,2.4827,2.4827,0.038,3.051
2022-05-06,2.4827,2.4827,2.3971,2.4637,0.017,3.039
2022-05-09,2.3781,2.3952,2.3305,2.3876,0.046,3.020
2022-05-10,2.3305,2.3971,2.2829,2.3590,0.022,2.999
2022-05-11,2.3400,2.3400,2.1688,2.1720,0.033,2.972
2022-05-12,2.1878,2.2829,2.1819,2.2449,0.019,2.951
2022-05-13,2.3781,2.4042,2.3400,2.3781,0.026,2.935
2022-05-16,2.3115,2.4637,2.3115,2.3590,0.015,2.919
2022-05-17,2.3734,2.5207,2.3734,2.5207,0.006,2.908
2022-05-18,2.3876,2.5206,2.3495,2.4732,0.016,2.875
2022-05-19,2.4827,2.5112,2.4256,2.4351,0.029,2.853
2022-05-20,2.4814,2.4826,2.3440,2.4256,0.014,2.832
2022-05-23,2.4352,2.5207,2.4351,2.4922,0.003,2.816
2022-05-24,2.5302,2.5302,2.3971,2.4922,0.015,2.804
2022-05-25,2.5302,2.6444,2.5302,2.5683,0.013,2.793
2022-05-26,2.6729,2.7490,2.6183,2.7300,0.006,2.783
2022-05-27,2.6349,2.7681,2.6349,2.7585,0.013,2.770
2022-05-31,2.8251,2.8251,2.6824,2.8061,0.013,2.756
2022-06-01,2.7681,2.8013,2.6254,2.6539,0.007,2.739
2022-06-02,2.6349,2.6885,2.6159,2.6587,0.009,2.723
2022-06-03,2.6254,2.7015,2.5683,2.7015,0.007,2.704
2022-06-06,2.6539,2.7110,2.6072,2.6159,0.025,2.686
2022-06-07,2.6824,2.6824,2.4732,2.5683,0.023,2.673
2022-06-08,2.5398,2.6274,2.4351,2.5016,0.028,2.659
2022-06-09,2.4161,2.4921,2.3590,2.4056,0.049,2.643
2022-06-10,2.3590,2.4066,2.3401,2.3685,0.008,2.628
2022-06-13,2.3686,2.4827,2.3305,2.3702,0.064,2.613
2022-06-14,2.3723,2.3723,2.3210,2.3305,0.014,2.598
2022-06-15,2.4446,2.4446,2.3020,2.3590,0.006,2.584
2022-06-16,2.2829,2.3020,2.2829,2.2924,0.003,2.569
2022-06-17,2.2924,2.3876,2.2924,2.3305,0.013,2.557
2022-06-21,2.2829,2.4066,2.2829,2.3971,0.010,2.547
2022-06-22,2.3305,2.4065,2.3305,2.3971,0.009,2.540
2022-06-23,2.3970,2.5112,2.3923,2.4066,0.004,2.531
2022-06-24,2.4066,3.4054,2.4066,2.6063,1.173,2.527
2022-06-27,2.6159,2.6196,2.4066,2.5828,0.058,2.521
2022-06-28,2.5632,2.6034,2.4351,2.5683,0.029,2.516
2022-06-29,2.5492,2.8061,2.5017,2.6444,0.096,2.515
2022-06-30,2.5778,2.5873,2.5112,2.5778,0.012,2.511
2022-07-01,2.5968,2.8061,2.5635,2.6729,0.032,2.507
2022-07-05,2.5873,2.6634,2.5839,2.6444,0.009,2.506
2022-07-06,2.6824,2.7110,2.6539,2.7110,0.006,2.505
2022-07-07,2.6977,2.7585,2.6977,2.7439,0.010,2.509
2022-07-08,2.7015,2.8061,2.6729,2.7871,0.006,2.514
2022-07-11,2.7490,2.8917,2.7048,2.8632,0.042,2.522
2022-07-12,2.7776,2.8632,2.5873,2.6254,0.021,2.525
2022-07-13,2.7490,2.8251,2.6254,2.7681,0.012,2.529
2022-07-14,2.7776,2.8346,2.5968,2.6539,0.018,2.532
2022-07-15,2.7585,2.7870,2.6539,2.7300,0.014,2.535
2022-07-18,2.7205,2.8822,2.7129,2.8537,0.020,2.539
2022-07-19,2.8727,2.9488,2.7681,2.7871,0.017,2.545
2022-07-20,2.8537,2.9488,2.7776,2.8061,0.017,2.552
2022-07-21,2.8080,2.9488,2.7585,2.8346,0.018,2.561
2022-07-22,2.8061,2.8251,2.6824,2.7300,0.009,2.568
2022-07-25,2.6729,2.7490,2.6729,2.7490,0.003,2.580
2022-07-26,2.7015,2.7015,2.6634,2.6634,0.001,2.588
2022-07-27,2.7014,2.7110,2.6254,2.6444,0.006,2.593
2022-07-28,2.6729,2.6824,2.6349,2.6349,0.003,2.599
2022-07-29,2.7585,2.7585,2.6444,2.6539,0.005,2.602
2022-08-01,2.6532,2.6824,2.6349,2.6349,0.008,2.605
2022-08-02,2.6745,2.7776,2.6745,2.7395,0.010,2.611
2022-08-03,2.7823,2.8727,2.7585,2.8346,0.014,2.619
2022-08-04,2.8441,2.8441,2.7585,2.7776,0.006,2.625
2022-08-05,2.7951,2.8061,2.7951,2.8061,0.001,2.631
2022-08-08,2.7490,3.0057,2.7490,2.9773,0.047,2.639
2022-08-09,2.8917,3.9951,2.8632,3.5005,1.397,2.655
2022-08-10,4.4517,4.5183,3.3483,3.8715,12.494,2.677
2022-08-11,3.6242,4.7561,3.4815,4.0902,1.428,2.703
2022-08-12,3.8239,4.2044,3.7301,3.7859,0.297,2.725
2022-08-15,3.8049,3.8905,3.4339,3.5576,0.161,2.743
2022-08-16,3.4529,3.5195,2.8537,2.9488,0.314,2.748
2022-08-17,3.1010,3.3293,2.9038,3.1961,0.269,2.760
2022-08-18,3.0915,3.1961,3.0059,3.1295,0.038,2.771
2022-08-19,3.1485,3.2342,2.9583,3.0915,0.050,2.783
2022-08-22,3.1676,3.1771,2.9868,3.1485,0.023,2.798
2022-08-23,3.1961,3.5100,3.1961,3.4339,0.060,2.819
2022-08-24,3.3673,3.9285,3.3312,3.7573,0.114,2.847
2022-08-25,3.7573,3.9284,3.4529,3.5576,0.054,2.871
2022-08-26,3.5290,3.5290,3.2437,3.3673,0.024,2.891
2022-08-29,3.3007,3.4339,3.2817,3.4054,0.013,2.914
2022-08-30,3.2972,3.5100,3.2733,3.4910,0.022,2.937
2022-08-31,3.5766,3.5766,3.3578,3.4434,0.063,2.958
2022-09-01,3.3578,3.4244,3.2817,3.3388,0.010,2.977
2022-09-02,3.3007,3.3919,3.0915,3.1771,0.010,2.992
2022-09-06,3.1485,3.3483,2.9963,3.1866,0.076,3.004
2022-09-07,3.2246,3.3388,2.9963,3.1010,0.109,3.014
2022-09-08,3.0440,3.1486,3.0059,3.0249,0.027,3.023
2022-09-09,3.1295,3.2722,2.7015,2.8251,0.195,3.027
2022-09-12,2.8061,2.9678,2.6349,2.7110,0.095,3.029
2022-09-13,2.7776,2.8061,2.6920,2.7490,0.022,3.031
2022-09-14,2.7871,2.7981,2.7015,2.7205,0.007,3.032
2022-09-15,2.7681,2.7776,2.5778,2.6159,0.039,3.030
2022-09-16,2.6063,2.7205,2.5112,2.5112,0.058,3.026
2022-09-19,2.4541,2.5873,2.4541,2.5588,0.018,3.021
2022-09-20,2.4922,2.5778,2.4732,2.5112,0.012,3.014
2022-09-21,2.4637,2.5588,2.4637,2.5017,0.010,3.012
2022-09-22,2.4827,2.4827,2.2829,2.2924,0.044,3.002
2022-09-23,2.2829,2.2829,2.1402,2.2259,0.043,2.994
2022-09-26,2.1878,2.2639,2.1498,2.2449,0.025,2.984
2022-09-27,2.2068,2.3400,2.2068,2.2544,0.018,2.972
2022-09-28,2.2352,2.4256,2.2352,2.3590,0.025,2.963
2022-09-29,3.2056,3.2722,2.6254,2.6254,1.145,2.960
2022-09-30,2.6634,2.8346,2.6540,2.6729,0.106,2.957
2022-10-03,2.7585,2.8061,2.4066,2.4732,0.208,2.951
2022-10-04,2.5968,3.1676,2.4351,2.9963,0.212,2.956
2022-10-05,2.9773,3.6622,2.9298,3.3768,0.195,2.971
2022-10-06,3.7288,3.7288,3.2912,3.3768,0.072,2.985
2022-10-07,3.3102,3.5100,3.2817,3.5100,0.062,3.003
2022-10-10,3.5100,3.5671,3.4054,3.4054,0.016,3.018
2022-10-11,3.3578,3.6004,3.3483,3.5195,0.013,3.036
2022-10-12,3.4434,3.6907,3.3863,3.6622,0.037,3.054
2022-10-13,3.5481,3.9856,3.5481,3.9381,0.066,3.076
2022-10-14,3.8620,4.1473,3.8620,4.1283,0.066,3.103
2022-10-17,4.1854,4.2520,3.9000,4.0776,0.062,3.129
2022-10-18,4.1759,4.2329,3.8905,3.9951,0.021,3.149
2022-10-19,3.9666,4.0522,3.6147,3.8620,0.030,3.156
2022-10-20,3.9000,3.9476,3.7763,3.8144,0.031,3.155
2022-10-21,3.7764,3.9761,3.7764,3.9095,0.018,3.151
2022-10-24,3.9095,3.9285,3.8049,3.9000,0.010,3.154
2022-10-25,3.9172,3.9761,3.8155,3.8334,0.015,3.159
2022-10-26,3.9951,4.0284,3.8430,3.8620,0.010,3.177
2022-10-27,4.0142,4.1389,3.9285,4.0712,0.049,3.195
2022-10-28,4.1568,4.2196,4.0570,4.2139,0.015,3.217
2022-10-31,4.1568,4.2710,4.0998,4.1568,0.028,3.238
2022-11-01,4.1854,4.2995,4.0712,4.2234,0.011,3.259
2022-11-02,4.1345,4.3756,4.1284,4.1473,0.006,3.274
2022-11-03,4.1473,4.2995,4.1378,4.2710,0.012,3.284
2022-11-04,4.2615,4.4327,4.1854,4.3804,0.014,3.300
2022-11-07,4.2615,4.4232,4.2410,4.3566,0.008,3.320
2022-11-08,4.3851,4.4422,4.2805,4.4327,0.014,3.341
2022-11-09,4.4042,4.4707,4.3281,4.3471,0.007,3.358
2022-11-10,4.3756,4.3756,4.0817,4.1188,0.011,3.371
2022-11-11,3.9190,4.0142,3.2151,3.3959,0.069,3.372
2022-11-14,3.3768,3.3768,3.1485,3.2342,0.017,3.374
2022-11-15,3.3102,3.4624,3.2817,3.4624,0.011,3.379
2022-11-16,3.4720,3.4720,3.3483,3.3959,0.004,3.385
2022-11-17,3.3483,3.5005,3.2265,3.4149,0.010,3.393
2022-11-18,3.5100,3.5861,3.3768,3.4149,0.010,3.405
2022-11-21,3.4244,3.4244,3.2817,3.3545,0.003,3.418
2022-11-22,3.2817,3.3672,3.2627,3.3102,0.009,3.429
2022-11-23,3.3007,3.3150,3.2056,3.3007,0.016,3.440
2022-11-25,3.4814,3.4814,3.4814,3.4814,0.001,3.458
2022-11-28,3.3768,3.4815,3.3198,3.3959,0.007,3.475
2022-11-29,3.3959,3.4339,3.3405,3.3863,0.002,3.492
2022-11-30,3.3843,3.4244,3.3843,3.4244,0.001,3.510
2022-12-01,3.3768,3.4720,3.3245,3.4720,0.005,3.530
2022-12-02,3.5578,3.5578,3.5148,3.5148,0.002,3.554
2022-12-05,3.5074,3.5481,3.4054,3.4149,0.006,3.578
2022-12-06,3.3768,3.4529,3.2817,3.3110,0.002,3.599
2022-12-07,3.3198,3.4044,3.2056,3.4006,0.010,3.622
2022-12-08,3.4148,3.4148,3.3102,3.3102,0.003,3.641
2022-12-09,3.2246,3.3067,3.2246,3.2912,0.001,3.654
2022-12-12,3.2532,3.2627,3.1961,3.2056,0.005,3.665
2022-12-13,3.2437,3.2437,3.1771,3.1771,0.002,3.679
2022-12-14,3.1581,3.1973,3.0553,3.0629,0.007,3.680
2022-12-15,3.1723,3.1723,3.1200,3.1200,0.007,3.675
2022-12-16,3.1152,3.1152,3.0154,3.0629,0.006,3.669
2022-12-19,3.1248,3.1248,2.9488,2.9583,0.015,3.658
2022-12-20,2.9012,2.9107,2.8822,2.8823,0.002,3.648
2022-12-21,2.8251,3.1104,2.8251,2.9202,0.007,3.636
2022-12-22,2.9202,2.9202,2.8299,2.8727,0.002,3.620
2022-12-23,2.8632,2.8632,2.7490,2.8137,0.003,3.597
2022-12-27,2.8156,2.8156,2.6444,2.6444,0.002,3.568
2022-12-28,2.5493,2.6549,2.5493,2.6063,0.023,3.538
2022-12-29,2.5398,2.8156,2.5398,2.8061,0.016,3.514
2022-12-30,2.6918,2.8156,2.6918,2.8156,0.005,3.493
2023-01-03,2.7395,2.7844,2.7224,2.7585,0.006,3.472
2023-01-04,2.8156,2.8156,2.7490,2.7490,0.003,3.449
2023-01-05,2.7300,2.7395,2.7300,2.7395,0.000,3.426
2023-01-06,2.7681,2.8441,2.7491,2.7491,0.005,3.404
2023-01-09,2.8441,3.1581,2.8441,3.1390,0.045,3.390
2023-01-10,3.1533,3.2722,2.8537,3.0820,0.036,3.370
2023-01-11,3.0820,3.1581,3.0820,3.0820,0.004,3.347
2023-01-12,3.0440,3.1581,3.0440,3.1438,0.003,3.327
2023-01-13,3.2342,3.2342,3.1152,3.1628,0.017,3.306
2023-01-17,3.1866,3.1961,3.1200,3.1200,0.013,3.285
2023-01-18,3.1677,3.2152,3.0439,3.0632,0.004,3.261
2023-01-19,3.0154,3.0154,3.0154,3.0154,0.000,3.234
2023-01-20,3.1390,3.2056,3.1390,3.2056,0.005,3.211
2023-01-23,3.0915,3.1587,3.0915,3.1485,0.002,3.185
2023-01-24,3.2817,3.3768,3.1676,3.1866,0.012,3.162
2023-01-25,3.1200,3.3066,3.0915,3.1485,0.014,3.143
2023-01-26,3.1485,3.2189,3.1485,3.2189,0.004,3.139
2023-01-27,3.2532,3.2721,3.1010,3.2056,0.010,3.138
2023-01-30,3.1581,3.2322,3.1390,3.1390,0.003,3.132
2023-01-31,3.1485,3.1771,3.0534,3.1771,0.007,3.128
2023-02-01,3.2151,3.2342,3.1771,3.2342,0.002,3.124
2023-02-02,3.2912,3.3387,3.2722,3.3102,0.008,3.122
2023-02-03,3.3102,3.3901,3.2722,3.2722,0.007,3.120
2023-02-06,3.2532,3.3245,3.2532,3.3198,0.001,3.120
2023-02-07,3.3959,3.4529,3.3293,3.3293,0.006,3.121
2023-02-08,3.3768,3.3768,3.1677,3.2627,0.001,3.117
2023-02-09,3.2437,3.2437,3.2246,3.2437,0.002,3.114
2023-02-10,3.2342,3.3292,3.1771,3.3102,0.011,3.112
2023-02-13,3.3293,3.3673,3.2437,3.3673,0.001,3.111
2023-02-14,3.3051,3.4054,3.2533,3.3673,0.008,3.109
2023-02-15,3.4434,3.4434,3.2627,3.4244,0.002,3.107
2023-02-16,3.4910,3.4910,3.2817,3.3768,0.001,3.106
2023-02-17,3.3483,3.3483,3.3198,3.3198,0.005,3.106
2023-02-21,3.3007,3.3829,3.2571,3.3829,0.002,3.106
2023-02-22,3.3423,3.4075,3.2151,3.4075,0.013,3.108
2023-02-23,3.4149,3.4149,3.2151,3.3198,0.004,3.109
2023-02-24,3.3031,3.3031,3.3031,3.3031,0.000,3.111
2023-02-27,3.1847,3.2817,3.1486,3.2627,0.003,3.112
2023-02-28,3.2856,3.2856,3.2246,3.2246,0.001,3.116
2023-03-01,3.1581,3.2056,3.1486,3.2056,0.001,3.117
2023-03-02,3.1485,3.1485,3.1485,3.1485,0.001,3.119
2023-03-03,3.1866,3.2361,3.1866,3.2056,0.003,3.124
2023-03-06,3.2151,3.2437,2.8821,3.0629,0.011,3.127
2023-03-07,3.0060,3.0119,2.8822,2.8822,0.004,3.127
2023-03-08,2.9507,2.9507,2.8061,2.8537,0.002,3.126
2023-03-09,2.8260,2.8260,2.7015,2.7015,0.007,3.124
2023-03-10,2.7395,2.7395,2.6634,2.6634,0.002,3.124
2023-03-13,2.5778,2.9726,2.5778,2.6444,0.010,3.125
2023-03-14,2.8061,2.8917,2.6729,2.6729,0.001,3.123
2023-03-15,2.6808,2.6808,2.6539,2.6634,0.001,3.120
2023-03-16,2.7585,2.9963,2.7585,2.8346,0.016,3.121
2023-03-17,2.8156,2.8537,2.7585,2.8537,0.003,3.123
2023-03-20,2.9012,2.9869,2.7681,2.7871,0.017,3.124
2023-03-21,2.8537,2.9487,2.8062,2.8251,0.002,3.126
2023-03-22,2.9107,3.0439,2.8251,2.8346,0.015,3.120
2023-03-23,2.8822,2.8822,2.8822,2.8822,0.005,3.116
2023-03-24,2.9393,2.9440,2.9012,2.9012,0.001,3.112
2023-03-27,2.9060,2.9298,2.9060,2.9298,0.002,3.108
2023-03-28,2.9299,2.9299,2.8156,2.8156,0.002,3.101
2023-03-29,2.8978,2.9298,2.8483,2.8822,0.014,3.096
2023-03-30,2.9298,2.9963,2.8727,2.8727,0.004,3.092
2023-03-31,2.9202,3.0141,2.8851,2.9012,0.013,3.090
2023-04-03,2.9583,2.9583,2.9317,2.9365,0.003,3.084
2023-04-04,2.9488,3.0059,2.9393,3.0011,0.006,3.082
2023-04-05,3.0154,3.0154,2.9488,2.9678,0.009,3.077
2023-04-06,2.9678,2.9678,2.9678,2.9678,0.001,3.074
2023-04-10,2.9678,3.0915,2.9678,2.9774,0.014,3.069
2023-04-11,2.9868,3.0629,2.9583,3.0629,0.004,3.066
2023-04-12,3.0679,3.0915,3.0058,3.0344,0.006,3.064
2023-04-13,3.0912,3.1581,3.0677,3.1581,0.008,3.063
2023-04-14,3.1771,3.1771,3.0177,3.0177,0.011,3.059
2023-04-17,3.1678,3.1678,3.0440,3.0761,0.002,3.054
2023-04-18,3.0957,3.0957,3.0439,3.0439,0.001,3.050
2023-04-19,3.1200,3.1390,3.0915,3.0915,0.001,3.045
2023-04-20,3.1152,3.1152,3.0797,3.1105,0.001,3.041
2023-04-21,3.1865,3.1865,2.9012,3.0534,0.012,3.037
2023-04-24,2.9618,3.0726,2.9618,3.0724,0.001,3.033
2023-04-25,2.9678,3.0344,2.9488,3.0344,0.008,3.028
2023-04-26,3.0344,3.0724,3.0249,3.0629,0.001,3.022
2023-04-27,3.0452,3.0534,2.9963,3.0296,0.002,3.015
2023-04-28,2.9393,3.0330,2.9393,3.0059,0.003,3.007
2023-05-01,2.9773,2.9868,2.9773,2.9773,0.002,2.999
2023-05-02,2.9393,2.9546,2.9298,2.9394,0.003,2.991
2023-05-03,2.9107,2.9107,2.8917,2.8917,0.002,2.981
2023-05-04,2.9267,2.9298,2.9267,2.9298,0.001,2.972
2023-05-05,2.8791,2.9298,2.8791,2.9012,0.011,2.963
2023-05-08,2.9107,2.9697,2.8917,2.8917,0.003,2.955
2023-05-09,2.9393,2.9488,2.8061,2.9488,0.015,2.949
2023-05-10,2.9336,2.9678,2.8537,2.9678,0.008,2.944
2023-05-11,2.8984,2.9488,2.8299,2.8299,0.013,2.936
2023-05-12,2.8061,3.0344,2.8061,3.0344,0.001,2.934
2023-05-15,3.0249,3.0249,2.9488,2.9773,0.005,2.929
2023-05-16,2.9488,2.9631,2.9488,2.9515,0.005,2.927
2023-05-17,2.9488,2.9491,2.9488,2.9488,0.009,2.928
2023-05-18,2.8917,2.8917,2.8632,2.8632,0.005,2.928
2023-05-19,2.9012,2.9544,2.8727,2.8727,0.002,2.932
2023-05-22,2.8728,2.9202,2.8728,2.9202,0.001,2.937
2023-05-23,2.9107,2.9107,2.9107,2.9107,0.002,2.942
2023-05-24,2.8632,3.0819,2.8537,3.0819,0.006,2.951
2023-05-25,3.0629,3.0629,3.0059,3.0439,0.002,2.958
2023-05-26,3.0344,3.1295,2.9868,3.0915,0.009,2.963
2023-05-30,3.0940,3.0940,3.0344,3.0344,0.008,2.967
2023-05-31,3.0439,3.0439,2.9963,3.0154,0.005,2.971
2023-06-01,2.9994,3.0154,2.9994,3.0154,0.002,2.975
2023-06-02,3.0629,3.0629,2.9773,2.9773,0.010,2.978
2023-06-05,3.0820,3.0820,2.9963,3.0021,0.009,2.981
2023-06-06,2.9488,3.0723,2.9488,2.9963,0.004,2.982
2023-06-07,3.0268,3.0268,2.9298,2.9298,0.003,2.982
2023-06-08,2.9583,2.9773,2.9298,2.9631,0.007,2.985
2023-06-09,2.9868,2.9868,2.8632,2.9583,0.007,2.987
2023-06-12,2.9107,2.9678,2.8822,2.9202,0.002,2.988
2023-06-13,2.9583,2.9583,2.8870,2.8917,0.002,2.988
2023-06-14,2.9298,2.9298,2.9155,2.9298,0.004,2.988
2023-06-15,2.9488,2.9488,2.8888,2.9107,0.003,2.986
2023-06-16,2.9183,2.9488,2.9012,2.9012,0.004,2.984
2023-06-20,2.9012,2.9583,2.8727,2.9012,0.022,2.983
2023-06-21,2.9678,2.9678,2.9678,2.9678,0.002,2.983
2023-06-22,2.9773,2.9961,2.9393,2.9488,0.004,2.981
2023-06-23,3.0059,3.2816,3.0059,3.0963,0.013,2.982
2023-06-26,3.1676,3.3293,3.1676,3.2627,0.008,2.984
2023-06-27,3.3768,3.5100,3.3681,3.3902,0.013,2.991
2023-06-28,3.4815,3.4822,3.2627,3.2627,0.006,2.995
2023-06-29,3.2897,3.2897,3.1581,3.2151,0.006,2.998
2023-06-30,3.1961,3.2056,3.1581,3.2056,0.001,3.001
2023-07-03,3.3007,3.3007,3.2575,3.2575,0.003,3.004
2023-07-05,3.3388,3.3388,3.1486,3.2532,0.003,3.008
2023-07-06,3.2342,3.2342,3.2342,3.2342,0.001,3.011
2023-07-07,3.2341,3.2342,3.2056,3.2294,0.005,3.015
2023-07-10,3.1581,3.2342,3.1581,3.2056,0.003,3.018
2023-07-11,3.2378,3.2378,3.1676,3.1676,0.001,3.020
2023-07-12,3.1295,3.2523,3.1010,3.2523,0.001,3.025
2023-07-13,3.1485,3.2627,3.1485,3.2627,0.002,3.031
2023-07-14,3.2342,3.4624,3.2342,3.3388,0.003,3.039
2023-07-17,3.3198,3.3911,3.2627,3.2627,0.002,3.047
2023-07-18,3.2437,3.4338,3.2437,3.3959,0.004,3.056
2023-07-19,3.1390,3.4381,3.0724,3.1632,0.020,3.061
2023-07-20,3.1010,3.2722,3.1010,3.2592,0.005,3.068
2023-07-21,3.1390,3.3007,3.1390,3.2151,0.001,3.074
2023-07-24,3.1390,3.2437,3.1390,3.1866,0.013,3.078
2023-07-25,3.1866,3.1866,3.1723,3.1771,0.013,3.085
2023-07-26,3.1865,3.1866,3.1485,3.1866,0.006,3.088
2023-07-27,3.1866,3.4160,3.1628,3.3464,0.024,3.095
2023-07-28,3.3673,3.5671,3.3389,3.4720,0.053,3.106
2023-07-31,3.4720,3.5100,3.4244,3.4244,0.004,3.115
2023-08-01,3.4339,3.4339,3.2912,3.3007,0.010,3.124
2023-08-02,3.3482,3.4434,3.2817,3.3673,0.007,3.134
2023-08-03,3.3388,3.3388,3.3388,3.3388,0.001,3.142
2023-08-04,3.3388,3.3545,3.3007,3.3007,0.002,3.150
2023-08-07,3.3181,3.3389,3.3181,3.3388,0.002,3.155
2023-08-08,3.3573,3.3959,3.3293,3.3673,0.006,3.162
2023-08-09,3.5576,3.7288,3.4149,3.6051,0.024,3.172
2023-08-10,3.5376,3.9381,3.5309,3.7859,0.068,3.187
2023-08-11,3.9476,3.9476,3.6813,3.8049,0.006,3.203
2023-08-14,3.8524,3.9000,3.6812,3.7478,0.033,3.218
2023-08-15,3.7098,3.8619,3.7002,3.8239,0.012,3.235
2023-08-16,3.9475,3.9475,3.8049,3.8049,0.012,3.251
2023-08-17,3.7300,3.9100,3.6120,3.9001,0.011,3.269
2023-08-18,3.8500,3.9700,3.7900,3.7900,0.004,3.286
2023-08-21,3.7601,3.8000,3.7000,3.8000,0.002,3.303
2023-08-22,3.7010,3.7010,3.6800,3.6920,0.002,3.317
2023-08-23,3.6900,3.7900,3.6567,3.7100,0.012,3.333
2023-08-24,3.7100,3.8000,3.7100,3.7100,0.002,3.349
2023-08-25,3.9900,3.9900,3.5847,3.6600,0.016,3.364
2023-08-28,3.6700,3.8200,3.6700,3.8200,0.001,3.382
2023-08-29,3.8400,3.8400,3.7300,3.7500,0.004,3.399
2023-08-30,3.7900,3.8299,3.6400,3.7600,0.016,3.416
2023-08-31,3.6700,3.7900,3.6200,3.7799,0.007,3.433
2023-09-01,3.8000,3.8000,3.6600,3.7300,0.008,3.448
2023-09-05,4.0000,4.0000,3.6391,3.7100,0.005,3.460
2023-09-06,3.7100,3.7100,3.4500,3.6000,0.026,3.467
2023-09-07,3.5400,3.5400,3.4400,3.4400,0.004,3.468
2023-09-08,3.3600,3.4000,3.1983,3.4000,0.003,3.471
2023-09-11,3.4900,3.4900,3.4000,3.4300,0.005,3.475
2023-09-12,3.3500,3.3500,3.0801,3.1500,0.025,3.474
2023-09-13,3.1500,3.1899,3.1499,3.1700,0.003,3.472
2023-09-14,3.1600,3.2100,3.1550,3.2085,0.017,3.472
2023-09-15,3.2400,3.2700,3.1800,3.2500,0.005,3.472
2023-09-18,3.1900,3.2700,3.1900,3.2300,0.004,3.472
2023-09-19,3.2548,3.2548,3.2400,3.2400,0.001,3.473
2023-09-20,3.2000,3.2000,3.1800,3.1801,0.006,3.473
2023-09-21,3.1800,3.2000,3.0600,3.1100,0.007,3.470
2023-09-22,3.1400,3.1400,3.1400,3.1400,0.002,3.467
2023-09-25,3.0800,3.1750,3.0750,3.1100,0.002,3.463
2023-09-26,3.0600,3.1500,2.9960,3.0000,0.038,3.458
2023-09-27,3.0000,3.0100,2.9900,3.0100,0.052,3.450
2023-09-28,3.0100,3.1800,3.0100,3.1800,0.010,3.450
2023-09-29,3.0900,3.2800,3.0900,3.2800,0.002,3.451
2023-10-02,3.3100,3.4500,3.3100,3.4500,0.012,3.455
2023-10-03,3.4640,3.4640,3.3700,3.3850,0.009,3.459
2023-10-04,3.3950,3.4600,3.3200,3.3800,0.010,3.463
2023-10-05,3.3300,3.3850,3.3000,3.3100,0.007,3.466
2023-10-06,3.3800,3.4000,3.3800,3.4000,0.004,3.467
2023-10-09,3.4000,3.7800,3.4000,3.5100,0.006,3.468
2023-10-10,3.5426,3.6400,3.5426,3.6000,0.006,3.471
